CustomerID,Age,Gender,AnnualIncome,SpendingScore,LastPurchaseDate,PurchaseCategory
1,25,Other,135670.31,41,2021-03-17,Furniture
2,66,Male,95108.48,93,2022-06-06,Sports
3,40,Female,78276.46,70,2022-06-05,Electronics
4,34,Female,74867.45,85,2022-11-29,Grocery
5,42,Other,136194.42,75,2021-06-30,Furniture
6,44,Male,123673.44,89,2023-04-26,Grocery
7,47,Other,41139.37,44,2021-03-25,Clothing
8,59,Other,72382.22,69,2021-05-02,Furniture
9,58,Other,116358.52,75,2020-09-10,Clothing
10,61,Female,79663.93,22,2020-11-19,Clothing
11,25,Male,20907.52,72,2022-07-04,Grocery
12,40,Other,44596.98,92,2020-07-04,Grocery
13,56,Female,46980.19,86,2021-05-02,Furniture
14,37,Other,121914.45,93,2022-11-24,Sports
15,43,Other,78930.59,36,2020-06-26,Grocery
16,40,Other,103810.04,61,2020-08-27,Furniture
17,21,Other,60245.83,67,2021-01-03,Electronics
18,26,Male,120337.7,22,2023-01-28,Furniture
19,20,Female,138886.25,90,2020-07-24,Sports
20,35,Male,96470.58,45,2023-01-21,Sports
21,58,Male,123282.01,51,2021-10-15,Grocery
22,21,Female,83561.4,20,2022-11-19,Clothing
23,55,Female,116147.47,10,2022-05-04,Furniture
24,42,Other,52099.23,30,2022-10-02,Grocery
25,48,Female,30644.51,75,2021-04-04,Grocery
26,29,Female,24299.77,55,2021-12-16,Clothing
27,43,Female,79550.06,78,2021-05-16,Grocery
28,66,Female,38186.93,50,2020-06-12,Clothing
29,51,Male,105363.87,68,2020-07-05,Electronics
30,44,Other,51948.62,4,2022-12-11,Furniture
31,22,Male,105410.67,89,2021-03-16,Grocery
32,54,Other,35765.57,53,2020-02-27,Grocery
33,44,Female,38848.14,22,2020-09-23,Furniture
34,47,Female,148461.69,59,2020-11-24,Sports
35,47,Male,49462.0,83,2020-05-25,Sports
36,31,Female,144683.3,93,2022-11-10,Furniture
37,21,Male,129603.55,11,2021-10-28,Clothing
38,55,Male,134685.95,44,2021-11-19,Sports
39,18,Female,103214.35,99,2022-04-13,Clothing
40,18,Other,55888.12,74,2020-09-26,Furniture
41,56,Male,148302.19,46,2023-02-01,Furniture
42,54,Male,28071.79,82,2021-08-02,Sports
43,42,Female,121723.97,88,2023-10-19,Electronics
44,41,Female,115883.99,1,2022-12-27,Electronics
45,44,Male,143108.64,98,2020-01-21,Sports
46,54,Other,132056.41,15,2023-06-23,Clothing
47,69,Female,45291.14,22,2022-06-19,Sports
48,61,Other,57138.8,23,2020-12-06,Furniture
49,36,Female,84223.71,90,2020-03-12,Clothing
50,26,Other,40015.55,54,2021-07-06,Furniture
51,53,Other,109927.12,77,2021-10-13,Clothing
52,22,Female,59696.91,71,2022-08-02,Furniture
53,20,Male,67359.51,82,2020-06-13,Grocery
54,63,Female,49642.47,28,2023-11-18,Sports
55,66,Female,137051.34,53,2021-10-06,Clothing
56,37,Other,22021.12,17,2021-02-02,Furniture
57,53,Male,61226.24,80,2020-01-07,Furniture
58,26,Female,125567.92,13,2023-09-12,Grocery
59,42,Other,32512.15,77,2020-10-10,Sports
60,64,Female,133697.2,39,2023-03-22,Grocery
61,32,Other,86435.95,38,2023-02-01,Electronics
62,40,Other,46468.43,57,2020-01-07,Furniture
63,50,Male,75419.19,18,2022-12-28,Furniture
64,32,Male,120465.27,2,2020-02-17,Grocery
65,19,Male,29222.91,2,2023-03-15,Sports
66,45,Other,147367.86,24,2022-12-09,Grocery
67,46,Other,96098.06,15,2022-04-07,Sports
68,62,Female,57967.78,90,2022-11-12,Furniture
69,26,Male,133842.36,18,2023-09-11,Furniture
70,28,Male,38202.91,45,2020-05-29,Furniture
71,35,Other,63452.61,40,2021-01-12,Electronics
72,27,Other,119574.59,74,2020-12-12,Clothing
73,43,Male,115367.61,85,2023-11-28,Electronics
74,22,Other,69229.81,71,2020-06-16,Electronics
75,50,Male,62311.05,61,2022-03-18,Grocery
76,30,Female,106703.75,40,2020-10-13,Furniture
77,54,Male,32688.58,82,2020-04-25,Furniture
78,54,Female,108154.32,1,2022-04-01,Grocery
79,68,Female,113802.07,87,2023-12-07,Clothing
80,39,Female,25924.98,89,2020-08-19,Sports
81,35,Other,85782.49,46,2020-10-29,Furniture
82,62,Other,84335.45,31,2021-10-24,Electronics
83,38,Female,50462.32,20,2022-05-12,Electronics
84,33,Other,20796.95,97,2023-09-02,Clothing
85,68,Other,123012.42,37,2022-03-18,Clothing
86,20,Female,60590.57,38,2022-12-24,Electronics
87,43,Male,135362.63,8,2023-05-13,Sports
88,59,Other,112381.77,12,2023-03-14,Grocery
89,41,Female,61776.0,11,2023-04-21,Electronics
90,35,Other,138489.12,27,2020-02-21,Grocery
91,31,Female,149208.97,76,2023-06-13,Electronics
92,50,Other,131983.86,3,2022-12-10,Sports
93,51,Other,30030.62,11,2023-12-10,Sports
94,63,Other,130730.93,33,2020-02-26,Clothing
95,62,Male,111961.9,82,2021-10-02,Grocery
96,26,Male,138846.56,40,2023-04-01,Electronics
97,41,Other,136634.66,54,2020-09-16,Sports
98,45,Other,124262.35,84,2022-08-28,Clothing
99,26,Other,102013.49,78,2023-05-22,Sports
100,21,Male,115445.19,67,2020-01-02,Electronics
101,30,Male,121830.85,47,2020-07-07,Grocery
102,21,Female,86127.68,91,2022-04-23,Clothing
103,50,Male,142300.51,33,2022-05-10,Grocery
104,55,Female,71244.49,71,2023-01-23,Electronics
105,20,Male,36555.42,95,2021-08-14,Clothing
106,23,Female,84443.32,50,2020-10-11,Grocery
107,21,Male,65232.32,27,2023-01-18,Clothing
108,23,Male,29509.07,43,2021-02-03,Clothing
109,20,Male,148811.09,1,2021-03-23,Sports
110,49,Male,109352.64,37,2021-09-24,Clothing
111,47,Male,62288.86,38,2022-10-01,Electronics
112,66,Male,147379.14,6,2021-12-18,Furniture
113,51,Female,79334.51,22,2020-09-12,Electronics
114,59,Female,80867.75,61,2022-02-10,Grocery
115,32,Female,113587.07,46,2021-12-07,Electronics
116,56,Female,138137.65,38,2021-03-10,Clothing
117,33,Other,106238.7,97,2020-08-04,Electronics
118,42,Male,124199.37,84,2021-06-08,Clothing
119,35,Female,144145.28,1,2023-11-01,Clothing
120,27,Male,93036.15,7,2020-10-10,Clothing
121,32,Female,52614.88,58,2022-02-24,Grocery
122,59,Other,91804.44,31,2021-08-01,Furniture
123,31,Male,49497.37,53,2021-12-31,Grocery
124,52,Female,105726.43,48,2022-10-26,Furniture
125,25,Male,62940.39,26,2021-03-16,Sports
126,68,Male,54632.05,89,2023-07-09,Sports
127,67,Other,57925.52,55,2022-09-27,Electronics
128,49,Female,61733.98,28,2020-10-08,Grocery
129,33,Male,58406.66,57,2020-07-28,Grocery
130,66,Male,81818.62,33,2023-10-29,Sports
131,35,Other,52633.05,19,2021-11-01,Grocery
132,59,Male,88360.42,80,2023-11-03,Furniture
133,55,Female,37723.06,10,2022-12-15,Electronics
134,19,Other,67834.38,56,2022-07-09,Furniture
135,19,Male,142357.97,41,2023-12-17,Electronics
136,51,Female,34617.04,97,2023-06-25,Sports
137,29,Female,37716.62,80,2022-05-07,Furniture
138,51,Female,144086.35,41,2022-06-20,Sports
139,44,Other,129788.64,69,2022-10-09,Clothing
140,19,Female,100375.51,76,2021-10-10,Grocery
141,44,Male,144605.25,81,2021-01-13,Clothing
142,42,Female,46540.75,82,2021-05-11,Furniture
143,58,Male,20571.67,40,2020-12-21,Sports
144,64,Female,33810.27,47,2022-01-12,Electronics
145,25,Other,83600.24,6,2020-03-04,Clothing
146,57,Male,52818.12,55,2023-09-10,Clothing
147,52,Female,140295.17,53,2020-01-31,Furniture
148,30,Other,120083.3,28,2023-04-09,Clothing
149,32,Male,75854.37,69,2020-08-15,Electronics
150,41,Female,24188.36,29,2022-07-05,Clothing
151,59,Female,125869.91,22,2020-08-22,Electronics
152,65,Male,37758.86,40,2021-09-23,Furniture
153,47,Male,47607.61,21,2021-04-04,Electronics
154,69,Male,140854.79,87,2022-05-30,Electronics
155,40,Female,140248.29,1,2021-05-15,Electronics
156,69,Other,72723.29,26,2021-06-28,Electronics
157,34,Other,132496.05,12,2020-04-26,Grocery
158,46,Female,42717.69,34,2022-06-27,Clothing
159,40,Female,93933.21,48,2023-05-18,Clothing
160,28,Female,35312.47,13,2020-07-08,Clothing
161,30,Male,85438.38,68,2022-06-13,Grocery
162,30,Female,26153.83,88,2023-07-19,Sports
163,65,Other,41319.07,53,2021-06-04,Furniture
164,25,Male,49138.44,44,2020-01-14,Grocery
165,36,Other,25228.74,51,2023-11-29,Grocery
166,54,Male,99896.42,34,2023-07-31,Clothing
167,25,Male,146722.25,96,2023-09-06,Clothing
168,18,Other,87054.99,38,2020-08-20,Clothing
169,68,Male,64139.76,12,2022-10-18,Clothing
170,26,Other,84913.59,39,2023-08-21,Grocery
171,46,Other,106792.57,65,2021-03-16,Clothing
172,24,Female,140318.18,10,2022-06-10,Grocery
173,64,Other,60130.27,98,2020-06-04,Grocery
174,48,Male,108472.49,100,2021-01-28,Electronics
175,18,Other,46411.35,43,2023-12-26,Sports
176,40,Male,114218.38,45,2023-06-30,Grocery
177,19,Female,51387.91,81,2022-04-20,Electronics
178,60,Other,50306.99,40,2020-09-18,Electronics
179,44,Female,78903.24,95,2021-09-17,Grocery
180,42,Female,88485.57,83,2023-09-16,Electronics
181,69,Other,41300.63,43,2023-10-21,Electronics
182,39,Other,86530.82,85,2021-06-16,Sports
183,30,Other,93527.75,72,2020-01-17,Electronics
184,45,Female,41193.29,55,2020-06-07,Electronics
185,28,Female,62240.63,20,2020-11-20,Sports
186,39,Male,101319.62,3,2020-01-09,Sports
187,20,Other,78297.79,1,2020-11-22,Electronics
188,51,Other,115135.2,94,2021-10-20,Grocery
189,36,Other,42397.41,70,2021-10-29,Grocery
190,57,Other,125196.05,30,2020-06-11,Electronics
191,69,Other,111077.25,36,2023-08-24,Electronics
192,35,Other,126386.35,67,2023-11-11,Electronics
193,21,Male,113083.33,66,2023-02-18,Furniture
194,41,Other,59859.63,15,2021-02-16,Grocery
195,38,Other,130773.66,97,2021-10-28,Furniture
196,62,Other,92816.04,36,2022-12-02,Electronics
197,59,Female,135550.29,20,2020-03-29,Furniture
198,62,Other,77798.02,57,2021-03-01,Clothing
199,66,Female,139974.87,46,2021-08-25,Electronics
200,36,Male,49937.61,12,2020-07-21,Sports
201,37,Female,92723.0,11,2020-04-01,Electronics
202,32,Other,135052.87,73,2021-11-19,Sports
203,41,Male,103762.05,52,2022-12-28,Furniture
204,38,Other,104585.62,70,2020-04-02,Sports
205,49,Male,64639.34,72,2021-03-24,Clothing
206,59,Other,49583.38,20,2022-09-13,Grocery
207,39,Female,83781.4,22,2022-11-07,Grocery
208,41,Other,43306.75,29,2021-04-08,Electronics
209,66,Other,51497.21,40,2020-11-30,Clothing
210,28,Other,121315.41,73,2022-10-09,Electronics
211,49,Female,143015.12,68,2020-03-30,Clothing
212,47,Male,74174.39,31,2023-04-03,Sports
213,37,Female,98004.58,15,2023-10-01,Electronics
214,40,Female,130424.82,22,2021-07-22,Sports
215,43,Female,42470.24,94,2020-12-04,Clothing
216,68,Other,54833.43,26,2021-05-30,Furniture
217,69,Other,99878.12,41,2021-01-26,Grocery
218,63,Other,50358.82,28,2021-01-12,Furniture
219,32,Other,116138.87,89,2022-06-03,Clothing
220,28,Female,67770.89,86,2021-08-15,Grocery
221,46,Other,40806.78,70,2022-08-14,Grocery
222,54,Other,118034.99,10,2020-01-28,Clothing
223,65,Male,113271.89,88,2023-12-21,Sports
224,29,Male,96847.9,84,2021-05-20,Sports
225,54,Female,134052.97,98,2022-12-17,Furniture
226,18,Female,117570.65,100,2023-11-19,Electronics
227,50,Other,88556.64,92,2022-04-06,Sports
228,41,Female,85916.62,31,2020-06-21,Electronics
229,38,Female,86378.5,36,2020-12-02,Electronics
230,19,Male,33590.38,75,2020-01-17,Sports
231,36,Female,78059.56,37,2023-10-05,Grocery
232,56,Other,93704.86,43,2022-07-02,Electronics
233,20,Male,77968.15,53,2022-05-19,Clothing
234,57,Other,31055.8,30,2020-06-21,Electronics
235,66,Other,134388.21,99,2022-08-24,Clothing
236,65,Male,46381.77,72,2022-11-11,Sports
237,67,Other,31081.23,61,2020-10-28,Electronics
238,62,Male,79573.16,74,2023-02-23,Sports
239,63,Male,112430.33,35,2022-07-31,Clothing
240,44,Male,94336.1,35,2023-02-15,Furniture
241,69,Female,94764.94,34,2020-01-18,Clothing
242,51,Male,77514.54,100,2022-08-10,Clothing
243,64,Other,46881.94,62,2023-02-15,Furniture
244,22,Other,87737.76,57,2021-01-01,Grocery
245,38,Male,32530.47,46,2020-03-11,Clothing
246,31,Female,145723.97,63,2022-01-23,Grocery
247,32,Other,34973.11,87,2020-07-20,Furniture
248,26,Male,62310.44,94,2023-03-23,Electronics
249,31,Other,47806.7,57,2021-09-05,Sports
250,30,Male,139660.78,24,2021-01-17,Electronics
251,62,Male,31507.58,10,2023-11-20,Clothing
252,47,Other,145837.34,29,2021-07-31,Clothing
253,20,Female,46884.37,3,2020-01-19,Clothing
254,60,Other,101549.58,85,2021-08-08,Sports
255,28,Male,113112.15,78,2023-12-10,Electronics
256,20,Male,53085.36,17,2023-05-21,Electronics
257,36,Other,131718.43,60,2020-11-21,Clothing
258,31,Female,59319.56,60,2020-09-04,Grocery
259,52,Other,132701.74,42,2022-05-19,Grocery
260,20,Other,97651.89,88,2021-12-04,Sports
261,57,Other,68148.14,17,2022-10-26,Sports
262,47,Female,148876.82,64,2022-07-20,Furniture
263,51,Male,89897.98,62,2022-08-24,Clothing
264,18,Female,22068.83,30,2022-10-02,Clothing
265,54,Female,68268.3,19,2022-08-09,Grocery
266,24,Female,87609.57,30,2021-01-17,Grocery
267,37,Male,55699.71,70,2023-12-07,Electronics
268,42,Male,36195.26,9,2021-11-22,Sports
269,65,Other,84785.24,69,2023-01-09,Grocery
270,34,Other,28726.79,38,2020-10-15,Electronics
271,24,Female,101666.66,67,2020-02-20,Clothing
272,55,Other,75053.08,93,2020-07-09,Clothing
273,28,Male,145621.23,18,2020-06-09,Electronics
274,46,Female,96906.86,22,2023-03-31,Sports
275,66,Female,136054.9,64,2021-04-04,Furniture
276,33,Other,119546.24,27,2023-03-04,Sports
277,35,Other,38592.38,69,2023-05-06,Grocery
278,48,Other,78486.82,73,2022-05-12,Sports
279,29,Other,145566.34,52,2023-02-06,Clothing
280,27,Female,142390.61,48,2021-12-04,Clothing
281,55,Female,101396.92,32,2023-02-10,Sports
282,34,Male,121572.97,67,2021-10-02,Clothing
283,36,Other,90234.89,27,2021-02-17,Grocery
284,37,Female,83720.47,53,2022-06-24,Sports
285,37,Male,139018.88,61,2020-07-11,Grocery
286,33,Male,108005.13,87,2023-11-30,Sports
287,21,Other,25557.76,76,2022-08-06,Furniture
288,62,Other,50908.03,23,2021-11-18,Sports
289,24,Other,122007.56,63,2022-01-28,Electronics
290,43,Female,100283.91,14,2020-09-16,Furniture
291,27,Other,120809.56,33,2020-03-27,Grocery
292,48,Female,88993.11,7,2020-09-23,Electronics
293,26,Other,28237.07,96,2023-08-01,Electronics
294,63,Male,102051.58,80,2022-09-05,Furniture
295,69,Male,82742.92,89,2020-10-17,Sports
296,33,Other,31635.48,91,2021-07-02,Sports
297,19,Other,126774.87,20,2022-04-17,Grocery
298,52,Other,51803.42,40,2023-07-22,Furniture
299,61,Other,22572.24,77,2021-07-12,Furniture
300,66,Male,106075.48,87,2020-07-27,Sports
301,57,Male,83036.73,1,2021-08-07,Electronics
302,53,Other,26165.88,47,2023-01-26,Furniture
303,32,Male,29909.1,52,2021-10-30,Furniture
304,61,Male,42504.38,16,2023-01-12,Clothing
305,18,Female,73035.29,13,2022-05-02,Electronics
306,63,Male,31993.89,22,2021-10-24,Furniture
307,36,Other,29399.54,85,2020-06-17,Sports
308,21,Female,114454.71,11,2021-01-31,Sports
309,69,Female,57796.75,80,2021-04-22,Clothing
310,53,Other,24329.87,77,2020-01-17,Furniture
311,39,Other,72959.26,67,2022-05-30,Sports
312,27,Female,101939.6,38,2023-01-01,Clothing
313,54,Female,114697.39,39,2021-01-11,Grocery
314,38,Male,23762.03,36,2023-03-16,Grocery
315,60,Male,145120.8,18,2022-01-03,Furniture
316,47,Female,25208.91,58,2022-08-19,Clothing
317,49,Other,107193.98,15,2022-10-29,Electronics
318,21,Other,138204.98,66,2020-07-30,Sports
319,54,Other,44475.85,39,2023-02-12,Grocery
320,24,Other,72559.91,86,2023-09-08,Furniture
321,21,Male,101899.09,29,2021-06-17,Sports
322,22,Male,43945.93,33,2023-12-27,Clothing
323,29,Other,38179.63,40,2022-03-11,Sports
324,57,Male,87357.94,76,2021-11-25,Grocery
325,20,Female,104907.28,20,2022-10-03,Electronics
326,27,Female,53329.9,75,2020-12-03,Electronics
327,50,Female,133161.53,57,2021-06-02,Grocery
328,37,Other,35108.29,23,2020-06-17,Electronics
329,42,Female,136786.01,75,2020-12-25,Sports
330,48,Other,36847.83,90,2021-05-06,Grocery
331,68,Female,74255.76,5,2021-02-17,Grocery
332,49,Female,139020.2,43,2020-08-26,Clothing
333,22,Male,142507.21,41,2020-03-18,Grocery
334,64,Female,69413.43,20,2020-03-02,Electronics
335,19,Other,147088.97,98,2020-08-08,Clothing
336,44,Other,139529.7,76,2021-11-10,Grocery
337,52,Male,126777.63,65,2020-10-22,Furniture
338,23,Female,40786.6,14,2023-01-30,Sports
339,26,Male,140493.09,39,2022-04-03,Furniture
340,21,Male,37681.55,39,2021-03-14,Sports
341,21,Female,127994.47,16,2021-06-29,Furniture
342,65,Other,24094.54,53,2022-09-17,Sports
343,25,Other,47179.38,13,2022-04-25,Clothing
344,46,Other,56471.52,45,2021-12-21,Grocery
345,44,Male,111703.51,53,2023-11-01,Grocery
346,35,Male,99414.49,45,2021-05-02,Electronics
347,28,Other,46469.6,89,2023-11-09,Electronics
348,49,Female,83552.38,44,2021-07-13,Furniture
349,59,Female,134472.41,39,2022-02-24,Clothing
350,57,Female,52482.3,92,2020-05-22,Sports
351,49,Female,41628.08,21,2020-02-13,Furniture
352,40,Other,21363.45,53,2023-10-15,Sports
353,34,Male,86452.51,24,2021-03-30,Furniture
354,46,Male,62564.15,62,2022-01-23,Furniture
355,32,Other,126962.84,3,2021-11-12,Sports
356,59,Other,66394.77,7,2020-06-03,Sports
357,47,Male,58293.47,37,2021-06-13,Grocery
358,60,Male,22155.4,97,2022-12-01,Grocery
359,54,Female,91551.82,58,2020-02-19,Furniture
360,26,Other,139800.8,20,2021-06-09,Electronics
361,58,Female,104198.93,78,2022-10-17,Electronics
362,63,Other,62056.64,16,2020-07-08,Grocery
363,45,Other,45810.45,95,2022-05-25,Clothing
364,55,Other,84033.98,75,2021-07-13,Clothing
365,45,Other,103719.75,59,2022-04-10,Clothing
366,28,Male,43856.49,90,2020-09-17,Electronics
367,23,Female,91451.77,41,2022-11-13,Furniture
368,61,Female,58873.55,96,2021-04-18,Furniture
369,63,Other,109148.44,53,2022-05-31,Clothing
370,33,Female,130599.15,81,2021-09-07,Furniture
371,28,Other,102612.77,85,2022-06-18,Sports
372,25,Female,139521.44,34,2022-04-05,Grocery
373,51,Other,41530.25,41,2020-09-04,Grocery
374,55,Other,144167.87,100,2022-03-26,Clothing
375,53,Other,50366.67,56,2021-06-21,Sports
376,57,Other,83558.79,71,2021-01-23,Sports
377,25,Other,93338.21,87,2023-09-01,Sports
378,60,Male,96232.31,64,2022-11-10,Electronics
379,43,Female,76429.03,73,2020-09-16,Sports
380,33,Other,43858.38,25,2022-04-13,Sports
381,68,Other,116063.47,56,2021-03-04,Electronics
382,30,Male,120073.06,13,2023-08-30,Electronics
383,28,Female,145829.63,69,2020-08-22,Electronics
384,47,Other,99053.21,96,2022-01-11,Grocery
385,47,Male,89268.41,16,2023-03-28,Furniture
386,50,Female,79347.27,47,2020-11-08,Electronics
387,23,Male,56836.57,44,2021-01-25,Electronics
388,69,Other,59271.34,58,2021-11-10,Grocery
389,51,Male,123357.58,18,2021-03-05,Furniture
390,54,Other,29128.5,37,2022-07-25,Furniture
391,49,Other,23094.97,80,2021-12-09,Electronics
392,41,Female,36552.1,85,2023-08-09,Clothing
393,67,Female,136781.05,87,2020-08-06,Sports
394,33,Other,134547.15,90,2021-08-11,Clothing
395,41,Female,125174.03,8,2023-08-28,Furniture
396,47,Male,93405.74,67,2022-02-07,Clothing
397,64,Female,81594.58,38,2021-08-04,Electronics
398,39,Female,117643.95,80,2023-08-23,Sports
399,49,Male,145972.1,15,2023-06-17,Electronics
400,39,Female,121558.08,66,2022-12-15,Sports
401,29,Other,45167.13,37,2023-07-30,Sports
402,69,Male,42785.01,77,2022-07-01,Clothing
403,67,Female,132290.1,61,2021-09-17,Furniture
404,60,Other,25012.19,91,2020-07-03,Clothing
405,60,Male,104474.07,30,2020-12-14,Electronics
406,33,Male,136345.67,45,2020-09-09,Electronics
407,23,Other,125843.63,41,2022-05-15,Clothing
408,47,Other,65511.15,44,2020-12-04,Grocery
409,22,Male,123518.74,12,2020-02-01,Sports
410,46,Other,85554.04,84,2023-08-13,Sports
411,62,Other,94629.88,75,2020-11-11,Furniture
412,24,Other,51213.06,1,2022-01-20,Sports
413,69,Female,58301.8,94,2022-08-31,Clothing
414,31,Other,147152.23,18,2020-07-22,Sports
415,29,Male,24884.05,96,2021-02-14,Electronics
416,55,Female,105332.44,89,2022-11-12,Clothing
417,69,Other,149070.81,91,2020-12-10,Clothing
418,69,Male,114988.34,84,2022-08-23,Grocery
419,57,Other,136832.86,41,2023-06-25,Sports
420,69,Male,40017.07,48,2023-12-29,Clothing
421,21,Other,60397.23,54,2022-03-23,Sports
422,20,Other,39960.88,33,2023-02-09,Sports
423,59,Female,45747.33,66,2023-12-31,Electronics
424,23,Male,109306.1,2,2020-10-30,Clothing
425,45,Male,92737.84,56,2022-04-24,Electronics
426,47,Male,52464.63,20,2023-02-04,Furniture
427,49,Male,27724.98,46,2021-04-27,Sports
428,22,Male,69646.31,53,2023-10-31,Sports
429,42,Other,100221.69,89,2023-08-25,Sports
430,65,Male,96846.33,68,2020-12-29,Furniture
431,36,Other,41778.04,28,2022-10-02,Clothing
432,51,Male,109263.37,87,2023-01-10,Sports
433,37,Other,112606.06,3,2023-11-05,Grocery
434,28,Other,33500.48,93,2023-07-09,Furniture
435,37,Male,76803.36,44,2022-10-07,Clothing
436,48,Male,46210.61,35,2020-06-20,Grocery
437,34,Male,47355.53,68,2023-06-12,Sports
438,55,Female,53942.24,94,2021-01-27,Furniture
439,49,Female,71188.66,73,2023-12-14,Clothing
440,62,Female,147619.13,54,2022-05-18,Electronics
441,37,Other,133383.86,67,2022-10-12,Grocery
442,68,Female,87576.11,82,2023-05-19,Grocery
443,31,Other,23712.77,1,2020-02-17,Clothing
444,26,Male,68818.46,37,2021-07-12,Electronics
445,45,Female,124433.15,33,2022-12-03,Grocery
446,21,Female,48543.38,18,2020-07-30,Furniture
447,59,Male,95311.36,60,2020-10-19,Sports
448,23,Female,139750.95,60,2022-04-24,Furniture
449,63,Male,60893.41,90,2020-12-26,Electronics
450,68,Female,83842.17,35,2021-09-21,Clothing
451,60,Other,45159.39,14,2020-10-05,Clothing
452,43,Other,48798.47,38,2020-03-30,Electronics
453,62,Female,32280.79,3,2023-10-29,Electronics
454,26,Male,141963.51,65,2020-09-03,Clothing
455,34,Female,86126.75,28,2021-11-30,Furniture
456,59,Female,107081.71,32,2021-08-16,Furniture
457,47,Other,74265.39,84,2023-04-04,Sports
458,48,Female,35989.97,13,2021-11-06,Clothing
459,35,Female,140675.2,89,2021-05-17,Electronics
460,41,Female,128534.33,25,2021-01-04,Electronics
461,66,Female,119228.23,96,2020-09-14,Grocery
462,62,Female,137197.24,39,2021-05-22,Grocery
463,57,Other,60783.55,66,2022-03-07,Electronics
464,31,Female,69848.96,60,2020-01-01,Grocery
465,32,Male,53309.71,19,2022-12-14,Furniture
466,37,Female,26421.75,45,2022-04-03,Electronics
467,58,Male,144171.68,85,2023-11-27,Sports
468,63,Female,37716.97,2,2021-02-08,Furniture
469,29,Female,84173.98,39,2020-07-17,Clothing
470,55,Female,90880.14,4,2020-05-19,Clothing
471,23,Female,73200.44,12,2021-10-03,Clothing
472,63,Female,106864.0,31,2020-05-13,Sports
473,21,Male,32684.43,24,2022-05-05,Grocery
474,60,Male,131608.7,95,2020-07-16,Furniture
475,38,Male,144822.99,13,2020-08-11,Electronics
476,28,Male,139564.08,14,2023-01-21,Sports
477,52,Other,72728.01,32,2022-12-09,Grocery
478,62,Other,36804.73,18,2021-10-23,Grocery
479,33,Male,95762.81,89,2020-07-31,Sports
480,23,Male,28717.16,84,2023-09-25,Electronics
481,57,Male,45292.25,55,2020-04-09,Grocery
482,38,Female,98602.53,71,2021-03-12,Grocery
483,55,Female,52103.64,15,2023-09-30,Clothing
484,44,Female,85751.53,93,2022-06-16,Furniture
485,36,Female,135664.96,11,2022-07-11,Clothing
486,46,Other,108823.07,30,2021-11-23,Furniture
487,34,Male,128310.38,58,2021-05-26,Electronics
488,25,Female,134244.68,31,2021-03-06,Furniture
489,56,Other,36757.28,30,2023-08-29,Grocery
490,48,Female,97559.85,16,2021-12-15,Sports
491,63,Female,75400.05,88,2021-05-20,Electronics
492,54,Male,126094.91,58,2022-02-06,Grocery
493,68,Male,88382.39,2,2022-05-20,Grocery
494,57,Female,73872.89,73,2022-11-08,Electronics
495,46,Male,48472.97,4,2020-04-02,Clothing
496,51,Other,33070.26,80,2023-11-06,Sports
497,69,Female,31682.86,12,2021-03-02,Clothing
498,37,Male,40046.76,67,2020-04-18,Sports
499,67,Female,110995.66,49,2020-06-29,Furniture
500,26,Female,21009.51,29,2021-11-22,Clothing
501,33,Other,24873.91,19,2023-06-04,Sports
502,56,Male,92140.04,56,2020-11-25,Furniture
503,62,Other,147540.25,81,2020-12-12,Clothing
504,25,Female,114722.71,33,2023-11-05,Furniture
505,65,Female,123310.68,75,2021-11-05,Electronics
506,45,Female,89581.09,17,2020-07-31,Furniture
507,52,Female,79688.92,57,2022-05-19,Furniture
508,27,Female,82075.13,87,2022-08-20,Sports
509,26,Male,51555.79,68,2020-02-20,Clothing
510,41,Male,51139.54,35,2022-07-24,Furniture
511,36,Female,105467.5,96,2020-06-17,Sports
512,26,Male,63279.56,38,2021-03-03,Electronics
513,62,Male,31656.1,37,2023-09-01,Furniture
514,26,Female,73453.85,20,2022-06-27,Sports
515,39,Male,142890.99,36,2020-08-23,Electronics
516,29,Male,36196.13,1,2022-04-26,Sports
517,31,Other,101490.83,52,2021-06-22,Furniture
518,27,Other,21731.84,53,2021-06-16,Clothing
519,57,Other,88274.79,8,2021-08-14,Electronics
520,64,Female,29849.59,67,2021-05-23,Furniture
521,67,Other,61110.7,31,2022-06-15,Electronics
522,46,Other,64538.94,13,2021-04-07,Clothing
523,65,Male,92512.96,37,2020-06-10,Sports
524,24,Other,25332.92,39,2023-02-21,Furniture
525,26,Other,83727.25,10,2020-06-04,Furniture
526,57,Other,78592.76,72,2022-03-10,Clothing
527,33,Other,84069.5,86,2022-04-01,Clothing
528,32,Other,86847.25,48,2023-02-01,Furniture
529,55,Male,141179.63,96,2020-06-06,Sports
530,26,Female,98968.75,37,2022-12-03,Sports
531,52,Male,45615.86,99,2022-02-27,Sports
532,65,Male,63807.95,57,2020-10-04,Grocery
533,60,Male,98539.52,2,2023-10-10,Electronics
534,43,Female,82069.95,87,2023-03-28,Grocery
535,25,Male,79378.22,23,2023-03-20,Electronics
536,28,Other,122770.42,14,2023-04-18,Furniture
537,55,Other,47140.66,66,2021-03-07,Clothing
538,45,Female,58447.61,48,2021-11-20,Sports
539,45,Female,106750.47,2,2022-02-12,Furniture
540,30,Other,95461.67,78,2022-02-17,Clothing
541,35,Female,25262.69,89,2022-05-27,Grocery
542,55,Male,143016.3,65,2023-08-20,Clothing
543,37,Male,75701.82,26,2020-07-10,Electronics
544,66,Male,140712.43,23,2023-08-31,Grocery
545,49,Male,96514.2,57,2020-03-06,Furniture
546,51,Other,99734.67,58,2023-06-24,Grocery
547,24,Male,125561.21,87,2022-02-14,Grocery
548,27,Female,27739.8,99,2022-02-22,Clothing
549,38,Male,38813.46,47,2023-05-15,Sports
550,64,Male,63616.59,36,2021-05-02,Grocery
551,63,Male,46499.66,37,2022-06-22,Clothing
552,27,Male,94903.31,73,2020-09-25,Clothing
553,54,Other,86361.85,7,2021-02-28,Clothing
554,30,Other,109525.26,31,2023-03-20,Sports
555,61,Female,111519.92,52,2020-10-07,Clothing
556,22,Male,138301.26,25,2022-06-16,Electronics
557,43,Male,135317.94,36,2021-09-22,Electronics
558,39,Other,61325.48,68,2021-06-11,Clothing
559,47,Male,61131.14,68,2021-04-24,Grocery
560,22,Female,148257.52,50,2022-06-13,Furniture
561,49,Male,49204.17,44,2023-02-28,Grocery
562,54,Male,21381.2,42,2020-10-22,Sports
563,39,Other,131339.27,98,2020-03-26,Sports
564,59,Male,128273.29,6,2021-09-09,Clothing
565,50,Other,60780.49,99,2021-01-28,Clothing
566,49,Other,68271.31,73,2020-01-23,Grocery
567,45,Male,56918.61,100,2023-06-26,Grocery
568,46,Male,139645.17,96,2023-03-07,Electronics
569,23,Male,141066.74,74,2021-11-12,Electronics
570,31,Other,127812.15,9,2022-09-19,Grocery
571,18,Other,89426.69,87,2020-07-24,Clothing
572,58,Male,96568.47,3,2020-08-18,Sports
573,66,Female,114587.89,10,2021-02-13,Sports
574,68,Male,59882.24,68,2021-09-29,Clothing
575,48,Female,39695.26,69,2023-04-16,Electronics
576,51,Other,140747.57,67,2021-03-29,Electronics
577,38,Male,59005.32,71,2023-01-12,Furniture
578,37,Other,94790.64,15,2021-10-07,Clothing
579,63,Female,71656.19,41,2023-01-29,Clothing
580,29,Female,94859.17,91,2021-06-07,Grocery
581,45,Other,120074.1,31,2023-10-23,Electronics
582,56,Other,83144.62,34,2022-01-25,Sports
583,25,Female,65210.58,52,2020-08-14,Electronics
584,54,Male,36240.58,10,2020-03-12,Electronics
585,48,Male,67215.27,74,2021-07-06,Grocery
586,43,Other,130962.9,47,2020-08-14,Grocery
587,38,Other,145448.64,89,2023-06-05,Clothing
588,47,Other,130054.49,56,2020-10-22,Clothing
589,34,Other,98050.81,62,2022-10-11,Clothing
590,50,Other,139530.33,67,2021-12-07,Sports
591,18,Other,79925.38,57,2022-03-19,Grocery
592,65,Other,33004.97,23,2022-10-07,Sports
593,30,Other,130108.4,22,2023-07-23,Clothing
594,67,Male,25530.67,21,2022-11-20,Furniture
595,38,Other,42914.89,91,2023-08-31,Grocery
596,56,Female,44935.46,71,2022-01-18,Sports
597,66,Female,57032.28,42,2023-08-11,Grocery
598,43,Male,48090.19,76,2022-01-27,Sports
599,19,Male,44366.37,51,2022-08-20,Furniture
600,67,Female,146755.76,87,2021-10-11,Clothing
601,42,Male,23103.24,54,2022-03-14,Grocery
602,54,Other,28163.37,41,2021-07-23,Clothing
603,28,Other,69782.75,69,2021-03-03,Electronics
604,60,Female,81365.11,6,2020-08-08,Electronics
605,19,Female,82241.4,57,2023-03-01,Grocery
606,45,Female,123111.65,37,2021-05-29,Sports
607,19,Female,97942.73,93,2023-10-07,Clothing
608,63,Female,103474.6,91,2022-04-02,Clothing
609,30,Female,20227.95,57,2022-10-24,Grocery
610,26,Female,62572.19,21,2023-12-09,Clothing
611,52,Male,81620.31,76,2021-04-01,Electronics
612,51,Female,116703.33,59,2020-02-26,Electronics
613,26,Other,88668.45,15,2023-03-25,Furniture
614,64,Male,90916.05,97,2023-05-13,Furniture
615,38,Female,26947.73,49,2023-11-07,Electronics
616,41,Male,133077.49,58,2020-11-19,Clothing
617,25,Other,131271.8,25,2023-08-18,Grocery
618,34,Female,112555.49,49,2020-12-16,Sports
619,60,Male,123542.74,90,2021-01-24,Sports
620,50,Female,74098.08,16,2022-06-06,Furniture
621,39,Male,96751.54,92,2023-12-21,Clothing
622,54,Other,52867.56,52,2023-02-24,Furniture
623,29,Male,33378.79,95,2023-10-22,Sports
624,34,Other,83093.79,10,2020-05-13,Grocery
625,46,Male,94394.8,24,2023-05-25,Sports
626,39,Male,58603.94,83,2022-01-04,Electronics
627,43,Female,78912.78,16,2023-11-29,Sports
628,56,Female,68717.41,31,2023-11-21,Grocery
629,67,Female,67346.06,76,2022-06-10,Electronics
630,50,Female,117113.08,41,2020-02-19,Electronics
631,21,Female,60436.61,6,2020-02-07,Clothing
632,54,Female,77129.51,77,2021-09-18,Electronics
633,55,Other,137921.58,98,2021-02-12,Clothing
634,25,Other,125303.9,24,2021-11-28,Grocery
635,68,Male,90229.64,40,2021-03-03,Clothing
636,66,Female,91812.77,43,2021-12-10,Electronics
637,55,Other,63008.22,91,2021-06-28,Clothing
638,29,Female,92531.75,44,2023-12-02,Grocery
639,39,Male,32447.6,7,2022-07-23,Furniture
640,64,Female,110613.87,36,2022-08-17,Electronics
641,49,Female,81853.02,80,2020-10-30,Sports
642,66,Male,73586.48,59,2020-09-26,Clothing
643,64,Female,45239.03,48,2023-09-18,Furniture
644,18,Male,54451.98,46,2022-05-21,Electronics
645,25,Female,122505.98,69,2022-08-18,Furniture
646,44,Other,24880.4,56,2020-03-01,Grocery
647,37,Other,125505.6,92,2020-12-05,Sports
648,65,Male,77057.39,72,2021-12-14,Furniture
649,36,Other,35658.0,87,2023-07-31,Electronics
650,33,Female,110736.44,84,2020-10-12,Sports
651,69,Male,53259.23,74,2022-11-16,Grocery
652,31,Female,54374.19,69,2023-06-08,Sports
653,55,Female,68751.96,53,2022-05-11,Electronics
654,39,Female,125933.73,29,2022-09-05,Electronics
655,26,Female,69717.51,63,2022-07-12,Clothing
656,29,Male,100577.38,2,2020-09-06,Clothing
657,52,Other,58695.08,48,2021-05-28,Electronics
658,31,Other,79811.83,81,2023-01-23,Clothing
659,52,Male,46600.49,56,2023-06-25,Sports
660,18,Male,75362.53,18,2021-05-12,Clothing
661,28,Female,68259.75,39,2021-11-26,Furniture
662,36,Other,146724.05,18,2023-01-02,Electronics
663,56,Female,128795.14,90,2023-12-30,Clothing
664,36,Male,99967.35,25,2023-12-11,Grocery
665,63,Female,95401.64,34,2020-07-28,Grocery
666,31,Other,62803.81,45,2022-08-05,Furniture
667,47,Female,28701.9,23,2023-11-21,Grocery
668,68,Male,109631.51,45,2021-03-18,Sports
669,21,Female,140689.24,58,2021-09-01,Sports
670,52,Male,61304.93,1,2022-03-31,Furniture
671,30,Female,145757.68,95,2021-01-12,Electronics
672,48,Other,66778.53,32,2022-07-20,Grocery
673,21,Other,110133.11,80,2021-04-15,Furniture
674,67,Female,97594.4,35,2023-04-11,Grocery
675,69,Male,144120.78,7,2022-04-10,Clothing
676,65,Male,61133.37,53,2023-01-31,Grocery
677,18,Other,143073.39,35,2020-07-04,Electronics
678,33,Other,64759.25,97,2021-08-02,Furniture
679,29,Female,94403.29,61,2022-10-08,Furniture
680,47,Female,75944.77,25,2020-03-07,Clothing
681,20,Female,129204.09,69,2021-07-29,Electronics
682,19,Other,137147.94,63,2020-03-27,Sports
683,69,Other,59589.6,3,2023-07-21,Sports
684,25,Other,55818.83,69,2022-07-20,Clothing
685,56,Male,63924.25,58,2021-11-13,Electronics
686,33,Female,21914.45,1,2020-09-29,Grocery
687,24,Other,31649.7,28,2023-10-11,Clothing
688,32,Male,128751.01,88,2022-07-19,Electronics
689,67,Female,111758.4,45,2023-02-16,Electronics
690,39,Female,60689.18,16,2023-09-12,Sports
691,23,Male,45736.81,56,2021-12-30,Electronics
692,40,Other,110653.84,27,2023-05-09,Furniture
693,32,Male,71313.23,15,2020-08-07,Grocery
694,44,Female,127488.19,28,2022-10-19,Furniture
695,58,Other,140135.37,51,2023-09-16,Clothing
696,27,Female,78830.47,90,2021-10-17,Furniture
697,54,Other,35073.84,22,2021-10-04,Furniture
698,60,Male,59053.31,64,2023-09-20,Sports
699,48,Other,68759.65,18,2023-07-01,Sports
700,50,Male,52658.52,35,2021-11-25,Furniture
701,57,Male,103424.03,76,2022-01-26,Grocery
702,29,Male,146277.76,2,2023-12-11,Furniture
703,43,Male,129251.05,30,2022-05-11,Furniture
704,39,Male,104033.26,62,2021-08-11,Grocery
705,52,Male,73063.1,24,2022-12-12,Sports
706,33,Male,32426.55,62,2021-02-18,Grocery
707,32,Male,33185.73,10,2022-10-08,Sports
708,24,Male,70027.69,97,2023-08-21,Grocery
709,63,Other,44208.05,56,2021-05-26,Sports
710,65,Male,113414.68,30,2020-04-12,Clothing
711,20,Male,77573.77,56,2023-03-18,Grocery
712,46,Male,70783.46,28,2020-01-23,Grocery
713,29,Female,108520.69,77,2020-09-05,Electronics
714,32,Other,106076.75,41,2020-03-18,Furniture
715,35,Male,38315.43,11,2020-12-16,Grocery
716,64,Female,131599.68,19,2021-11-02,Clothing
717,58,Male,109631.36,19,2022-09-20,Grocery
718,20,Male,102424.92,26,2020-02-16,Sports
719,60,Other,63390.37,43,2020-06-30,Electronics
720,28,Other,139300.51,74,2021-10-26,Grocery
721,48,Other,88568.86,51,2020-07-28,Electronics
722,48,Male,125661.59,72,2022-09-17,Clothing
723,30,Female,103025.25,66,2020-11-26,Clothing
724,29,Female,123906.98,97,2022-04-23,Furniture
725,59,Other,135434.08,60,2022-04-10,Furniture
726,36,Other,56791.69,100,2020-05-15,Clothing
727,35,Male,81032.87,97,2020-10-11,Grocery
728,59,Male,103635.94,5,2020-06-07,Electronics
729,69,Male,126793.66,3,2022-10-17,Clothing
730,40,Other,70003.49,22,2020-04-17,Sports
731,61,Other,62697.81,34,2022-06-06,Grocery
732,36,Other,134173.94,99,2022-02-27,Clothing
733,62,Female,47700.39,45,2021-08-29,Grocery
734,24,Other,47628.44,94,2021-09-28,Electronics
735,50,Male,135964.9,20,2022-05-07,Grocery
736,57,Male,144034.81,49,2021-06-04,Grocery
737,40,Male,144460.99,90,2021-07-26,Clothing
738,45,Female,21786.28,92,2023-06-25,Clothing
739,28,Male,90453.48,56,2020-06-09,Clothing
740,62,Female,46744.89,40,2022-10-31,Electronics
741,21,Other,110511.05,2,2022-12-12,Grocery
742,58,Other,78648.52,80,2023-06-28,Electronics
743,56,Other,141058.5,9,2023-03-16,Electronics
744,68,Male,73012.73,87,2022-07-11,Grocery
745,44,Other,34581.83,24,2022-11-09,Furniture
746,62,Other,86408.24,35,2021-10-26,Furniture
747,57,Female,70371.79,40,2021-07-15,Sports
748,29,Female,147681.54,57,2021-07-30,Electronics
749,31,Male,139872.05,69,2023-09-06,Grocery
750,48,Female,42617.12,59,2020-12-03,Grocery
751,59,Other,34992.17,44,2020-07-14,Grocery
752,27,Female,63295.55,84,2020-12-30,Clothing
753,24,Female,91872.01,70,2021-11-28,Sports
754,64,Other,128981.02,30,2022-03-03,Electronics
755,50,Male,78463.12,28,2023-09-26,Clothing
756,30,Female,143338.07,25,2023-06-25,Electronics
757,24,Female,142547.29,70,2021-09-28,Sports
758,33,Female,145437.08,79,2023-09-05,Electronics
759,46,Female,111628.06,12,2023-01-15,Electronics
760,27,Other,58699.83,78,2023-06-26,Electronics
761,19,Other,81534.28,65,2020-12-05,Sports
762,29,Female,141402.31,50,2023-11-18,Furniture
763,20,Female,129775.21,39,2021-10-05,Grocery
764,33,Other,30806.19,68,2020-01-10,Grocery
765,41,Female,52194.3,63,2020-07-02,Grocery
766,29,Male,20157.73,29,2020-07-25,Sports
767,30,Male,115178.02,35,2022-03-03,Furniture
768,64,Other,136535.88,87,2020-06-18,Electronics
769,28,Female,56242.63,13,2020-11-08,Furniture
770,63,Male,76750.99,35,2023-03-12,Grocery
771,22,Female,71038.85,19,2021-12-21,Clothing
772,25,Female,132353.62,74,2021-03-09,Clothing
773,22,Male,144771.25,11,2021-04-27,Furniture
774,46,Female,131770.52,90,2021-08-26,Clothing
775,45,Male,34048.5,87,2020-02-29,Clothing
776,34,Other,69812.18,5,2023-10-28,Sports
777,22,Male,118768.37,56,2020-10-08,Furniture
778,25,Other,25040.73,98,2021-09-14,Sports
779,45,Female,102955.7,2,2020-06-04,Electronics
780,50,Female,80071.35,68,2020-10-16,Clothing
781,40,Other,37761.67,79,2020-06-03,Grocery
782,58,Male,35998.01,23,2021-07-01,Furniture
783,61,Male,21218.1,80,2021-12-16,Clothing
784,19,Male,44191.82,86,2020-06-26,Electronics
785,35,Male,32806.17,58,2022-01-14,Sports
786,37,Female,26773.55,94,2022-01-09,Sports
787,69,Male,114481.01,1,2022-10-28,Electronics
788,30,Female,91432.26,85,2020-05-17,Furniture
789,51,Other,102069.92,89,2022-01-09,Furniture
790,60,Other,71508.13,40,2023-08-16,Clothing
791,42,Female,66151.51,40,2022-12-20,Clothing
792,24,Other,123820.73,40,2020-04-03,Grocery
793,53,Other,44241.0,5,2022-06-06,Electronics
794,68,Female,64759.09,37,2023-09-29,Clothing
795,62,Other,118889.48,32,2020-05-09,Grocery
796,69,Other,52189.64,12,2021-09-04,Clothing
797,22,Other,66178.08,24,2022-11-04,Furniture
798,26,Other,133196.36,80,2023-01-07,Grocery
799,18,Other,111009.66,70,2022-11-30,Furniture
800,33,Other,97882.6,21,2020-06-18,Grocery
801,62,Other,137009.98,25,2020-11-22,Clothing
802,62,Female,115411.2,90,2021-06-06,Sports
803,65,Male,138913.68,98,2021-06-26,Clothing
804,40,Other,138354.24,42,2020-12-04,Electronics
805,56,Male,102281.01,11,2021-10-03,Furniture
806,26,Male,63218.21,63,2023-02-26,Clothing
807,64,Male,135886.3,25,2022-12-15,Electronics
808,66,Other,33925.32,59,2023-10-05,Grocery
809,60,Male,39032.87,33,2020-08-12,Electronics
810,63,Female,55882.46,14,2023-01-26,Electronics
811,44,Other,111070.9,72,2023-11-12,Clothing
812,43,Other,83881.29,82,2022-07-04,Clothing
813,37,Other,21704.34,37,2023-04-29,Sports
814,40,Male,76461.7,5,2023-08-09,Clothing
815,50,Other,82949.47,31,2022-02-27,Furniture
816,69,Male,58853.21,80,2021-06-08,Sports
817,66,Male,48592.36,58,2021-08-28,Furniture
818,51,Female,82139.56,28,2021-09-09,Clothing
819,42,Male,84742.87,13,2020-04-04,Grocery
820,40,Female,27511.03,52,2020-03-25,Furniture
821,43,Other,84231.28,27,2022-09-20,Sports
822,64,Female,52373.31,80,2021-05-18,Clothing
823,48,Other,57297.14,8,2023-02-14,Furniture
824,57,Other,68520.63,16,2020-12-07,Electronics
825,24,Male,34332.35,92,2022-09-29,Sports
826,45,Other,143311.27,40,2022-03-28,Clothing
827,69,Female,65157.27,62,2021-07-20,Sports
828,36,Female,105634.15,59,2020-03-06,Furniture
829,57,Male,24439.35,91,2021-02-17,Sports
830,53,Male,102046.77,40,2020-01-26,Sports
831,66,Other,63983.05,68,2021-09-01,Furniture
832,39,Female,28291.3,84,2023-02-24,Sports
833,22,Female,78136.17,14,2021-04-13,Clothing
834,25,Other,57643.92,54,2021-11-06,Clothing
835,48,Female,147154.11,81,2021-04-27,Electronics
836,52,Male,143000.61,88,2022-08-14,Sports
837,27,Male,77062.71,100,2022-11-24,Sports
838,61,Female,90165.86,87,2022-01-29,Sports
839,29,Female,39712.46,61,2020-04-07,Electronics
840,28,Other,107408.22,91,2022-11-06,Electronics
841,67,Other,44049.01,66,2020-12-09,Furniture
842,41,Other,128684.83,76,2022-12-30,Sports
843,48,Male,78887.07,82,2023-04-01,Clothing
844,20,Male,127587.3,82,2020-02-04,Clothing
845,50,Female,34843.34,37,2022-05-01,Furniture
846,42,Male,57103.14,31,2023-09-24,Clothing
847,69,Other,38444.69,52,2022-07-15,Electronics
848,31,Other,62190.07,44,2023-12-20,Electronics
849,57,Female,135879.08,17,2021-09-25,Electronics
850,23,Other,109281.93,35,2022-09-19,Electronics
851,48,Other,68957.01,77,2023-06-30,Clothing
852,45,Other,56746.79,6,2021-08-17,Sports
853,56,Other,28680.33,85,2020-11-17,Furniture
854,24,Female,96342.46,78,2022-06-09,Electronics
855,29,Female,96400.47,52,2023-10-28,Sports
856,50,Other,24964.89,84,2021-05-14,Clothing
857,41,Male,118715.87,80,2022-09-30,Sports
858,66,Female,66970.53,28,2023-10-29,Clothing
859,46,Female,45439.63,87,2020-01-14,Furniture
860,34,Female,32600.82,65,2020-04-27,Grocery
861,53,Female,56760.77,92,2021-08-08,Electronics
862,47,Other,31250.96,60,2021-10-26,Grocery
863,63,Other,143951.56,97,2023-12-21,Clothing
864,24,Male,144958.83,10,2023-01-25,Grocery
865,35,Other,137275.26,79,2022-01-09,Electronics
866,21,Female,96179.33,64,2022-04-10,Electronics
867,33,Female,32165.94,86,2022-05-08,Grocery
868,36,Other,54512.71,76,2022-10-31,Electronics
869,23,Other,118473.63,19,2021-09-08,Electronics
870,33,Male,48151.98,38,2022-08-17,Electronics
871,68,Female,83351.42,67,2023-04-12,Clothing
872,49,Male,117532.0,62,2021-10-20,Furniture
873,64,Other,73766.58,19,2021-04-14,Grocery
874,67,Other,28559.88,59,2022-01-20,Sports
875,41,Female,48939.47,40,2020-11-04,Clothing
876,40,Male,50788.16,53,2021-01-15,Grocery
877,39,Male,24264.72,12,2022-09-24,Grocery
878,23,Female,44904.83,42,2023-06-03,Grocery
879,24,Female,38144.96,16,2022-08-19,Clothing
880,43,Male,36778.26,9,2022-05-15,Grocery
881,52,Other,138583.86,71,2020-02-05,Sports
882,19,Other,92146.9,55,2021-03-27,Furniture
883,67,Female,54690.09,93,2023-06-09,Electronics
884,39,Other,97008.66,14,2023-09-22,Furniture
885,36,Female,55596.38,68,2020-08-25,Furniture
886,41,Female,67978.7,52,2023-01-07,Clothing
887,61,Other,105773.77,100,2020-07-11,Grocery
888,23,Other,47784.6,97,2021-02-09,Electronics
889,37,Male,63854.94,4,2020-02-23,Electronics
890,29,Female,41330.3,9,2020-11-06,Clothing
891,36,Other,24227.29,45,2021-07-10,Electronics
892,44,Other,107652.78,90,2021-06-19,Electronics
893,32,Other,88255.86,71,2020-01-25,Furniture
894,49,Male,22025.31,43,2021-07-07,Furniture
895,48,Female,24637.36,84,2021-11-09,Sports
896,60,Female,42704.08,14,2022-02-01,Sports
897,39,Female,79667.81,95,2021-02-08,Electronics
898,43,Male,100691.92,77,2021-10-24,Furniture
899,35,Other,98874.41,41,2022-09-22,Furniture
900,51,Female,116586.56,23,2022-08-21,Clothing
901,34,Other,104645.56,59,2023-08-09,Electronics
902,63,Other,124554.86,66,2022-10-04,Sports
903,60,Female,146957.71,88,2023-07-28,Electronics
904,36,Female,131497.85,11,2023-02-01,Grocery
905,47,Other,74926.44,27,2020-08-05,Electronics
906,54,Male,83130.92,13,2021-06-06,Electronics
907,45,Other,135546.29,48,2023-01-21,Electronics
908,66,Female,111887.92,98,2021-09-19,Furniture
909,36,Female,30160.32,21,2022-05-10,Clothing
910,56,Male,70547.96,27,2023-07-14,Furniture
911,19,Female,120399.93,27,2022-11-17,Sports
912,45,Female,134736.49,37,2021-08-10,Electronics
913,28,Other,67278.52,4,2022-06-30,Clothing
914,65,Other,38716.03,45,2020-02-09,Clothing
915,56,Male,28391.54,57,2022-01-26,Clothing
916,68,Male,65778.27,52,2021-04-13,Sports
917,56,Other,137285.12,85,2020-05-15,Clothing
918,48,Female,38636.44,36,2020-02-14,Grocery
919,58,Female,77838.49,37,2023-03-25,Electronics
920,34,Other,111290.09,39,2023-03-06,Clothing
921,50,Other,61807.47,1,2020-04-30,Electronics
922,42,Male,29467.01,10,2023-09-12,Sports
923,37,Female,21981.42,18,2022-08-23,Sports
924,60,Male,77788.1,52,2022-05-15,Grocery
925,18,Other,22387.62,19,2020-06-14,Grocery
926,19,Female,56382.98,88,2021-02-16,Electronics
927,45,Male,96210.9,84,2021-10-04,Sports
928,59,Male,89132.22,86,2022-07-12,Electronics
929,23,Female,77034.03,11,2022-09-01,Sports
930,23,Other,36658.51,70,2021-11-14,Electronics
931,24,Female,55887.57,8,2021-10-05,Sports
932,42,Female,79050.67,53,2023-09-23,Clothing
933,37,Other,97862.19,42,2020-04-08,Clothing
934,29,Male,72660.97,79,2021-06-11,Electronics
935,23,Other,77353.52,8,2022-11-23,Furniture
936,35,Other,75446.92,37,2022-01-07,Sports
937,34,Other,55262.07,73,2020-09-28,Grocery
938,28,Other,118508.09,90,2022-03-04,Furniture
939,57,Female,130061.95,92,2021-04-07,Clothing
940,18,Other,30255.23,35,2023-09-30,Grocery
941,60,Male,49638.79,61,2021-11-20,Sports
942,51,Other,24422.61,16,2023-11-11,Electronics
943,29,Other,93698.41,14,2021-12-01,Electronics
944,53,Male,52246.2,99,2023-11-01,Sports
945,18,Female,136687.17,76,2020-08-01,Furniture
946,62,Female,64462.67,82,2022-01-14,Electronics
947,65,Other,97177.77,18,2020-10-29,Sports
948,45,Male,148063.2,26,2020-06-26,Grocery
949,68,Other,59356.51,31,2020-02-27,Electronics
950,26,Other,110630.08,66,2021-07-26,Clothing
951,48,Other,84169.88,82,2023-09-03,Clothing
952,55,Other,22688.2,84,2023-07-03,Sports
953,18,Female,119013.31,67,2021-05-19,Clothing
954,26,Male,117247.69,50,2022-10-11,Electronics
955,41,Other,43100.71,62,2023-08-21,Electronics
956,66,Other,83291.0,49,2021-09-02,Grocery
957,40,Female,148842.25,55,2023-05-07,Grocery
958,25,Other,49872.42,83,2021-10-01,Electronics
959,54,Male,121848.66,51,2023-07-15,Furniture
960,60,Female,108205.71,4,2021-09-23,Sports
961,32,Other,126060.13,87,2021-10-17,Clothing
962,32,Female,29357.24,79,2020-12-11,Sports
963,64,Male,56180.23,69,2020-12-23,Sports
964,66,Female,82866.9,23,2022-12-20,Electronics
965,18,Other,26915.03,98,2020-04-26,Grocery
966,20,Female,70692.31,20,2020-12-31,Grocery
967,55,Other,70353.64,76,2021-12-27,Clothing
968,22,Male,69726.24,24,2023-05-22,Grocery
969,45,Male,53310.62,83,2023-12-09,Clothing
970,56,Female,54281.62,20,2020-12-05,Furniture
971,60,Other,49430.57,39,2023-01-01,Grocery
972,55,Female,104774.81,48,2020-09-12,Clothing
973,31,Other,98344.32,63,2023-01-17,Sports
974,53,Other,54426.76,34,2021-01-04,Sports
975,40,Other,102298.7,71,2022-11-22,Clothing
976,62,Male,50223.63,12,2022-08-14,Electronics
977,39,Other,130458.66,51,2023-07-31,Electronics
978,47,Male,113105.84,30,2022-08-22,Clothing
979,33,Male,44393.33,94,2022-02-08,Clothing
980,23,Female,52977.19,35,2021-05-10,Clothing
981,49,Male,144972.23,98,2020-05-20,Clothing
982,36,Male,24309.39,46,2021-05-03,Grocery
983,30,Male,101199.45,30,2022-12-12,Furniture
984,53,Other,114960.62,17,2021-01-08,Furniture
985,39,Other,62535.09,55,2023-12-25,Grocery
986,35,Female,55085.75,80,2021-05-11,Furniture
987,50,Male,91694.92,26,2021-06-03,Sports
988,36,Other,101238.99,33,2022-06-04,Clothing
989,61,Other,86632.11,19,2020-04-04,Clothing
990,26,Other,146013.7,14,2022-10-10,Sports
991,43,Male,137985.65,41,2020-06-26,Electronics
992,51,Male,101509.83,39,2021-01-23,Sports
993,60,Male,107588.83,95,2022-04-18,Furniture
994,30,Other,32986.91,67,2020-01-05,Clothing
995,38,Other,26136.35,52,2023-08-23,Sports
996,47,Female,49515.71,94,2023-12-16,Clothing
997,55,Other,128943.4,63,2021-07-10,Furniture
998,42,Other,91296.17,16,2021-04-09,Grocery
999,21,Female,48143.35,53,2023-01-21,Clothing
1000,41,Other,62249.06,13,2021-10-26,Sports
1001,68,Other,22564.72,13,2020-01-15,Clothing
1002,60,Male,110968.93,96,2023-07-08,Electronics
1003,26,Female,67472.7,24,2020-06-30,Grocery
1004,18,Male,79308.41,79,2021-07-15,Clothing
1005,63,Female,22973.91,41,2020-09-18,Sports
1006,30,Other,72625.99,15,2021-10-12,Grocery
1007,43,Female,83068.32,30,2021-10-31,Grocery
1008,35,Male,53741.25,77,2023-03-23,Grocery
1009,29,Other,110145.81,1,2021-04-01,Grocery
1010,24,Female,55573.16,68,2022-11-03,Sports
1011,58,Male,145279.31,24,2020-09-23,Furniture
1012,23,Female,44183.32,100,2023-11-05,Sports
1013,39,Male,49612.04,82,2022-05-13,Grocery
1014,18,Other,129338.56,93,2021-05-06,Clothing
1015,69,Other,145991.85,45,2020-12-23,Electronics
1016,50,Other,60223.57,39,2022-04-29,Sports
1017,68,Other,54710.41,94,2022-11-15,Sports
1018,67,Female,143239.79,27,2021-09-25,Electronics
1019,61,Female,20157.07,3,2022-09-02,Grocery
1020,59,Female,130275.66,66,2023-07-29,Furniture
1021,66,Male,127383.15,90,2021-03-10,Grocery
1022,33,Female,31575.79,93,2020-12-18,Furniture
1023,28,Male,123228.49,57,2020-04-05,Grocery
1024,60,Other,83065.41,98,2020-07-10,Sports
1025,67,Other,28034.87,85,2023-07-29,Grocery
1026,64,Other,105955.7,17,2023-09-09,Clothing
1027,20,Male,53469.41,35,2023-07-28,Furniture
1028,39,Other,55145.69,70,2022-07-03,Clothing
1029,55,Female,113683.61,38,2022-12-03,Sports
1030,63,Female,126299.88,48,2022-10-25,Grocery
1031,22,Other,48071.92,72,2023-10-28,Furniture
1032,30,Male,67138.19,37,2020-06-05,Sports
1033,19,Male,123927.3,87,2021-09-18,Clothing
1034,20,Female,92694.21,50,2021-07-27,Furniture
1035,60,Male,75706.24,39,2022-06-23,Clothing
1036,38,Female,41983.25,96,2022-01-07,Sports
1037,21,Other,118447.87,53,2020-08-12,Furniture
1038,58,Female,38276.04,52,2021-07-02,Furniture
1039,29,Male,126019.08,30,2021-05-29,Sports
1040,57,Female,84729.87,94,2021-02-26,Furniture
1041,47,Female,116347.93,65,2021-10-31,Sports
1042,47,Male,43997.71,82,2021-11-13,Clothing
1043,33,Male,99215.12,75,2023-05-30,Furniture
1044,25,Other,24215.27,64,2021-04-10,Sports
1045,31,Other,45251.88,79,2021-10-07,Furniture
1046,50,Other,59450.17,66,2023-12-09,Sports
1047,29,Other,104007.77,21,2022-06-03,Furniture
1048,68,Other,147501.39,26,2021-06-25,Sports
1049,52,Other,88377.72,8,2020-05-20,Clothing
1050,58,Female,96960.78,78,2022-08-14,Clothing
1051,35,Other,128546.6,41,2021-02-02,Sports
1052,67,Other,79942.02,67,2020-12-19,Clothing
1053,56,Female,146255.62,37,2020-01-10,Electronics
1054,40,Male,123254.27,71,2020-07-04,Grocery
1055,41,Female,70084.4,99,2023-04-14,Clothing
1056,59,Female,38976.52,34,2022-09-27,Grocery
1057,59,Other,60373.86,91,2020-06-21,Clothing
1058,45,Other,99080.04,22,2021-04-01,Grocery
1059,44,Female,56659.72,66,2023-09-14,Electronics
1060,65,Other,39259.66,29,2022-07-20,Clothing
1061,54,Female,116487.56,14,2021-04-28,Grocery
1062,35,Other,142708.15,21,2021-05-07,Clothing
1063,65,Female,20217.06,10,2021-08-13,Furniture
1064,56,Female,81410.87,98,2022-02-24,Clothing
1065,57,Female,45387.58,1,2021-08-17,Grocery
1066,46,Female,128267.43,25,2022-11-26,Grocery
1067,62,Male,129117.56,80,2020-04-05,Grocery
1068,22,Other,45292.33,13,2022-05-05,Clothing
1069,18,Other,83442.26,79,2023-02-04,Sports
1070,51,Male,41012.36,62,2023-08-01,Clothing
1071,24,Other,142459.45,3,2021-02-02,Clothing
1072,62,Male,134476.37,73,2023-03-03,Clothing
1073,39,Male,30977.57,10,2023-02-04,Grocery
1074,42,Male,67198.26,27,2020-02-26,Clothing
1075,40,Female,126920.1,96,2020-05-10,Furniture
1076,31,Female,112218.69,7,2020-04-08,Clothing
1077,46,Other,89344.63,68,2022-07-13,Furniture
1078,34,Other,149409.78,39,2023-11-11,Furniture
1079,65,Male,94119.06,62,2022-03-10,Sports
1080,30,Female,26137.25,22,2023-03-29,Furniture
1081,51,Male,92962.05,48,2022-08-20,Grocery
1082,51,Male,44510.94,55,2020-12-22,Clothing
1083,68,Other,105469.03,15,2023-12-17,Electronics
1084,55,Male,109581.24,34,2021-10-06,Sports
1085,31,Female,135759.84,65,2020-10-17,Electronics
1086,31,Other,85611.34,18,2020-05-13,Clothing
1087,22,Other,132419.78,12,2021-12-09,Sports
1088,18,Male,47658.21,44,2021-06-11,Grocery
1089,27,Other,26720.2,60,2021-11-25,Electronics
1090,43,Male,22164.31,100,2023-04-16,Grocery
1091,51,Female,85782.14,9,2023-11-26,Sports
1092,31,Male,89026.86,44,2023-03-20,Clothing
1093,45,Male,121457.01,77,2023-10-09,Grocery
1094,66,Female,82622.76,88,2020-04-06,Sports
1095,37,Female,60694.4,46,2023-12-06,Grocery
1096,26,Male,29031.27,33,2021-01-03,Electronics
1097,42,Male,111452.07,13,2022-09-19,Sports
1098,57,Female,94286.92,95,2022-01-06,Electronics
1099,47,Female,103365.92,31,2021-07-18,Sports
1100,59,Male,20317.77,28,2021-02-25,Sports
1101,60,Female,119914.97,79,2023-01-08,Furniture
1102,39,Female,20019.76,65,2021-03-01,Clothing
1103,18,Female,62890.63,58,2021-01-05,Grocery
1104,37,Other,81612.86,35,2022-03-20,Electronics
1105,37,Male,98324.5,14,2021-07-17,Sports
1106,46,Other,55691.7,59,2021-04-06,Sports
1107,65,Male,125762.89,38,2021-07-30,Furniture
1108,63,Other,40853.0,57,2022-03-06,Clothing
1109,39,Female,139220.44,47,2022-07-26,Furniture
1110,63,Other,52675.96,14,2023-03-01,Furniture
1111,26,Male,104342.52,92,2022-02-25,Furniture
1112,38,Male,79814.88,42,2023-12-06,Clothing
1113,21,Other,103927.41,15,2021-12-05,Furniture
1114,69,Male,88370.32,88,2022-05-15,Sports
1115,49,Female,99430.08,80,2021-06-28,Clothing
1116,20,Male,72281.12,14,2022-04-28,Clothing
1117,42,Male,120630.87,97,2020-01-08,Furniture
1118,22,Other,133378.64,28,2023-04-25,Grocery
1119,61,Male,144631.32,90,2021-03-28,Clothing
1120,24,Female,52704.83,93,2020-10-03,Sports
1121,42,Male,137372.07,56,2021-08-04,Grocery
1122,52,Other,120444.67,24,2020-11-27,Grocery
1123,43,Male,40483.72,22,2020-03-10,Furniture
1124,53,Male,96395.58,22,2023-11-20,Clothing
1125,20,Other,92770.28,29,2021-09-25,Grocery
1126,51,Female,134553.93,49,2022-11-29,Clothing
1127,22,Male,128473.39,43,2020-12-31,Sports
1128,36,Female,51604.2,78,2023-04-15,Sports
1129,69,Other,23719.61,75,2023-12-31,Clothing
1130,67,Female,108161.36,95,2022-01-01,Furniture
1131,36,Female,74908.16,75,2023-02-15,Grocery
1132,18,Male,92673.81,44,2021-01-07,Clothing
1133,43,Other,135695.91,4,2020-12-26,Clothing
1134,18,Other,58157.72,14,2021-03-25,Electronics
1135,42,Female,118549.09,52,2022-10-24,Grocery
1136,49,Female,65608.07,37,2021-07-04,Clothing
1137,38,Female,84260.41,98,2022-12-31,Furniture
1138,41,Female,99140.75,71,2021-08-25,Electronics
1139,34,Female,111192.93,78,2023-08-30,Electronics
1140,25,Other,20352.35,74,2020-07-30,Sports
1141,29,Other,42227.16,44,2023-10-24,Furniture
1142,64,Female,58585.08,67,2022-04-26,Electronics
1143,43,Female,71337.92,35,2022-02-17,Clothing
1144,64,Male,93939.4,44,2020-02-07,Clothing
1145,26,Male,115495.32,87,2020-09-08,Furniture
1146,51,Female,113564.05,6,2021-06-07,Clothing
1147,49,Male,91514.73,78,2022-09-01,Clothing
1148,67,Other,98379.01,61,2021-05-23,Clothing
1149,24,Male,103651.84,48,2020-11-05,Electronics
1150,20,Other,125272.86,34,2021-06-18,Clothing
1151,60,Female,111488.36,67,2022-11-30,Sports
1152,47,Female,145900.44,27,2023-10-27,Sports
1153,31,Other,72984.89,64,2022-06-22,Electronics
1154,57,Other,46226.14,58,2020-02-20,Clothing
1155,50,Other,43695.85,50,2021-05-02,Grocery
1156,48,Male,144023.68,42,2022-11-05,Furniture
1157,47,Other,29391.17,32,2022-11-06,Grocery
1158,49,Female,128221.7,9,2022-01-05,Clothing
1159,54,Male,143227.9,59,2023-09-24,Grocery
1160,22,Female,87725.55,85,2022-03-18,Furniture
1161,64,Male,46950.86,69,2022-10-25,Sports
1162,22,Male,85765.54,21,2023-09-18,Electronics
1163,42,Female,56198.94,4,2021-02-24,Sports
1164,65,Female,28306.27,50,2021-06-28,Grocery
1165,22,Female,77781.11,3,2020-11-11,Furniture
1166,68,Other,20095.79,100,2020-04-09,Sports
1167,25,Male,23441.65,36,2020-09-05,Grocery
1168,58,Other,77666.38,84,2023-11-21,Grocery
1169,56,Female,38800.16,97,2022-02-10,Furniture
1170,60,Other,107509.38,14,2023-11-14,Furniture
1171,40,Female,41652.91,82,2020-03-26,Electronics
1172,53,Female,43814.67,33,2022-08-28,Electronics
1173,64,Male,129064.36,37,2023-04-05,Grocery
1174,37,Other,54731.4,55,2020-01-05,Grocery
1175,42,Other,49520.51,54,2020-03-26,Furniture
1176,57,Other,98906.43,75,2020-04-06,Grocery
1177,65,Other,70036.34,51,2020-06-06,Sports
1178,58,Male,65024.89,90,2020-04-17,Clothing
1179,25,Male,79449.56,53,2021-03-11,Furniture
1180,44,Male,66560.75,51,2022-10-14,Electronics
1181,66,Male,106842.13,58,2021-01-21,Clothing
1182,54,Female,149344.37,55,2022-10-10,Electronics
1183,20,Other,84288.99,49,2020-11-18,Sports
1184,30,Male,24528.52,14,2023-01-04,Grocery
1185,25,Male,86715.01,4,2021-06-10,Electronics
1186,38,Male,89486.5,11,2023-03-02,Grocery
1187,42,Other,113994.5,17,2023-04-22,Grocery
1188,42,Other,43241.31,37,2021-11-12,Electronics
1189,67,Female,106128.67,44,2021-03-17,Clothing
1190,63,Male,144284.25,7,2021-11-18,Grocery
1191,49,Male,72854.36,53,2020-02-19,Electronics
1192,28,Female,54187.55,41,2022-09-29,Grocery
1193,51,Male,60869.99,75,2021-03-23,Clothing
1194,22,Female,104501.09,13,2022-10-19,Grocery
1195,56,Male,76947.99,30,2022-01-10,Sports
1196,67,Male,120635.99,88,2020-04-24,Furniture
1197,40,Female,29801.39,57,2020-07-27,Electronics
1198,57,Male,121031.17,77,2020-08-19,Furniture
1199,61,Female,143208.65,4,2021-11-16,Furniture
1200,69,Female,109269.71,25,2021-01-17,Grocery
1201,56,Other,75452.06,5,2022-09-11,Furniture
1202,41,Male,85466.13,15,2022-08-20,Electronics
1203,53,Other,54637.34,35,2021-10-15,Electronics
1204,46,Male,143943.89,50,2021-01-01,Clothing
1205,69,Other,108085.96,58,2020-12-19,Furniture
1206,39,Male,35847.05,64,2020-07-05,Electronics
1207,49,Female,23612.23,81,2021-05-26,Electronics
1208,26,Female,60745.15,63,2020-12-12,Clothing
1209,68,Male,126598.27,11,2020-09-03,Clothing
1210,40,Male,50207.61,67,2023-06-12,Sports
1211,64,Female,33942.41,91,2022-03-05,Sports
1212,68,Male,77781.44,63,2020-11-27,Sports
1213,26,Male,145837.98,48,2023-12-17,Clothing
1214,47,Male,79484.02,15,2023-06-17,Furniture
1215,34,Female,113724.48,51,2022-09-02,Furniture
1216,48,Male,120030.7,7,2020-10-03,Clothing
1217,31,Female,128731.76,41,2020-12-28,Electronics
1218,30,Female,41337.15,70,2023-12-17,Clothing
1219,19,Female,112840.12,97,2020-06-07,Furniture
1220,61,Other,106887.82,44,2020-11-16,Electronics
1221,68,Other,129713.52,5,2023-04-01,Furniture
1222,59,Other,128137.08,2,2021-03-24,Clothing
1223,28,Female,61946.55,1,2022-06-17,Electronics
1224,59,Male,91002.46,91,2022-04-14,Sports
1225,22,Male,116294.68,86,2020-06-21,Clothing
1226,28,Other,62454.6,25,2020-02-29,Sports
1227,52,Female,53734.56,6,2022-09-01,Clothing
1228,52,Female,109086.4,35,2020-04-05,Electronics
1229,62,Female,67148.89,80,2020-07-11,Grocery
1230,58,Other,26020.75,71,2020-12-31,Clothing
1231,25,Female,49842.27,21,2023-07-09,Clothing
1232,37,Other,89221.14,48,2020-12-01,Electronics
1233,60,Male,101512.17,53,2020-08-18,Sports
1234,52,Other,112545.58,64,2023-08-19,Electronics
1235,55,Other,140795.65,58,2023-08-08,Clothing
1236,34,Male,28979.81,32,2020-10-24,Furniture
1237,37,Female,143662.58,4,2020-05-07,Sports
1238,68,Male,134547.02,81,2020-10-02,Electronics
1239,64,Male,58647.71,97,2021-10-18,Electronics
1240,34,Female,72915.42,4,2022-08-24,Sports
1241,66,Female,69016.14,27,2022-02-14,Grocery
1242,53,Female,72912.25,62,2021-03-30,Furniture
1243,30,Female,54441.84,63,2020-07-12,Grocery
1244,65,Other,62267.21,60,2023-07-25,Grocery
1245,25,Male,98850.02,55,2020-01-08,Electronics
1246,62,Other,149786.74,72,2021-11-15,Grocery
1247,67,Male,54469.67,74,2022-04-23,Grocery
1248,44,Male,53630.04,56,2021-04-30,Sports
1249,64,Male,120759.93,50,2020-07-25,Furniture
1250,51,Other,122955.15,69,2023-10-18,Furniture
1251,53,Male,88179.28,41,2022-01-11,Clothing
1252,57,Female,140262.12,44,2022-07-14,Electronics
1253,55,Male,64380.77,33,2023-05-07,Grocery
1254,28,Female,73128.26,68,2020-01-27,Sports
1255,62,Male,116031.51,59,2020-06-03,Sports
1256,45,Female,48291.31,11,2022-02-10,Electronics
1257,54,Male,92059.78,85,2023-04-09,Clothing
1258,45,Male,35478.85,81,2020-07-26,Clothing
1259,66,Male,22476.06,84,2022-11-06,Sports
1260,30,Other,137605.05,31,2021-10-31,Clothing
1261,33,Male,34175.12,98,2021-12-18,Grocery
1262,54,Other,125717.07,52,2023-05-19,Electronics
1263,40,Male,120003.51,16,2022-07-28,Electronics
1264,60,Female,51924.86,91,2020-09-27,Clothing
1265,32,Female,85138.8,59,2023-02-14,Furniture
1266,24,Other,65155.6,89,2021-07-14,Grocery
1267,56,Female,140702.57,66,2023-09-29,Clothing
1268,67,Male,59406.97,48,2022-08-03,Sports
1269,31,Other,101003.38,85,2020-07-04,Clothing
1270,69,Other,31010.07,23,2021-04-18,Clothing
1271,53,Male,30428.41,78,2023-12-29,Grocery
1272,65,Male,80089.32,8,2020-02-29,Electronics
1273,35,Male,84802.4,64,2020-03-14,Grocery
1274,69,Male,49816.32,97,2021-10-13,Electronics
1275,59,Female,60491.02,100,2022-06-19,Sports
1276,36,Male,135694.86,96,2022-10-15,Sports
1277,34,Male,73567.2,4,2020-09-20,Grocery
1278,67,Female,140479.5,24,2022-03-20,Grocery
1279,32,Other,78229.04,27,2021-08-13,Clothing
1280,30,Other,124550.94,51,2020-01-15,Sports
1281,67,Female,72655.38,10,2020-01-23,Furniture
1282,21,Other,31978.41,41,2023-06-29,Clothing
1283,46,Female,82240.16,69,2023-01-27,Clothing
1284,34,Female,48702.95,9,2020-05-09,Grocery
1285,48,Other,122405.43,81,2021-08-23,Grocery
1286,62,Male,84794.35,43,2021-12-18,Grocery
1287,68,Other,143034.04,1,2021-05-04,Clothing
1288,59,Male,38693.87,45,2023-08-13,Electronics
1289,50,Female,68718.53,57,2020-02-22,Furniture
1290,64,Other,44840.83,76,2020-11-30,Sports
1291,23,Male,84864.94,42,2023-05-24,Furniture
1292,47,Male,88776.55,38,2022-05-24,Grocery
1293,18,Other,52400.9,73,2022-06-11,Electronics
1294,36,Other,79767.77,44,2021-12-19,Electronics
1295,52,Other,33197.61,2,2023-10-06,Sports
1296,39,Female,118847.91,19,2023-07-25,Clothing
1297,51,Other,112843.74,35,2023-12-22,Grocery
1298,48,Other,137943.88,42,2021-08-07,Clothing
1299,21,Female,138736.33,20,2020-11-07,Grocery
1300,52,Male,68338.13,22,2020-10-18,Electronics
1301,27,Female,29333.03,55,2023-02-12,Furniture
1302,61,Female,28055.8,40,2020-06-26,Electronics
1303,24,Female,45607.71,83,2020-11-11,Sports
1304,64,Other,43120.51,22,2021-05-21,Sports
1305,66,Female,126696.67,6,2023-12-24,Furniture
1306,46,Other,124433.23,51,2023-05-09,Clothing
1307,55,Female,80651.84,44,2021-07-23,Grocery
1308,61,Female,37190.5,35,2021-03-15,Grocery
1309,30,Female,110673.26,57,2023-09-21,Grocery
1310,61,Female,147211.54,95,2023-07-08,Electronics
1311,36,Male,73550.38,10,2021-01-16,Electronics
1312,45,Female,81190.17,59,2021-12-07,Electronics
1313,18,Male,112027.98,53,2021-09-28,Clothing
1314,28,Other,149040.51,71,2021-05-03,Grocery
1315,44,Female,104825.97,64,2023-07-13,Furniture
1316,54,Male,115151.62,62,2022-07-20,Clothing
1317,64,Other,115592.54,53,2020-08-07,Clothing
1318,21,Other,87154.46,36,2023-04-23,Electronics
1319,32,Female,130842.44,64,2022-11-18,Sports
1320,51,Other,147328.16,33,2023-11-07,Electronics
1321,18,Female,49119.26,33,2023-11-03,Furniture
1322,36,Other,128834.53,1,2023-10-20,Sports
1323,19,Male,67340.53,29,2023-07-21,Sports
1324,36,Female,133165.27,88,2021-07-11,Grocery
1325,22,Male,27882.07,48,2023-10-01,Grocery
1326,37,Male,83716.42,49,2022-12-24,Furniture
1327,64,Female,99856.59,16,2020-05-04,Sports
1328,41,Other,120469.96,38,2020-01-28,Furniture
1329,45,Male,93849.84,23,2023-02-20,Furniture
1330,31,Female,25674.59,22,2021-05-30,Grocery
1331,19,Female,128028.42,9,2022-08-14,Grocery
1332,49,Other,57664.38,11,2023-11-05,Furniture
1333,56,Female,103406.63,53,2023-08-16,Furniture
1334,34,Male,137093.09,90,2021-02-28,Sports
1335,33,Female,34870.73,100,2023-11-27,Electronics
1336,41,Female,126979.93,33,2021-09-04,Sports
1337,62,Male,129525.96,6,2021-02-04,Clothing
1338,66,Female,102079.28,18,2020-04-18,Furniture
1339,45,Male,121853.83,61,2022-01-22,Sports
1340,42,Male,102450.46,2,2023-04-21,Grocery
1341,51,Male,129289.94,19,2022-06-28,Sports
1342,45,Other,105848.71,39,2021-03-16,Sports
1343,30,Male,99331.12,54,2020-06-28,Electronics
1344,65,Other,124265.89,2,2020-07-24,Sports
1345,27,Other,42184.47,70,2022-12-02,Grocery
1346,41,Other,93221.19,39,2021-12-19,Clothing
1347,43,Female,120321.89,87,2023-11-18,Furniture
1348,52,Male,102688.64,52,2023-12-24,Electronics
1349,62,Other,59848.81,77,2023-10-15,Sports
1350,46,Other,24381.08,100,2020-06-02,Grocery
1351,29,Male,29536.0,76,2023-03-28,Grocery
1352,39,Male,119402.09,12,2023-01-07,Sports
1353,41,Other,142857.23,72,2022-05-02,Sports
1354,65,Other,35446.9,51,2023-05-30,Electronics
1355,61,Female,108185.06,1,2023-06-17,Electronics
1356,53,Other,66780.73,93,2020-02-15,Clothing
1357,61,Female,127498.97,78,2023-12-30,Grocery
1358,39,Female,112446.48,80,2020-08-19,Clothing
1359,47,Other,132430.22,92,2022-08-25,Electronics
1360,23,Female,53164.88,10,2020-07-05,Sports
1361,41,Female,31413.91,54,2021-08-05,Furniture
1362,24,Other,148430.47,16,2021-05-22,Furniture
1363,38,Other,48526.55,80,2022-12-04,Furniture
1364,56,Other,23621.71,24,2022-05-04,Furniture
1365,29,Other,67942.29,54,2022-11-05,Grocery
1366,34,Female,69670.09,81,2022-12-16,Grocery
1367,42,Other,146056.9,84,2022-07-15,Grocery
1368,29,Female,82588.74,39,2021-06-11,Clothing
1369,29,Female,39249.81,41,2020-01-10,Sports
1370,49,Other,135620.85,62,2022-08-26,Clothing
1371,64,Other,59909.16,16,2022-10-09,Furniture
1372,19,Male,127613.85,40,2020-01-09,Clothing
1373,27,Male,135268.36,5,2022-08-16,Clothing
1374,33,Male,116588.13,48,2021-12-06,Grocery
1375,57,Other,97936.7,28,2021-01-19,Sports
1376,69,Male,78512.27,77,2022-02-09,Sports
1377,49,Other,147488.72,91,2022-03-28,Furniture
1378,64,Male,42432.48,61,2020-10-03,Furniture
1379,47,Male,51260.76,93,2021-05-04,Electronics
1380,64,Male,84249.31,45,2021-03-16,Sports
1381,60,Other,54527.89,14,2021-01-23,Furniture
1382,39,Female,64319.04,51,2021-12-04,Grocery
1383,22,Male,80602.49,6,2023-02-20,Electronics
1384,61,Male,116535.45,15,2021-06-30,Electronics
1385,26,Other,100528.27,49,2022-12-14,Electronics
1386,41,Female,116404.71,85,2021-03-31,Furniture
1387,48,Male,100237.8,64,2022-07-31,Furniture
1388,24,Male,49316.03,19,2020-10-28,Sports
1389,22,Female,101329.09,29,2022-06-10,Sports
1390,53,Female,102697.63,46,2023-02-23,Furniture
1391,58,Female,36237.53,37,2020-10-03,Sports
1392,42,Other,60773.06,22,2021-08-16,Electronics
1393,46,Male,70162.99,91,2022-04-14,Clothing
1394,58,Other,21324.89,32,2021-03-03,Sports
1395,38,Female,96130.31,33,2023-05-13,Grocery
1396,52,Female,144268.66,8,2022-07-08,Furniture
1397,45,Male,88954.73,40,2022-04-28,Sports
1398,44,Male,136984.01,48,2021-11-17,Clothing
1399,59,Other,71243.05,99,2023-06-16,Electronics
1400,43,Male,52502.4,39,2022-03-03,Electronics
1401,68,Other,49633.96,71,2021-02-08,Clothing
1402,22,Other,53790.53,37,2020-04-03,Sports
1403,63,Female,34407.51,38,2020-03-22,Clothing
1404,22,Male,133695.2,54,2023-05-14,Sports
1405,41,Other,90354.88,86,2020-12-17,Clothing
1406,33,Other,110170.08,52,2022-07-19,Furniture
1407,33,Female,65525.97,74,2020-07-27,Sports
1408,35,Male,100239.71,60,2022-04-04,Clothing
1409,47,Female,50894.55,55,2020-03-16,Electronics
1410,45,Female,78967.46,3,2020-05-24,Electronics
1411,64,Male,93365.33,21,2020-07-19,Electronics
1412,54,Female,144129.07,35,2020-07-09,Electronics
1413,49,Female,23848.93,38,2022-05-12,Grocery
1414,45,Male,55195.76,79,2022-01-09,Sports
1415,50,Female,43807.44,88,2020-06-06,Sports
1416,66,Female,73469.82,57,2021-12-08,Grocery
1417,68,Female,149958.53,14,2022-12-19,Grocery
1418,69,Female,23630.19,11,2021-09-24,Furniture
1419,60,Male,98505.57,77,2021-06-01,Electronics
1420,43,Male,78624.23,58,2023-07-04,Electronics
1421,22,Female,23833.85,99,2023-02-21,Furniture
1422,24,Female,142045.98,4,2020-04-06,Sports
1423,53,Other,56382.71,24,2022-09-15,Furniture
1424,50,Female,91866.38,29,2023-10-03,Clothing
1425,26,Female,111293.4,96,2021-07-28,Grocery
1426,67,Other,76937.34,41,2021-05-20,Furniture
1427,22,Other,146923.34,97,2023-10-25,Electronics
1428,40,Female,46776.93,81,2023-09-16,Clothing
1429,63,Female,118840.89,64,2021-10-18,Sports
1430,49,Other,57562.31,89,2021-06-25,Clothing
1431,68,Female,106923.56,18,2023-09-04,Clothing
1432,20,Male,34882.1,7,2023-04-06,Electronics
1433,63,Male,24358.27,69,2020-06-19,Sports
1434,49,Female,58382.38,51,2020-03-12,Electronics
1435,62,Male,100605.79,41,2022-07-16,Electronics
1436,18,Female,33752.29,49,2022-09-22,Clothing
1437,65,Female,108949.75,61,2022-10-01,Sports
1438,33,Female,143687.3,80,2023-01-23,Grocery
1439,47,Female,98056.2,1,2021-06-18,Furniture
1440,67,Female,48461.58,48,2020-09-08,Electronics
1441,24,Other,47152.01,17,2022-06-25,Grocery
1442,19,Male,91252.36,39,2020-05-24,Grocery
1443,34,Male,86831.63,85,2022-10-21,Grocery
1444,54,Female,75660.6,10,2022-03-11,Furniture
1445,49,Other,38553.55,41,2021-12-25,Electronics
1446,34,Other,111321.58,19,2020-11-26,Sports
1447,21,Other,109037.56,53,2022-10-09,Clothing
1448,65,Male,58847.99,12,2022-04-02,Grocery
1449,47,Other,117287.63,31,2022-09-24,Grocery
1450,44,Female,61870.96,22,2021-05-08,Furniture
1451,54,Other,86428.63,66,2023-06-11,Grocery
1452,49,Female,90841.09,89,2021-10-27,Clothing
1453,21,Male,128701.81,62,2022-02-16,Furniture
1454,49,Female,131068.34,81,2021-02-09,Electronics
1455,28,Other,26421.78,6,2022-11-20,Clothing
1456,36,Other,148033.29,90,2023-04-17,Sports
1457,30,Female,40020.18,22,2021-01-25,Sports
1458,27,Other,149235.46,65,2022-08-13,Clothing
1459,47,Other,39937.12,45,2021-06-24,Clothing
1460,66,Other,49707.48,8,2021-12-27,Grocery
1461,66,Female,60326.36,28,2021-09-07,Electronics
1462,66,Other,53559.93,50,2020-11-15,Electronics
1463,32,Male,127461.27,75,2020-01-19,Clothing
1464,22,Other,126234.72,32,2023-05-01,Grocery
1465,68,Other,75306.64,12,2020-11-22,Clothing
1466,65,Female,90914.4,97,2023-06-26,Furniture
1467,24,Female,33894.91,64,2022-12-10,Electronics
1468,53,Female,123772.62,43,2020-02-29,Grocery
1469,32,Male,26778.95,77,2020-10-15,Electronics
1470,19,Other,149675.3,87,2023-10-01,Electronics
1471,38,Other,29186.02,64,2020-08-23,Electronics
1472,65,Other,133595.78,100,2022-06-17,Furniture
1473,39,Female,49456.8,16,2021-04-20,Clothing
1474,42,Female,109985.62,85,2020-06-23,Clothing
1475,69,Other,96678.18,44,2023-06-03,Grocery
1476,33,Female,34406.47,62,2021-04-03,Electronics
1477,28,Female,112868.55,49,2020-09-11,Furniture
1478,35,Other,20975.15,38,2022-11-25,Electronics
1479,62,Other,25247.13,86,2023-09-25,Furniture
1480,69,Female,115382.07,6,2022-01-20,Grocery
1481,30,Female,123840.99,93,2022-07-19,Electronics
1482,23,Female,136985.88,35,2023-02-09,Electronics
1483,60,Other,24403.21,63,2021-06-30,Clothing
1484,36,Other,23400.45,94,2020-07-20,Sports
1485,41,Other,149986.98,3,2021-06-09,Sports
1486,63,Male,26315.01,53,2023-12-20,Clothing
1487,46,Female,81044.96,90,2023-11-08,Furniture
1488,31,Female,127176.46,1,2023-11-21,Grocery
1489,64,Female,106501.22,44,2020-03-12,Electronics
1490,64,Other,120385.33,66,2022-07-02,Clothing
1491,42,Other,53728.75,12,2023-04-03,Furniture
1492,43,Other,136245.92,16,2021-12-25,Clothing
1493,65,Female,49764.51,93,2023-11-09,Grocery
1494,23,Female,106858.79,9,2021-09-06,Clothing
1495,36,Male,116204.4,16,2022-01-21,Electronics
1496,58,Other,38353.11,72,2020-06-10,Furniture
1497,40,Male,75002.78,56,2020-03-31,Furniture
1498,18,Female,148558.0,40,2023-06-09,Clothing
1499,51,Female,127034.55,31,2023-12-27,Sports
1500,47,Male,23559.81,11,2021-02-11,Grocery
1501,46,Male,44915.28,68,2020-07-10,Clothing
1502,37,Female,43439.05,15,2020-09-26,Electronics
1503,40,Female,128620.58,42,2021-08-12,Furniture
1504,27,Male,53184.49,4,2021-07-05,Clothing
1505,43,Male,31543.11,48,2020-07-29,Sports
1506,38,Female,94342.88,5,2020-12-20,Furniture
1507,59,Male,96661.26,88,2020-12-09,Sports
1508,22,Male,26366.87,58,2023-01-16,Clothing
1509,19,Female,114166.78,74,2022-01-11,Sports
1510,21,Other,84498.25,31,2023-04-04,Electronics
1511,49,Other,22291.9,20,2021-12-04,Furniture
1512,51,Male,39204.79,65,2021-12-25,Sports
1513,63,Male,113089.26,95,2020-09-25,Furniture
1514,67,Other,47877.07,82,2023-08-29,Sports
1515,37,Male,84729.99,52,2020-02-04,Sports
1516,54,Female,95370.19,57,2020-10-07,Sports
1517,46,Female,121804.31,51,2023-11-22,Clothing
1518,57,Male,90071.66,63,2022-01-07,Grocery
1519,22,Other,73838.18,72,2022-02-08,Electronics
1520,51,Male,109235.2,51,2020-01-31,Furniture
1521,25,Other,23398.84,1,2023-08-09,Sports
1522,23,Other,77202.77,1,2020-09-22,Furniture
1523,32,Other,85160.05,68,2020-01-12,Grocery
1524,39,Female,118336.15,2,2020-12-15,Sports
1525,35,Female,51181.23,29,2022-09-12,Clothing
1526,49,Female,122960.4,65,2020-10-12,Grocery
1527,30,Other,48747.36,55,2020-02-02,Clothing
1528,30,Other,30395.84,23,2020-04-06,Sports
1529,67,Male,45372.68,21,2021-10-11,Clothing
1530,44,Male,111062.84,70,2022-07-01,Clothing
1531,45,Female,91899.76,68,2021-08-03,Grocery
1532,32,Female,122535.05,46,2021-10-25,Grocery
1533,54,Other,136626.27,50,2020-08-25,Furniture
1534,23,Male,29717.9,19,2022-11-08,Electronics
1535,56,Male,36643.65,29,2022-08-01,Electronics
1536,63,Other,65296.51,17,2020-03-15,Clothing
1537,55,Other,110161.05,53,2021-09-27,Grocery
1538,66,Male,58125.5,76,2022-07-01,Clothing
1539,62,Female,27086.68,1,2023-02-01,Grocery
1540,68,Female,69590.71,45,2021-09-06,Sports
1541,32,Male,84521.89,18,2023-09-30,Electronics
1542,39,Female,112596.1,4,2022-11-09,Grocery
1543,25,Other,102487.2,32,2022-06-09,Clothing
1544,50,Female,70494.75,87,2022-03-10,Sports
1545,66,Other,27561.72,96,2021-02-11,Clothing
1546,23,Male,102553.95,95,2023-11-18,Clothing
1547,18,Male,33586.25,21,2021-12-09,Grocery
1548,38,Female,116205.04,1,2023-04-20,Sports
1549,30,Male,134699.88,34,2020-11-18,Grocery
1550,39,Female,30046.85,77,2021-06-08,Grocery
1551,45,Male,138433.25,92,2022-01-22,Sports
1552,36,Male,149420.23,40,2021-10-01,Grocery
1553,24,Female,75419.08,96,2020-03-12,Grocery
1554,47,Female,23717.48,60,2022-08-12,Electronics
1555,65,Male,109366.08,54,2021-03-05,Furniture
1556,65,Other,33813.67,9,2020-03-09,Furniture
1557,50,Female,122112.73,31,2021-03-07,Clothing
1558,21,Female,146872.87,32,2020-09-12,Furniture
1559,20,Other,146368.96,84,2022-09-24,Sports
1560,53,Other,27961.55,60,2022-02-13,Sports
1561,43,Female,39906.68,91,2021-02-05,Clothing
1562,50,Female,78630.76,14,2020-02-28,Sports
1563,61,Female,69258.5,98,2022-12-26,Clothing
1564,57,Other,137529.09,67,2023-02-04,Electronics
1565,30,Other,24428.03,92,2022-05-13,Sports
1566,59,Other,140914.02,42,2020-07-15,Clothing
1567,47,Male,104298.63,26,2022-12-27,Furniture
1568,65,Other,139711.12,92,2021-02-20,Furniture
1569,27,Other,134384.2,22,2021-03-19,Electronics
1570,26,Female,133282.79,85,2023-07-15,Grocery
1571,34,Other,65713.74,50,2022-04-23,Clothing
1572,28,Other,40468.83,36,2021-06-19,Furniture
1573,62,Other,145986.2,94,2020-12-03,Furniture
1574,39,Male,33157.75,97,2022-11-25,Electronics
1575,23,Male,27183.05,74,2023-08-20,Electronics
1576,47,Other,134773.5,97,2021-11-02,Sports
1577,23,Female,136743.91,85,2023-07-17,Grocery
1578,54,Female,126101.71,94,2022-01-14,Grocery
1579,49,Other,119052.13,33,2020-01-09,Clothing
1580,59,Male,93800.74,54,2021-11-05,Electronics
1581,26,Other,60235.58,98,2023-06-04,Grocery
1582,30,Male,82409.91,66,2021-12-06,Electronics
1583,59,Other,27247.35,69,2021-01-04,Furniture
1584,48,Female,136280.1,15,2020-03-06,Clothing
1585,53,Female,42019.54,10,2020-01-23,Electronics
1586,67,Male,55857.53,15,2023-12-09,Grocery
1587,37,Female,67181.5,63,2023-07-17,Grocery
1588,55,Other,107347.5,35,2021-05-15,Grocery
1589,30,Female,146225.34,39,2023-01-11,Electronics
1590,43,Other,38479.06,73,2020-06-08,Sports
1591,24,Male,109189.44,22,2020-07-27,Furniture
1592,31,Male,118056.6,53,2021-10-10,Furniture
1593,65,Other,113732.94,67,2021-11-29,Electronics
1594,28,Female,108066.39,28,2020-11-28,Sports
1595,18,Other,37335.3,30,2020-02-13,Grocery
1596,23,Other,148720.52,24,2020-03-01,Sports
1597,23,Male,107781.57,68,2020-09-23,Furniture
1598,41,Male,92826.45,44,2023-11-23,Furniture
1599,55,Female,103003.42,81,2021-12-24,Clothing
1600,36,Female,132360.47,98,2020-03-18,Furniture
1601,30,Male,44497.11,95,2020-09-15,Grocery
1602,47,Other,105526.63,26,2023-12-24,Sports
1603,64,Other,96282.87,5,2022-09-21,Furniture
1604,33,Male,54238.59,61,2023-04-15,Clothing
1605,57,Other,26490.9,30,2021-10-14,Grocery
1606,61,Other,108486.9,46,2020-02-05,Furniture
1607,59,Other,102789.04,24,2021-07-01,Electronics
1608,39,Female,47719.78,2,2022-10-03,Sports
1609,52,Other,90438.19,6,2021-07-09,Grocery
1610,24,Male,23417.56,46,2020-10-26,Clothing
1611,24,Other,139367.87,88,2021-09-09,Grocery
1612,69,Male,149491.74,25,2020-05-25,Sports
1613,37,Female,21517.41,55,2021-03-23,Electronics
1614,65,Female,63235.98,9,2021-03-19,Sports
1615,26,Male,115917.4,63,2021-08-17,Furniture
1616,22,Male,99305.8,2,2022-12-03,Clothing
1617,66,Other,47478.76,76,2021-05-23,Clothing
1618,48,Other,138876.33,66,2023-06-11,Electronics
1619,20,Male,76910.81,19,2020-07-29,Clothing
1620,58,Other,109590.47,18,2022-12-20,Clothing
1621,60,Male,77180.28,97,2022-08-09,Sports
1622,41,Other,77430.48,91,2022-11-14,Clothing
1623,45,Female,52803.44,30,2021-05-07,Furniture
1624,24,Female,62684.83,25,2020-07-11,Electronics
1625,68,Female,50653.95,77,2020-09-13,Furniture
1626,51,Other,61390.39,96,2023-12-05,Furniture
1627,46,Other,80598.85,72,2021-06-20,Sports
1628,21,Male,48184.98,16,2021-07-30,Furniture
1629,66,Male,22022.82,24,2023-09-18,Grocery
1630,46,Other,90342.01,48,2021-09-06,Sports
1631,37,Other,88296.67,53,2020-04-24,Furniture
1632,54,Other,143163.29,79,2020-10-18,Grocery
1633,52,Male,21392.81,65,2020-12-21,Furniture
1634,46,Other,95792.61,85,2021-07-29,Sports
1635,44,Male,124708.89,23,2022-03-29,Electronics
1636,56,Male,86510.17,24,2020-07-17,Electronics
1637,26,Other,22389.49,56,2022-11-22,Furniture
1638,56,Other,80685.82,17,2023-08-15,Electronics
1639,18,Other,65219.78,65,2023-03-27,Grocery
1640,56,Male,109813.2,44,2023-03-27,Sports
1641,29,Male,48888.72,42,2021-06-14,Grocery
1642,65,Other,42664.59,45,2023-03-09,Clothing
1643,32,Other,119065.28,53,2022-04-28,Clothing
1644,25,Other,133579.06,73,2020-02-05,Furniture
1645,32,Male,49560.5,18,2021-02-22,Clothing
1646,36,Other,131462.09,22,2022-08-06,Grocery
1647,41,Female,24012.39,54,2021-11-23,Grocery
1648,50,Male,92351.34,43,2023-05-15,Sports
1649,38,Other,71373.87,66,2020-12-27,Sports
1650,49,Male,101321.43,9,2023-03-03,Electronics
1651,36,Male,149070.79,79,2021-08-10,Sports
1652,35,Female,125320.09,12,2020-12-10,Grocery
1653,68,Female,100832.62,83,2021-01-09,Grocery
1654,69,Other,85167.23,56,2022-06-04,Electronics
1655,23,Female,123990.94,85,2021-11-06,Furniture
1656,65,Other,21915.21,30,2023-05-05,Furniture
1657,18,Female,47387.0,33,2020-09-29,Electronics
1658,35,Other,47959.41,97,2023-06-15,Clothing
1659,23,Other,141862.65,53,2020-09-04,Sports
1660,59,Female,139072.32,43,2022-08-10,Clothing
1661,67,Female,59107.51,60,2021-07-27,Clothing
1662,27,Female,144191.56,65,2020-12-31,Sports
1663,51,Male,53436.67,48,2022-10-17,Clothing
1664,47,Female,145582.1,6,2023-04-06,Sports
1665,18,Male,39438.32,44,2022-05-01,Sports
1666,58,Female,61263.3,7,2021-04-18,Grocery
1667,60,Male,112911.35,18,2021-09-05,Clothing
1668,68,Other,115646.78,31,2023-06-05,Grocery
1669,38,Other,51704.87,26,2022-10-04,Grocery
1670,22,Female,148092.41,28,2022-11-06,Electronics
1671,25,Female,112399.96,21,2021-01-29,Clothing
1672,37,Male,118389.9,15,2021-02-16,Clothing
1673,34,Female,72732.38,75,2020-07-10,Grocery
1674,51,Male,81745.3,10,2022-01-17,Electronics
1675,67,Female,142096.31,19,2020-06-29,Sports
1676,44,Other,36486.71,100,2021-06-22,Clothing
1677,57,Female,45504.68,61,2021-04-23,Furniture
1678,31,Female,79428.86,35,2023-07-18,Clothing
1679,69,Male,37662.83,56,2023-03-04,Clothing
1680,22,Female,57316.63,2,2022-03-06,Clothing
1681,62,Female,128235.7,38,2023-01-27,Clothing
1682,55,Other,113629.27,68,2023-08-26,Electronics
1683,21,Other,140448.78,33,2021-05-30,Clothing
1684,36,Female,63025.79,87,2021-07-11,Furniture
1685,60,Female,84242.23,34,2020-09-23,Grocery
1686,65,Female,61201.38,75,2023-09-10,Sports
1687,69,Other,20601.73,31,2020-06-23,Grocery
1688,37,Other,49255.63,84,2021-02-14,Electronics
1689,59,Male,38707.97,15,2020-03-12,Furniture
1690,60,Male,126557.04,46,2020-12-07,Electronics
1691,36,Female,42785.09,3,2023-02-04,Electronics
1692,21,Male,133821.63,74,2021-05-06,Clothing
1693,56,Other,69832.68,61,2021-01-18,Sports
1694,34,Other,149116.07,85,2021-01-01,Electronics
1695,44,Female,126067.22,64,2023-12-04,Sports
1696,50,Other,29926.54,82,2021-12-11,Furniture
1697,19,Female,97420.95,54,2022-07-29,Sports
1698,21,Other,127453.21,32,2023-12-24,Sports
1699,41,Female,36692.98,10,2023-03-07,Sports
1700,49,Female,78588.39,54,2020-01-07,Electronics
1701,38,Male,97881.9,34,2023-08-01,Electronics
1702,41,Female,149747.91,49,2021-04-26,Grocery
1703,22,Male,101650.55,78,2023-08-12,Grocery
1704,36,Male,143028.17,34,2022-05-15,Electronics
1705,36,Female,93922.46,32,2023-04-06,Sports
1706,59,Other,138577.44,52,2021-09-06,Grocery
1707,62,Male,123025.24,73,2023-07-31,Sports
1708,65,Male,112163.83,84,2022-06-29,Electronics
1709,42,Male,145746.32,52,2023-08-04,Electronics
1710,25,Female,113512.74,66,2022-12-09,Clothing
1711,28,Other,54999.39,79,2022-06-09,Electronics
1712,52,Female,91282.34,72,2022-08-20,Electronics
1713,68,Male,127714.05,20,2020-05-11,Electronics
1714,21,Male,65054.41,16,2022-09-30,Furniture
1715,58,Female,68823.48,49,2023-07-20,Grocery
1716,34,Male,143679.04,5,2022-05-13,Electronics
1717,68,Female,124419.38,51,2020-12-19,Clothing
1718,57,Male,134465.94,94,2020-04-17,Furniture
1719,54,Other,54288.38,31,2022-12-07,Clothing
1720,46,Female,93185.54,79,2021-06-15,Sports
1721,24,Male,38468.84,31,2021-05-29,Furniture
1722,33,Female,30840.25,87,2021-12-24,Furniture
1723,59,Other,139255.26,93,2020-01-13,Furniture
1724,42,Other,103862.09,69,2023-04-14,Grocery
1725,63,Other,145354.6,16,2023-02-18,Sports
1726,20,Female,69469.92,63,2021-12-26,Electronics
1727,65,Female,134480.44,82,2023-09-17,Electronics
1728,67,Male,49669.97,75,2022-11-15,Clothing
1729,28,Female,42230.11,1,2023-10-28,Clothing
1730,40,Male,141551.34,34,2021-07-29,Sports
1731,48,Other,85825.98,69,2020-11-03,Sports
1732,20,Female,29652.09,86,2020-04-30,Furniture
1733,23,Female,23263.45,89,2023-12-18,Grocery
1734,23,Other,142387.08,27,2020-07-20,Grocery
1735,35,Female,99129.71,87,2023-11-13,Grocery
1736,21,Other,137584.58,28,2021-06-14,Grocery
1737,45,Other,39155.1,90,2023-11-06,Sports
1738,43,Female,22102.19,2,2020-01-01,Furniture
1739,29,Other,104244.28,46,2022-03-05,Sports
1740,36,Other,100755.54,43,2020-06-03,Sports
1741,63,Female,123827.59,15,2023-02-10,Electronics
1742,47,Male,143060.08,34,2022-12-19,Furniture
1743,55,Other,45463.85,77,2020-08-04,Furniture
1744,40,Other,134364.0,95,2023-12-13,Sports
1745,20,Other,36183.77,60,2020-05-04,Grocery
1746,35,Male,76801.15,61,2020-10-25,Sports
1747,41,Other,101718.93,52,2023-06-06,Sports
1748,48,Male,122538.5,11,2023-07-07,Furniture
1749,54,Female,61172.96,26,2023-09-15,Sports
1750,46,Female,47289.77,49,2020-01-11,Sports
1751,52,Male,127446.16,95,2022-10-18,Electronics
1752,54,Female,134989.42,32,2020-04-07,Clothing
1753,40,Male,139129.62,52,2023-09-05,Clothing
1754,34,Male,113279.42,12,2022-07-24,Furniture
1755,68,Other,55664.36,22,2021-03-29,Electronics
1756,63,Other,142856.9,47,2023-09-30,Grocery
1757,54,Other,110570.63,13,2023-03-07,Furniture
1758,28,Other,63419.56,48,2021-09-23,Furniture
1759,39,Other,131607.86,51,2021-09-03,Clothing
1760,48,Male,66975.28,50,2021-02-27,Electronics
1761,52,Male,112131.48,4,2022-09-04,Sports
1762,29,Male,75825.9,96,2020-04-25,Electronics
1763,69,Other,45157.82,100,2021-11-20,Electronics
1764,68,Female,129297.85,38,2023-12-05,Grocery
1765,58,Female,130575.53,7,2022-10-05,Sports
1766,21,Female,60201.88,28,2023-10-07,Furniture
1767,56,Male,61846.86,14,2023-08-15,Clothing
1768,39,Female,73931.73,79,2020-05-30,Clothing
1769,46,Other,43338.08,62,2020-11-06,Clothing
1770,54,Other,50395.0,77,2021-02-01,Sports
1771,55,Female,130744.84,93,2020-08-14,Furniture
1772,52,Female,61158.05,93,2021-02-09,Clothing
1773,43,Male,132442.9,78,2022-01-24,Electronics
1774,65,Male,113491.63,22,2020-03-04,Electronics
1775,20,Other,113286.68,87,2023-12-23,Furniture
1776,24,Male,137242.11,32,2021-11-26,Clothing
1777,59,Female,24649.69,75,2022-08-01,Electronics
1778,32,Male,23042.3,10,2021-01-23,Sports
1779,23,Male,20605.05,48,2022-10-15,Grocery
1780,31,Female,113630.36,75,2023-02-07,Electronics
1781,30,Male,118868.18,81,2023-01-17,Furniture
1782,57,Male,66995.75,60,2022-03-09,Clothing
1783,42,Other,63495.47,59,2021-07-26,Clothing
1784,64,Male,138326.48,87,2020-09-19,Sports
1785,44,Male,43218.14,28,2021-08-30,Grocery
1786,61,Female,57756.29,4,2023-04-28,Furniture
1787,27,Male,64752.14,14,2023-04-27,Grocery
1788,23,Male,140774.02,38,2022-03-10,Grocery
1789,20,Female,32279.9,12,2023-05-29,Clothing
1790,61,Other,79621.4,80,2021-11-05,Sports
1791,53,Female,146413.66,47,2022-10-08,Furniture
1792,55,Other,122355.03,1,2023-08-03,Sports
1793,48,Male,93502.53,87,2022-05-17,Sports
1794,41,Male,145739.23,49,2022-03-01,Grocery
1795,20,Male,28362.84,79,2022-12-13,Sports
1796,56,Female,140742.43,58,2020-12-08,Clothing
1797,48,Male,47249.11,79,2020-10-12,Clothing
1798,63,Male,93854.08,23,2021-08-26,Electronics
1799,20,Male,122709.58,11,2022-03-29,Sports
1800,67,Female,28168.58,38,2021-02-08,Electronics
1801,54,Other,107747.71,38,2023-10-08,Sports
1802,42,Other,98067.69,88,2023-05-19,Electronics
1803,65,Female,20216.46,54,2021-10-11,Furniture
1804,19,Female,92954.43,41,2023-06-22,Sports
1805,54,Female,128372.37,52,2020-02-19,Furniture
1806,51,Male,34673.93,76,2020-09-09,Electronics
1807,52,Female,59424.78,14,2022-12-17,Grocery
1808,29,Male,115947.68,38,2020-11-21,Furniture
1809,54,Male,59704.01,67,2020-02-22,Electronics
1810,20,Male,144379.59,12,2022-02-14,Clothing
1811,21,Female,142913.2,72,2023-08-14,Sports
1812,62,Female,65329.77,69,2020-02-28,Grocery
1813,26,Female,52176.14,19,2022-09-06,Sports
1814,56,Female,29361.98,82,2023-12-23,Grocery
1815,24,Male,118062.57,25,2022-11-19,Electronics
1816,42,Female,125832.23,29,2023-09-11,Sports
1817,64,Female,66746.6,9,2020-05-10,Sports
1818,51,Female,68022.49,78,2020-05-25,Electronics
1819,43,Male,45111.56,61,2020-09-29,Grocery
1820,62,Male,118420.33,15,2020-09-04,Electronics
1821,23,Female,30847.92,69,2022-06-13,Clothing
1822,52,Female,64033.59,1,2022-04-22,Furniture
1823,31,Female,70509.81,27,2021-06-26,Furniture
1824,27,Female,127401.92,68,2021-12-17,Grocery
1825,65,Other,129816.02,84,2021-04-02,Clothing
1826,28,Male,88463.86,36,2020-06-25,Clothing
1827,68,Female,148768.09,79,2021-11-01,Clothing
1828,24,Female,143479.16,81,2020-04-19,Electronics
1829,46,Male,30457.65,97,2020-01-01,Sports
1830,40,Female,106165.93,27,2022-02-16,Sports
1831,23,Female,117595.13,44,2020-09-22,Electronics
1832,47,Female,141434.61,10,2023-01-08,Furniture
1833,47,Male,142841.07,38,2023-07-28,Sports
1834,20,Other,146799.79,5,2022-01-02,Clothing
1835,41,Female,77014.93,61,2021-10-29,Clothing
1836,37,Male,76588.6,29,2020-12-06,Grocery
1837,37,Other,81054.05,10,2020-07-26,Clothing
1838,39,Male,131678.43,18,2021-10-06,Electronics
1839,67,Other,70678.19,84,2021-06-04,Grocery
1840,52,Male,146076.0,80,2023-06-10,Grocery
1841,67,Male,76187.02,27,2022-11-20,Sports
1842,65,Male,123332.5,99,2020-02-16,Furniture
1843,29,Other,38431.13,61,2021-06-19,Electronics
1844,64,Male,108930.77,34,2022-06-15,Sports
1845,20,Female,68366.91,2,2020-08-14,Clothing
1846,66,Other,118867.13,33,2023-10-18,Grocery
1847,19,Other,41372.29,48,2020-01-05,Grocery
1848,64,Male,141734.39,52,2023-01-22,Sports
1849,40,Male,143495.06,16,2022-01-14,Electronics
1850,23,Female,149944.11,29,2020-04-23,Sports
1851,65,Other,52749.57,77,2023-01-13,Electronics
1852,48,Male,27673.15,78,2022-04-12,Sports
1853,57,Male,22357.26,38,2022-04-21,Sports
1854,55,Male,97940.14,47,2022-03-24,Clothing
1855,69,Female,120953.39,42,2021-02-21,Furniture
1856,55,Other,131524.42,80,2021-07-12,Sports
1857,41,Other,96898.13,29,2022-07-11,Clothing
1858,25,Female,84089.32,26,2022-04-27,Furniture
1859,35,Male,118714.69,3,2022-03-03,Electronics
1860,22,Other,27019.53,3,2020-06-02,Clothing
1861,39,Other,144450.75,47,2022-09-29,Sports
1862,41,Male,126225.43,13,2020-04-27,Sports
1863,65,Female,49298.53,83,2021-09-03,Electronics
1864,46,Female,134910.19,48,2021-12-30,Furniture
1865,29,Female,75352.56,84,2020-11-09,Electronics
1866,52,Male,53620.63,26,2021-06-15,Clothing
1867,62,Other,53642.58,54,2023-12-12,Clothing
1868,50,Female,137610.68,20,2020-10-19,Clothing
1869,29,Female,127425.69,61,2022-02-03,Electronics
1870,54,Female,101941.71,76,2020-01-09,Furniture
1871,64,Male,78266.03,21,2023-11-28,Sports
1872,39,Other,71378.25,29,2023-07-15,Electronics
1873,44,Other,147521.17,12,2022-06-22,Furniture
1874,19,Other,56975.14,99,2023-07-26,Clothing
1875,57,Other,57219.43,30,2022-12-28,Furniture
1876,48,Other,93451.24,77,2021-09-26,Grocery
1877,37,Male,107862.16,10,2020-06-27,Grocery
1878,25,Other,110140.05,19,2020-12-18,Clothing
1879,44,Male,34254.82,95,2022-06-09,Grocery
1880,39,Male,46009.25,63,2022-10-13,Clothing
1881,38,Other,32590.98,24,2022-09-20,Furniture
1882,59,Female,109251.28,74,2021-07-30,Clothing
1883,43,Male,131107.72,72,2023-12-29,Sports
1884,27,Male,41691.56,88,2021-03-24,Sports
1885,60,Male,74314.87,22,2023-03-23,Clothing
1886,25,Female,142275.92,84,2021-02-28,Clothing
1887,26,Other,33332.85,10,2023-04-20,Sports
1888,29,Male,100382.49,75,2021-12-07,Electronics
1889,48,Other,20585.21,21,2020-02-18,Grocery
1890,41,Male,135106.78,59,2021-07-16,Grocery
1891,24,Male,64570.7,73,2022-07-19,Clothing
1892,59,Female,111868.02,13,2023-04-29,Electronics
1893,18,Male,129074.44,20,2020-07-03,Clothing
1894,50,Other,42808.21,76,2021-02-09,Clothing
1895,61,Other,67049.36,81,2022-04-26,Sports
1896,44,Male,134606.05,92,2021-10-09,Grocery
1897,28,Other,141756.51,63,2023-05-07,Clothing
1898,34,Female,68272.18,26,2021-12-05,Grocery
1899,51,Other,28820.69,80,2023-12-02,Grocery
1900,25,Male,47682.9,99,2022-02-14,Sports
1901,53,Female,96669.9,36,2020-10-10,Clothing
1902,38,Male,50163.36,39,2023-10-05,Grocery
1903,38,Male,45133.08,2,2021-01-14,Sports
1904,27,Female,34213.89,13,2023-04-15,Clothing
1905,18,Other,131188.09,3,2023-10-09,Grocery
1906,33,Other,88854.19,48,2023-08-16,Sports
1907,28,Other,102500.46,28,2023-01-22,Furniture
1908,56,Female,75267.85,30,2023-02-17,Clothing
1909,49,Other,30417.27,71,2021-03-04,Sports
1910,37,Other,130407.21,18,2023-10-04,Sports
1911,50,Male,67582.68,52,2021-04-24,Grocery
1912,36,Female,34482.57,41,2022-08-11,Grocery
1913,31,Female,67812.14,82,2022-08-30,Sports
1914,23,Male,82741.48,25,2023-01-12,Clothing
1915,40,Male,59661.51,28,2020-10-25,Clothing
1916,56,Other,44655.78,5,2021-09-24,Electronics
1917,20,Male,21094.74,96,2020-12-26,Electronics
1918,51,Male,47770.76,45,2020-10-25,Clothing
1919,37,Other,140655.94,9,2022-12-05,Sports
1920,21,Female,106905.44,66,2021-08-10,Grocery
1921,41,Female,98130.48,46,2022-05-05,Grocery
1922,62,Male,60712.15,28,2022-05-06,Grocery
1923,27,Male,91851.14,5,2023-06-19,Clothing
1924,27,Male,102466.56,47,2020-04-12,Sports
1925,45,Male,107106.7,30,2022-10-08,Clothing
1926,28,Other,125954.14,27,2020-07-05,Sports
1927,21,Female,43673.57,63,2022-04-28,Furniture
1928,39,Male,129067.32,70,2020-10-02,Electronics
1929,63,Female,130203.52,15,2022-03-16,Sports
1930,22,Female,39220.36,75,2020-04-14,Electronics
1931,67,Female,97177.73,73,2022-11-03,Electronics
1932,45,Male,59790.26,81,2022-08-02,Grocery
1933,25,Female,122623.11,56,2022-12-31,Grocery
1934,37,Other,101178.22,99,2021-11-27,Grocery
1935,53,Male,84362.84,97,2020-06-28,Grocery
1936,51,Other,111235.29,24,2020-07-10,Electronics
1937,45,Male,99970.83,15,2020-02-12,Clothing
1938,60,Other,117669.05,62,2022-02-21,Electronics
1939,66,Male,129297.26,73,2023-06-17,Clothing
1940,35,Other,26089.87,21,2023-04-07,Electronics
1941,30,Male,21106.83,49,2020-12-09,Sports
1942,41,Male,112878.09,93,2020-06-09,Furniture
1943,27,Female,57653.67,90,2022-10-03,Sports
1944,40,Male,47233.43,66,2021-08-14,Clothing
1945,30,Female,21148.34,11,2023-12-28,Electronics
1946,34,Female,133605.54,22,2021-11-25,Electronics
1947,21,Male,146262.38,2,2020-01-20,Electronics
1948,51,Female,135373.81,51,2020-04-29,Sports
1949,30,Male,107888.46,63,2021-03-26,Furniture
1950,41,Other,121667.97,95,2022-06-21,Grocery
1951,37,Male,60475.08,47,2020-01-15,Sports
1952,34,Other,89975.28,81,2021-03-14,Sports
1953,42,Male,27100.56,52,2023-07-02,Clothing
1954,35,Female,95917.49,18,2021-11-28,Clothing
1955,58,Female,127947.66,66,2021-04-12,Sports
1956,60,Male,67648.45,85,2022-06-12,Furniture
1957,30,Male,24051.36,11,2020-01-16,Electronics
1958,40,Male,71737.12,77,2022-03-27,Electronics
1959,30,Male,123715.5,34,2021-05-23,Grocery
1960,55,Male,144059.41,69,2021-03-01,Electronics
1961,44,Male,119079.41,67,2021-10-08,Sports
1962,36,Male,108289.94,31,2021-10-02,Clothing
1963,47,Female,79218.67,17,2020-05-31,Sports
1964,63,Other,92555.42,20,2021-04-05,Electronics
1965,51,Male,102943.41,81,2020-08-06,Furniture
1966,41,Other,113213.95,10,2022-07-18,Sports
1967,26,Female,47789.72,88,2022-02-14,Grocery
1968,24,Other,42691.83,24,2021-04-14,Furniture
1969,48,Male,149683.98,80,2020-05-03,Grocery
1970,29,Other,53452.73,54,2022-02-13,Furniture
1971,67,Male,49573.94,13,2020-02-20,Furniture
1972,39,Other,58765.25,26,2022-08-23,Electronics
1973,37,Female,80128.57,95,2023-03-03,Electronics
1974,33,Other,40254.03,27,2022-01-31,Clothing
1975,68,Female,88424.03,51,2022-12-27,Clothing
1976,65,Other,37671.68,37,2021-11-26,Sports
1977,66,Male,129153.52,80,2021-03-25,Furniture
1978,20,Other,21335.34,63,2023-05-01,Electronics
1979,63,Female,120669.99,90,2020-02-20,Clothing
1980,36,Other,56184.06,94,2022-03-15,Furniture
1981,48,Other,133546.4,5,2023-07-05,Furniture
1982,24,Other,87971.92,75,2020-05-20,Furniture
1983,20,Male,104001.79,33,2023-12-18,Grocery
1984,54,Other,52689.63,56,2022-07-05,Grocery
1985,30,Female,109998.09,32,2020-07-15,Grocery
1986,63,Male,51413.48,60,2020-03-17,Furniture
1987,40,Male,22915.89,96,2022-12-11,Furniture
1988,42,Other,28599.7,88,2021-01-29,Sports
1989,52,Other,29233.38,96,2023-10-11,Sports
1990,44,Female,71525.97,10,2021-08-24,Grocery
1991,60,Female,86426.35,78,2020-08-01,Electronics
1992,18,Male,53429.54,32,2020-03-25,Clothing
1993,59,Female,98952.15,78,2023-09-15,Clothing
1994,58,Male,125594.79,19,2023-05-01,Electronics
1995,23,Female,132982.66,72,2022-12-12,Electronics
1996,35,Female,27058.94,54,2022-03-01,Clothing
1997,37,Other,135375.09,97,2022-06-20,Clothing
1998,25,Other,125903.56,34,2021-02-03,Sports
1999,52,Other,32524.0,27,2023-06-06,Sports
2000,43,Other,35741.52,1,2021-04-08,Grocery
2001,54,Other,39656.1,77,2020-09-04,Sports
2002,18,Female,54742.69,54,2022-08-30,Sports
2003,25,Female,28983.76,57,2021-08-17,Furniture
2004,45,Female,72830.39,49,2021-07-21,Clothing
2005,51,Male,20624.34,10,2020-11-08,Grocery
2006,28,Other,68951.47,61,2023-08-13,Grocery
2007,55,Male,34781.51,67,2021-01-29,Electronics
2008,67,Other,50618.58,77,2021-04-06,Electronics
2009,39,Other,21678.85,18,2021-05-07,Sports
2010,55,Female,60620.37,97,2022-11-09,Grocery
2011,68,Male,140982.68,25,2023-03-19,Electronics
2012,43,Male,52914.96,45,2022-05-03,Electronics
2013,27,Female,24706.64,85,2021-01-17,Clothing
2014,50,Male,78883.42,30,2020-09-10,Electronics
2015,53,Female,87793.58,49,2020-05-30,Furniture
2016,64,Other,112574.38,10,2021-05-03,Clothing
2017,44,Other,94736.25,46,2021-07-29,Electronics
2018,54,Female,46293.67,49,2022-12-02,Grocery
2019,53,Female,44286.36,38,2022-11-06,Grocery
2020,32,Female,95266.72,34,2022-11-14,Electronics
2021,50,Female,124580.64,17,2023-08-31,Electronics
2022,27,Female,44836.39,83,2020-06-27,Furniture
2023,66,Male,65331.07,82,2020-01-10,Sports
2024,41,Male,117000.24,65,2022-10-21,Clothing
2025,64,Female,111345.07,5,2021-12-31,Electronics
2026,68,Female,78313.41,5,2022-07-05,Clothing
2027,62,Other,80657.72,56,2020-12-15,Grocery
2028,28,Male,41545.75,15,2021-10-24,Grocery
2029,35,Female,119400.95,7,2023-08-01,Grocery
2030,69,Female,109362.84,40,2023-02-12,Grocery
2031,22,Other,28016.46,54,2020-05-02,Clothing
2032,62,Female,131487.46,29,2022-10-01,Sports
2033,21,Male,124790.76,91,2022-01-05,Electronics
2034,29,Other,107366.12,29,2021-01-23,Grocery
2035,20,Other,146907.37,93,2022-04-05,Clothing
2036,28,Other,148370.55,1,2022-08-25,Electronics
2037,68,Male,66879.58,86,2021-02-04,Furniture
2038,22,Male,140890.21,35,2023-02-26,Furniture
2039,55,Other,35868.27,33,2022-04-09,Clothing
2040,19,Other,37997.58,7,2020-09-28,Grocery
2041,52,Male,79236.07,81,2023-11-01,Sports
2042,45,Other,70019.43,82,2021-12-17,Clothing
2043,69,Male,32760.14,73,2022-06-11,Furniture
2044,58,Male,23737.17,38,2020-04-06,Clothing
2045,24,Male,73849.93,52,2021-06-24,Clothing
2046,69,Male,68519.51,57,2021-11-04,Sports
2047,50,Female,87878.74,40,2023-04-27,Electronics
2048,20,Male,74703.33,1,2020-03-10,Grocery
2049,32,Other,71100.74,20,2023-12-14,Clothing
2050,60,Male,89881.17,24,2023-08-11,Grocery
2051,59,Male,26202.94,42,2020-05-05,Furniture
2052,56,Other,145483.03,21,2022-02-28,Clothing
2053,43,Female,100508.53,15,2021-09-15,Sports
2054,30,Other,86493.52,3,2020-02-28,Grocery
2055,57,Male,35984.42,70,2021-11-11,Sports
2056,18,Female,115348.83,78,2021-05-19,Electronics
2057,22,Male,133922.9,28,2021-03-01,Grocery
2058,33,Male,146938.23,48,2023-09-26,Electronics
2059,49,Female,58914.52,57,2021-08-11,Electronics
2060,28,Other,84510.18,57,2022-10-13,Sports
2061,37,Other,119439.6,33,2020-06-09,Sports
2062,52,Other,33822.43,99,2021-01-19,Furniture
2063,39,Male,99596.04,69,2021-09-01,Sports
2064,41,Female,56970.12,79,2020-03-16,Grocery
2065,32,Other,56109.62,96,2020-07-09,Grocery
2066,31,Female,114231.73,56,2023-01-06,Clothing
2067,47,Other,143488.52,22,2023-07-17,Grocery
2068,62,Female,39431.63,84,2022-11-25,Clothing
2069,43,Male,130540.65,45,2023-09-19,Grocery
2070,61,Female,60977.87,73,2023-07-01,Clothing
2071,27,Other,70831.24,36,2022-07-22,Sports
2072,61,Female,92554.98,63,2020-07-14,Sports
2073,24,Other,94192.09,57,2023-09-24,Furniture
2074,54,Male,59711.61,95,2023-08-24,Grocery
2075,48,Male,45263.81,58,2023-12-06,Clothing
2076,34,Other,119324.86,24,2022-09-10,Grocery
2077,52,Other,74148.48,62,2020-06-11,Grocery
2078,69,Male,102072.62,65,2022-07-06,Electronics
2079,58,Male,39613.99,96,2021-10-15,Furniture
2080,26,Female,67622.28,40,2020-01-30,Sports
2081,36,Female,43360.17,48,2022-03-21,Sports
2082,18,Female,99856.55,82,2022-12-27,Sports
2083,45,Female,31220.92,13,2023-05-13,Furniture
2084,36,Male,141477.4,67,2021-11-12,Clothing
2085,48,Female,50064.58,37,2021-11-15,Clothing
2086,33,Female,145778.26,47,2023-07-21,Furniture
2087,48,Female,25565.02,55,2022-05-28,Clothing
2088,33,Female,45906.6,80,2022-05-24,Electronics
2089,26,Other,132661.56,21,2021-08-29,Clothing
2090,65,Male,67149.48,29,2020-07-28,Furniture
2091,23,Female,137374.42,76,2023-11-17,Sports
2092,27,Female,55845.46,66,2021-07-09,Furniture
2093,32,Male,47825.96,6,2023-12-25,Furniture
2094,31,Male,108948.84,2,2021-09-15,Furniture
2095,65,Female,99562.58,100,2023-11-03,Grocery
2096,66,Female,104289.79,74,2022-10-20,Electronics
2097,22,Female,133108.47,90,2022-12-09,Furniture
2098,54,Female,38766.38,58,2023-09-10,Grocery
2099,42,Female,66716.5,27,2020-11-08,Clothing
2100,31,Male,57263.52,53,2020-01-24,Sports
2101,22,Other,80065.14,74,2020-04-08,Clothing
2102,59,Female,134612.0,70,2020-09-19,Clothing
2103,27,Other,81452.37,34,2020-08-30,Clothing
2104,30,Female,101075.32,14,2022-01-26,Clothing
2105,30,Other,120026.94,78,2021-10-23,Clothing
2106,53,Other,136416.45,30,2020-06-21,Grocery
2107,55,Other,23144.16,29,2021-07-10,Sports
2108,31,Male,84491.15,98,2021-05-07,Clothing
2109,55,Other,144273.89,74,2021-12-02,Grocery
2110,23,Male,69402.83,12,2023-03-13,Clothing
2111,33,Male,145187.41,22,2020-09-05,Grocery
2112,23,Male,78265.01,65,2023-11-24,Grocery
2113,57,Male,138242.32,4,2023-03-19,Furniture
2114,49,Female,135256.11,37,2023-08-04,Furniture
2115,65,Female,73925.97,32,2021-09-10,Electronics
2116,38,Other,81580.19,34,2020-05-15,Sports
2117,36,Male,120278.31,1,2023-11-17,Electronics
2118,58,Other,40244.54,5,2021-02-15,Electronics
2119,65,Other,28297.0,62,2022-10-20,Furniture
2120,20,Other,148055.48,94,2021-03-05,Grocery
2121,61,Male,82259.09,28,2023-06-07,Clothing
2122,31,Male,58223.87,1,2023-05-29,Electronics
2123,38,Female,35666.83,66,2023-06-04,Sports
2124,57,Male,105994.44,59,2022-07-12,Furniture
2125,46,Male,64563.24,96,2020-03-30,Electronics
2126,48,Male,26031.53,60,2021-04-09,Electronics
2127,61,Other,142275.51,55,2022-08-09,Grocery
2128,33,Other,37815.85,53,2022-04-07,Clothing
2129,58,Female,121714.82,21,2022-04-29,Grocery
2130,53,Other,110695.48,58,2021-05-14,Electronics
2131,59,Other,108359.06,93,2023-10-27,Electronics
2132,27,Other,75870.73,90,2020-06-16,Furniture
2133,53,Female,21670.4,17,2023-07-08,Electronics
2134,64,Female,129824.27,18,2021-04-30,Clothing
2135,30,Male,70010.51,53,2023-09-27,Electronics
2136,51,Male,101437.41,16,2023-01-09,Clothing
2137,19,Male,23505.52,91,2023-01-02,Sports
2138,66,Female,102694.24,57,2020-07-31,Grocery
2139,59,Female,67700.72,98,2021-06-22,Electronics
2140,25,Female,54885.92,99,2023-07-07,Electronics
2141,27,Male,41396.59,24,2023-01-26,Grocery
2142,30,Other,24325.0,12,2023-06-17,Furniture
2143,35,Male,102362.43,73,2021-01-17,Electronics
2144,66,Other,132959.52,10,2020-03-29,Electronics
2145,26,Male,92176.54,52,2020-09-01,Clothing
2146,59,Female,117245.34,36,2022-06-01,Sports
2147,66,Female,49966.09,61,2022-06-29,Sports
2148,58,Male,27771.03,84,2021-04-21,Clothing
2149,48,Male,122114.75,8,2021-10-05,Furniture
2150,59,Male,143319.2,19,2022-04-24,Clothing
2151,48,Female,94736.2,46,2021-03-21,Electronics
2152,36,Other,77646.07,52,2021-06-18,Furniture
2153,58,Male,107428.65,54,2022-01-08,Clothing
2154,35,Male,60633.81,86,2020-12-27,Clothing
2155,30,Male,91895.77,87,2021-03-18,Grocery
2156,47,Male,99452.85,54,2021-06-04,Sports
2157,63,Male,127652.82,76,2023-03-22,Grocery
2158,64,Female,92213.65,73,2022-08-17,Sports
2159,67,Other,110584.12,29,2020-12-29,Sports
2160,51,Other,71082.39,66,2023-06-21,Electronics
2161,58,Female,97993.83,68,2020-09-18,Sports
2162,26,Female,114887.25,79,2021-12-08,Electronics
2163,35,Male,111439.82,14,2023-03-17,Clothing
2164,25,Male,29370.67,92,2023-04-26,Clothing
2165,37,Male,82691.36,26,2023-06-18,Electronics
2166,39,Male,118403.39,63,2021-11-09,Furniture
2167,68,Other,105845.21,39,2023-01-11,Grocery
2168,67,Other,109380.13,39,2021-06-03,Electronics
2169,51,Female,134304.3,26,2023-09-02,Sports
2170,45,Other,140997.19,98,2020-06-17,Grocery
2171,45,Other,50354.59,54,2021-10-02,Furniture
2172,33,Male,36080.07,93,2023-04-19,Clothing
2173,39,Female,129931.09,91,2021-06-13,Grocery
2174,63,Other,134666.38,16,2021-03-17,Electronics
2175,27,Female,89105.02,34,2023-12-20,Grocery
2176,36,Other,46253.79,42,2022-10-14,Sports
2177,32,Male,59134.01,77,2022-03-26,Electronics
2178,28,Male,72659.33,44,2020-03-29,Furniture
2179,61,Female,56900.21,22,2023-07-03,Sports
2180,52,Female,116291.89,81,2023-11-08,Furniture
2181,48,Other,103618.23,49,2022-05-13,Clothing
2182,33,Female,73826.54,42,2020-07-07,Furniture
2183,56,Other,71360.55,77,2021-01-10,Clothing
2184,36,Male,127739.68,93,2022-08-27,Electronics
2185,50,Other,120030.19,1,2021-12-14,Grocery
2186,35,Male,85673.21,70,2023-07-01,Grocery
2187,27,Other,119910.03,89,2021-11-09,Grocery
2188,22,Female,21947.13,66,2021-09-06,Clothing
2189,44,Female,116307.94,71,2020-03-23,Grocery
2190,62,Female,40255.07,55,2023-10-13,Electronics
2191,63,Male,39826.35,76,2023-12-24,Electronics
2192,37,Other,40018.18,3,2020-06-02,Clothing
2193,24,Female,36632.26,5,2021-10-12,Sports
2194,23,Other,96600.58,54,2021-05-04,Electronics
2195,68,Other,31450.32,95,2021-04-15,Electronics
2196,37,Other,99598.78,27,2021-07-23,Grocery
2197,45,Other,38029.48,58,2022-12-16,Clothing
2198,39,Female,49132.53,3,2021-02-25,Grocery
2199,68,Male,87893.55,90,2022-11-23,Sports
2200,42,Other,148676.92,44,2021-09-09,Furniture
2201,23,Male,114819.52,75,2022-12-27,Clothing
2202,40,Female,47143.3,14,2020-02-04,Grocery
2203,30,Female,37983.44,38,2022-11-11,Grocery
2204,36,Male,75506.0,24,2020-04-04,Clothing
2205,25,Male,73075.09,85,2020-06-02,Furniture
2206,53,Male,104465.95,94,2022-01-17,Electronics
2207,37,Other,120283.2,89,2022-01-04,Grocery
2208,56,Other,53624.24,56,2021-11-06,Electronics
2209,30,Other,119830.85,90,2020-10-20,Electronics
2210,64,Female,100614.71,32,2020-03-17,Electronics
2211,34,Other,108591.05,44,2021-08-05,Electronics
2212,27,Other,36530.59,35,2021-09-13,Grocery
2213,46,Other,21709.33,12,2023-01-15,Sports
2214,52,Female,106644.17,48,2022-11-08,Clothing
2215,40,Male,22861.83,43,2020-02-03,Furniture
2216,29,Male,119314.26,37,2021-07-31,Electronics
2217,53,Other,129564.23,16,2023-07-12,Clothing
2218,58,Male,35765.36,44,2021-09-11,Sports
2219,27,Female,60151.22,68,2022-03-07,Clothing
2220,27,Female,133440.47,9,2020-01-28,Grocery
2221,60,Other,90887.56,99,2020-07-12,Clothing
2222,42,Male,123671.62,88,2022-08-01,Clothing
2223,26,Female,81984.32,79,2020-11-24,Electronics
2224,38,Female,46247.55,57,2023-07-21,Electronics
2225,56,Male,122646.29,41,2021-03-28,Electronics
2226,22,Female,71028.45,41,2022-06-18,Furniture
2227,57,Male,143977.89,61,2022-08-04,Electronics
2228,47,Other,33480.01,52,2020-05-10,Furniture
2229,67,Male,121408.14,72,2021-09-12,Grocery
2230,37,Other,99392.68,84,2021-05-12,Sports
2231,64,Male,59086.33,39,2022-03-30,Clothing
2232,19,Female,97055.39,81,2021-10-04,Sports
2233,38,Female,27843.11,82,2022-07-05,Grocery
2234,35,Other,33338.37,37,2021-06-07,Furniture
2235,47,Male,76735.59,26,2022-08-06,Sports
2236,41,Other,38983.81,83,2023-07-25,Grocery
2237,18,Female,75077.1,27,2021-12-07,Furniture
2238,48,Male,52800.22,73,2022-04-08,Sports
2239,35,Male,32402.92,95,2022-11-18,Clothing
2240,64,Female,22104.38,83,2022-07-17,Sports
2241,59,Male,85967.16,74,2021-12-21,Clothing
2242,47,Male,119253.25,49,2020-11-23,Grocery
2243,45,Other,129285.5,56,2020-01-17,Sports
2244,37,Male,63265.87,3,2020-04-27,Electronics
2245,48,Male,126002.42,30,2023-03-01,Furniture
2246,62,Female,90579.16,98,2021-05-01,Sports
2247,56,Female,132167.86,36,2023-04-22,Sports
2248,67,Male,82669.63,5,2022-12-16,Furniture
2249,68,Female,133158.61,81,2021-11-12,Electronics
2250,57,Other,109104.42,24,2022-12-23,Clothing
2251,37,Female,46810.1,14,2020-06-27,Furniture
2252,45,Other,129059.25,86,2023-09-18,Furniture
2253,28,Other,41229.42,30,2023-12-20,Clothing
2254,62,Other,117007.34,65,2023-11-18,Furniture
2255,42,Male,132261.43,19,2022-08-23,Grocery
2256,21,Other,123919.26,47,2022-02-23,Sports
2257,31,Female,102403.29,59,2021-11-07,Clothing
2258,38,Other,144785.31,17,2021-07-01,Electronics
2259,68,Female,126636.15,90,2023-04-04,Grocery
2260,48,Female,113870.51,86,2023-05-10,Electronics
2261,33,Female,87608.16,56,2022-06-14,Clothing
2262,47,Female,100453.05,25,2022-12-14,Clothing
2263,41,Female,85001.84,26,2023-10-22,Sports
2264,33,Other,64958.0,100,2022-02-18,Furniture
2265,25,Other,65553.94,4,2022-05-29,Electronics
2266,24,Female,71681.36,96,2020-05-11,Sports
2267,38,Male,135510.74,66,2021-08-06,Furniture
2268,60,Male,147868.53,68,2021-04-03,Grocery
2269,48,Male,97407.58,63,2022-10-17,Furniture
2270,61,Other,146324.26,76,2020-06-30,Electronics
2271,48,Female,112154.41,70,2021-05-27,Grocery
2272,20,Female,123259.78,74,2021-02-14,Grocery
2273,18,Female,36649.81,53,2023-11-02,Clothing
2274,25,Male,60566.92,52,2020-09-08,Sports
2275,20,Male,94790.27,35,2021-08-09,Clothing
2276,59,Other,44239.49,70,2021-09-22,Electronics
2277,58,Male,39118.99,83,2022-01-06,Sports
2278,21,Female,83403.19,36,2020-05-23,Furniture
2279,29,Female,89981.54,20,2022-03-21,Furniture
2280,31,Other,77322.82,88,2022-10-09,Grocery
2281,21,Male,26259.84,90,2022-02-25,Sports
2282,27,Female,138794.53,96,2022-08-04,Grocery
2283,28,Male,21533.76,26,2023-01-02,Clothing
2284,29,Female,60130.04,50,2021-10-26,Sports
2285,44,Other,126636.83,79,2021-06-19,Grocery
2286,51,Other,106912.05,51,2020-03-02,Sports
2287,61,Other,105996.43,60,2022-12-22,Furniture
2288,42,Male,117655.29,63,2022-05-01,Sports
2289,28,Male,62656.97,77,2020-05-25,Clothing
2290,36,Female,76566.95,21,2021-04-22,Sports
2291,61,Male,32141.6,10,2020-01-28,Grocery
2292,29,Other,40207.3,71,2020-12-12,Grocery
2293,44,Male,104014.49,86,2022-07-08,Clothing
2294,50,Female,103191.72,49,2022-12-03,Clothing
2295,44,Other,21588.09,1,2021-10-28,Grocery
2296,44,Female,81422.58,85,2021-12-30,Grocery
2297,25,Female,32221.97,15,2021-05-12,Sports
2298,23,Female,86271.43,95,2023-02-12,Electronics
2299,58,Female,23751.57,47,2020-08-28,Furniture
2300,47,Other,22505.97,51,2023-03-06,Electronics
2301,59,Male,52317.67,39,2020-07-17,Grocery
2302,60,Other,21559.17,51,2021-01-15,Furniture
2303,54,Other,90044.68,98,2021-07-19,Electronics
2304,38,Other,21136.55,96,2022-04-20,Furniture
2305,65,Male,78174.08,71,2021-07-05,Electronics
2306,20,Other,89751.72,50,2022-01-21,Grocery
2307,47,Other,85805.5,4,2022-05-27,Clothing
2308,26,Male,125550.51,4,2020-03-15,Sports
2309,24,Other,135247.09,33,2023-09-21,Electronics
2310,33,Male,133920.83,70,2020-09-26,Grocery
2311,22,Other,75248.72,14,2022-07-31,Furniture
2312,46,Male,145716.88,6,2022-04-02,Grocery
2313,29,Other,99330.35,34,2022-12-22,Clothing
2314,19,Other,51387.0,8,2020-10-08,Sports
2315,56,Male,47012.45,97,2020-07-02,Clothing
2316,50,Female,67355.55,54,2021-02-03,Grocery
2317,29,Other,109470.27,47,2022-10-28,Electronics
2318,59,Other,91907.69,59,2021-05-03,Electronics
2319,48,Male,36726.11,97,2023-01-10,Furniture
2320,51,Other,81307.63,93,2020-04-27,Grocery
2321,60,Male,52327.73,21,2022-07-15,Grocery
2322,39,Male,143465.91,16,2020-10-19,Furniture
2323,53,Female,75664.77,39,2021-12-01,Grocery
2324,57,Other,30160.17,84,2020-06-15,Grocery
2325,51,Female,84616.49,92,2023-09-03,Sports
2326,40,Other,73261.72,77,2022-10-03,Electronics
2327,30,Female,68278.31,35,2020-11-25,Furniture
2328,32,Male,33760.32,91,2020-04-06,Grocery
2329,25,Female,54796.67,26,2023-02-14,Clothing
2330,20,Male,98354.13,97,2021-07-19,Electronics
2331,22,Male,72929.82,64,2022-06-29,Clothing
2332,49,Other,145455.21,11,2023-07-28,Electronics
2333,49,Female,73462.96,24,2023-01-01,Grocery
2334,25,Female,138515.45,31,2023-07-19,Clothing
2335,34,Female,31553.59,53,2020-11-23,Electronics
2336,56,Female,128093.26,86,2021-03-23,Clothing
2337,50,Other,28634.58,42,2022-02-16,Furniture
2338,51,Female,28089.59,43,2021-12-30,Clothing
2339,48,Other,68749.8,8,2021-10-26,Electronics
2340,53,Other,21976.37,83,2023-11-19,Furniture
2341,49,Male,67161.26,48,2022-02-21,Sports
2342,50,Other,149294.93,77,2021-09-02,Electronics
2343,50,Female,88490.55,47,2021-01-20,Electronics
2344,58,Other,89745.67,81,2023-11-05,Electronics
2345,23,Female,116960.4,52,2021-02-17,Clothing
2346,41,Female,52961.66,12,2020-04-02,Grocery
2347,41,Male,23176.67,1,2022-10-01,Grocery
2348,30,Female,116374.91,48,2022-12-13,Clothing
2349,39,Other,51673.71,12,2023-07-12,Electronics
2350,58,Male,68651.35,72,2020-12-18,Sports
2351,59,Male,27833.35,79,2023-06-29,Furniture
2352,38,Other,130197.91,81,2020-07-06,Furniture
2353,23,Female,28768.82,26,2020-12-06,Grocery
2354,43,Female,109822.31,22,2023-09-22,Furniture
2355,33,Other,105035.13,44,2023-06-29,Grocery
2356,18,Other,149892.89,6,2022-05-25,Furniture
2357,46,Other,112358.7,92,2023-09-11,Furniture
2358,63,Male,74207.98,73,2021-04-15,Grocery
2359,50,Male,77344.08,56,2022-12-25,Clothing
2360,45,Other,128533.23,75,2020-05-13,Sports
2361,25,Female,62571.3,61,2022-05-20,Clothing
2362,45,Female,25506.59,73,2021-09-14,Electronics
2363,34,Female,59046.84,15,2020-06-25,Sports
2364,19,Other,143843.76,82,2023-11-09,Sports
2365,34,Male,25196.1,22,2022-09-29,Clothing
2366,30,Female,46291.01,26,2021-10-11,Sports
2367,29,Other,144995.39,16,2021-10-23,Furniture
2368,22,Male,135844.47,14,2021-10-17,Sports
2369,48,Other,148461.42,54,2023-06-17,Furniture
2370,49,Female,75156.13,55,2021-12-11,Sports
2371,21,Male,95161.45,48,2023-06-29,Furniture
2372,68,Female,136131.03,73,2023-04-09,Furniture
2373,33,Other,26416.41,67,2021-05-02,Grocery
2374,69,Male,144409.35,53,2022-07-10,Electronics
2375,19,Female,135040.86,2,2021-09-04,Electronics
2376,22,Female,141978.66,51,2020-06-11,Grocery
2377,51,Other,81037.05,65,2022-03-12,Grocery
2378,42,Male,66004.29,43,2023-05-12,Electronics
2379,35,Other,104837.72,36,2022-12-28,Sports
2380,20,Other,58644.06,9,2022-03-21,Furniture
2381,23,Male,70594.84,7,2023-06-25,Furniture
2382,49,Other,100470.96,81,2020-11-27,Electronics
2383,69,Female,106499.44,67,2021-10-29,Furniture
2384,30,Male,45531.04,4,2021-08-27,Furniture
2385,28,Male,23352.19,91,2022-09-30,Sports
2386,39,Male,130151.05,63,2021-04-05,Furniture
2387,50,Female,23923.9,7,2022-04-24,Electronics
2388,43,Female,113984.08,89,2021-03-23,Electronics
2389,65,Female,87100.18,85,2022-12-16,Electronics
2390,24,Female,52068.0,12,2023-02-18,Grocery
2391,45,Male,54217.65,22,2023-03-07,Grocery
2392,48,Male,130731.04,65,2022-08-09,Clothing
2393,26,Female,84577.29,89,2020-12-16,Clothing
2394,27,Male,99413.27,33,2023-04-03,Grocery
2395,23,Female,97607.46,51,2020-10-14,Grocery
2396,44,Other,67308.4,66,2020-12-10,Furniture
2397,25,Male,40730.59,70,2020-02-23,Clothing
2398,18,Other,128807.14,79,2020-03-11,Grocery
2399,55,Other,33893.0,86,2022-06-09,Grocery
2400,29,Other,112514.29,71,2021-02-09,Grocery
2401,65,Other,95813.96,30,2022-01-30,Sports
2402,18,Female,134784.82,56,2021-10-05,Furniture
2403,66,Female,57165.97,63,2021-01-04,Grocery
2404,44,Male,131190.66,13,2022-06-16,Sports
2405,68,Other,67761.15,68,2020-01-18,Clothing
2406,26,Male,69306.75,16,2022-06-14,Clothing
2407,22,Other,35009.94,10,2021-01-27,Grocery
2408,59,Male,34355.42,77,2023-06-09,Sports
2409,61,Male,57999.69,48,2022-10-29,Grocery
2410,52,Female,148651.64,51,2023-05-13,Furniture
2411,40,Male,90476.65,74,2022-03-06,Sports
2412,54,Other,96425.22,77,2020-07-25,Clothing
2413,53,Female,27906.14,15,2021-05-11,Clothing
2414,26,Other,93471.98,61,2020-01-25,Grocery
2415,67,Female,40116.4,22,2021-04-22,Electronics
2416,34,Other,78432.62,1,2023-08-09,Electronics
2417,49,Male,21182.78,22,2020-04-23,Electronics
2418,24,Male,95223.17,46,2023-08-15,Grocery
2419,61,Female,79447.25,71,2020-06-02,Grocery
2420,35,Male,32210.32,52,2023-09-14,Sports
2421,46,Female,25795.83,92,2021-04-11,Furniture
2422,35,Male,38677.11,84,2021-01-19,Furniture
2423,18,Other,75265.96,94,2023-08-18,Grocery
2424,47,Female,148054.55,35,2020-09-11,Clothing
2425,57,Male,62215.45,42,2020-09-16,Sports
2426,61,Male,146012.25,62,2021-02-10,Furniture
2427,67,Male,130520.25,9,2022-06-01,Sports
2428,56,Other,35803.75,22,2021-05-10,Furniture
2429,40,Other,25334.72,14,2020-09-28,Clothing
2430,62,Female,125295.31,66,2023-09-19,Grocery
2431,32,Female,143542.04,24,2020-06-08,Grocery
2432,30,Other,100707.83,71,2021-04-20,Grocery
2433,49,Male,89110.73,76,2022-03-16,Electronics
2434,37,Other,29147.56,93,2020-02-22,Clothing
2435,37,Female,86188.29,10,2020-10-25,Sports
2436,46,Other,133775.72,60,2022-01-06,Furniture
2437,44,Male,33743.93,28,2021-02-14,Electronics
2438,57,Female,103047.53,40,2023-10-27,Sports
2439,47,Other,120759.29,44,2020-04-04,Clothing
2440,48,Female,52925.94,50,2023-10-19,Electronics
2441,62,Male,83534.03,89,2022-12-02,Furniture
2442,60,Female,75991.73,35,2021-05-04,Furniture
2443,40,Female,77821.29,5,2021-08-14,Grocery
2444,42,Other,39446.69,15,2023-07-02,Sports
2445,49,Other,126111.1,52,2022-05-18,Sports
2446,29,Female,36140.74,83,2020-07-14,Furniture
2447,22,Male,61111.89,6,2020-01-15,Furniture
2448,26,Other,66185.72,76,2022-02-28,Sports
2449,42,Other,58049.54,83,2023-05-09,Furniture
2450,52,Male,58126.34,27,2020-05-15,Electronics
2451,30,Male,107810.75,40,2022-12-25,Sports
2452,32,Male,123432.93,76,2022-08-12,Sports
2453,63,Other,40005.1,55,2023-09-30,Furniture
2454,69,Other,82134.15,80,2023-06-02,Grocery
2455,57,Male,27400.85,41,2020-12-19,Furniture
2456,38,Female,125306.59,3,2022-06-08,Electronics
2457,55,Female,145481.95,99,2023-06-15,Grocery
2458,19,Other,71641.65,6,2021-02-14,Clothing
2459,23,Other,131127.32,85,2020-04-08,Electronics
2460,51,Other,98867.57,86,2020-09-16,Clothing
2461,46,Other,23599.84,98,2023-01-02,Sports
2462,34,Other,137837.52,41,2023-03-30,Electronics
2463,51,Other,97704.1,11,2022-09-24,Sports
2464,52,Other,110755.64,61,2020-03-09,Electronics
2465,25,Other,61491.06,71,2021-11-23,Furniture
2466,60,Male,71952.41,20,2020-07-31,Grocery
2467,46,Female,105509.76,86,2022-08-09,Grocery
2468,28,Female,139823.86,90,2022-06-18,Grocery
2469,18,Other,141451.72,69,2022-08-26,Clothing
2470,33,Female,115975.2,85,2020-02-27,Clothing
2471,29,Other,147944.45,26,2023-07-06,Furniture
2472,52,Other,131896.71,48,2021-09-04,Furniture
2473,64,Other,130584.37,88,2021-12-13,Electronics
2474,64,Other,66027.82,63,2020-01-29,Grocery
2475,62,Female,44753.18,58,2023-08-22,Grocery
2476,21,Male,97878.48,5,2020-06-05,Clothing
2477,43,Other,81680.77,72,2021-01-19,Sports
2478,57,Other,104489.87,8,2022-08-24,Furniture
2479,41,Other,42213.1,26,2022-08-13,Grocery
2480,69,Female,139298.42,80,2022-02-05,Electronics
2481,58,Male,44785.0,32,2020-12-07,Clothing
2482,25,Female,80393.33,99,2020-09-29,Electronics
2483,47,Other,38150.54,35,2020-10-03,Electronics
2484,60,Other,137808.87,41,2023-04-20,Electronics
2485,28,Male,83063.28,5,2023-10-22,Furniture
2486,44,Female,52173.87,64,2023-04-15,Grocery
2487,31,Other,126674.66,15,2020-09-22,Clothing
2488,58,Other,28424.24,38,2021-10-27,Clothing
2489,68,Female,96718.06,61,2023-07-11,Grocery
2490,24,Male,42441.34,83,2023-11-12,Furniture
2491,33,Female,67652.23,99,2021-08-27,Sports
2492,40,Male,121990.04,56,2023-10-16,Electronics
2493,53,Male,137153.44,64,2021-12-04,Grocery
2494,28,Female,149470.67,7,2021-08-30,Electronics
2495,67,Female,84528.66,95,2023-12-30,Electronics
2496,22,Male,144234.85,40,2022-04-15,Furniture
2497,54,Female,75122.15,58,2020-05-13,Grocery
2498,20,Female,80788.89,1,2022-04-15,Electronics
2499,35,Male,102973.2,49,2021-10-30,Grocery
2500,53,Female,141510.95,54,2020-03-21,Electronics
2501,68,Male,86720.64,65,2021-12-21,Furniture
2502,60,Female,115384.97,86,2023-12-24,Clothing
2503,69,Female,137023.31,82,2020-05-02,Grocery
2504,58,Male,39815.19,12,2020-07-10,Clothing
2505,42,Female,45498.55,77,2023-04-21,Sports
2506,33,Female,21877.74,26,2020-12-23,Sports
2507,21,Other,35008.41,23,2022-09-24,Grocery
2508,30,Other,106531.14,84,2022-06-02,Electronics
2509,41,Female,65374.19,100,2023-06-16,Electronics
2510,20,Female,144178.16,31,2023-08-04,Furniture
2511,50,Female,146513.61,92,2022-02-12,Electronics
2512,43,Other,53103.42,2,2022-05-26,Furniture
2513,25,Male,68024.05,8,2020-10-04,Clothing
2514,55,Male,141881.98,29,2023-06-16,Clothing
2515,64,Other,79026.31,8,2020-07-04,Electronics
2516,47,Other,32602.05,59,2021-06-23,Electronics
2517,59,Female,93726.26,53,2020-10-09,Grocery
2518,54,Male,21346.17,90,2022-05-25,Sports
2519,25,Female,74018.65,31,2021-04-21,Electronics
2520,59,Female,89029.1,26,2023-11-30,Furniture
2521,30,Female,67366.38,38,2023-03-31,Clothing
2522,47,Other,138887.25,98,2023-05-17,Furniture
2523,34,Other,96486.78,12,2020-04-17,Clothing
2524,20,Male,64000.14,12,2020-12-25,Grocery
2525,25,Male,94951.74,99,2020-08-31,Grocery
2526,67,Female,73852.96,52,2021-02-14,Sports
2527,20,Male,100907.04,60,2020-08-03,Sports
2528,66,Other,62336.61,10,2023-10-12,Grocery
2529,48,Other,33147.94,35,2023-08-08,Furniture
2530,47,Female,80650.55,1,2020-01-09,Clothing
2531,29,Other,78988.22,17,2022-04-14,Electronics
2532,67,Male,129873.75,38,2023-06-23,Grocery
2533,51,Female,149609.85,50,2022-03-19,Grocery
2534,36,Other,82175.03,51,2023-01-01,Furniture
2535,46,Female,108162.62,89,2023-08-11,Clothing
2536,69,Male,112399.96,14,2020-02-19,Clothing
2537,30,Female,96192.26,60,2023-01-07,Clothing
2538,55,Other,39837.33,2,2020-05-19,Furniture
2539,52,Male,149927.39,24,2020-09-03,Sports
2540,62,Female,38933.55,75,2021-04-10,Clothing
2541,22,Female,145770.32,56,2020-03-13,Clothing
2542,35,Other,44361.82,60,2021-02-08,Grocery
2543,60,Male,122890.37,67,2023-09-22,Grocery
2544,20,Male,53190.69,72,2023-01-31,Sports
2545,50,Male,134274.54,82,2022-05-08,Sports
2546,35,Male,62832.6,66,2020-06-30,Electronics
2547,62,Male,57968.59,45,2021-08-28,Electronics
2548,61,Other,125754.58,8,2020-12-07,Furniture
2549,46,Female,68302.43,65,2021-03-21,Furniture
2550,46,Female,43170.35,65,2023-06-11,Electronics
2551,21,Male,61968.72,70,2023-07-20,Grocery
2552,36,Other,55630.05,17,2023-02-25,Sports
2553,33,Female,68591.58,42,2022-01-25,Electronics
2554,33,Male,56673.38,100,2021-10-20,Grocery
2555,47,Other,69532.34,59,2020-01-20,Clothing
2556,19,Female,83831.44,11,2020-01-07,Clothing
2557,60,Female,81390.66,84,2021-10-27,Clothing
2558,24,Female,33781.56,7,2022-09-25,Grocery
2559,46,Other,137477.25,3,2021-09-30,Electronics
2560,20,Other,89381.5,76,2020-10-06,Furniture
2561,39,Other,26541.39,71,2021-02-13,Grocery
2562,67,Male,145624.82,19,2021-03-05,Grocery
2563,38,Other,56714.64,1,2021-12-24,Grocery
2564,32,Female,21169.93,96,2022-11-03,Grocery
2565,58,Other,100088.35,68,2020-07-02,Clothing
2566,57,Other,26138.2,38,2020-06-07,Sports
2567,41,Female,114015.8,100,2022-03-17,Sports
2568,23,Other,86085.16,1,2023-06-07,Furniture
2569,39,Female,124913.61,55,2020-11-18,Furniture
2570,24,Female,25872.84,60,2022-11-11,Sports
2571,58,Male,87341.71,70,2020-04-15,Clothing
2572,65,Other,45735.64,29,2022-04-15,Sports
2573,57,Male,104254.78,87,2020-10-27,Clothing
2574,29,Other,62685.84,1,2022-05-16,Electronics
2575,66,Other,108956.12,27,2022-12-07,Sports
2576,65,Male,94027.98,43,2022-08-19,Furniture
2577,22,Other,148540.66,39,2021-06-09,Grocery
2578,54,Female,114842.28,70,2021-08-25,Grocery
2579,46,Male,71831.3,39,2023-02-06,Sports
2580,36,Other,20981.43,25,2022-04-21,Clothing
2581,63,Other,100072.36,44,2022-02-20,Grocery
2582,28,Other,106851.06,61,2022-01-19,Furniture
2583,39,Male,143795.19,77,2023-02-02,Electronics
2584,24,Other,38812.05,21,2022-09-26,Grocery
2585,35,Female,94263.04,51,2021-05-02,Electronics
2586,26,Female,140127.49,29,2021-09-23,Clothing
2587,69,Male,95195.86,12,2020-03-17,Clothing
2588,45,Male,106510.91,81,2022-05-12,Electronics
2589,37,Male,144449.94,8,2022-01-14,Sports
2590,20,Female,76108.12,20,2021-08-05,Grocery
2591,24,Male,75255.09,38,2023-09-03,Electronics
2592,51,Other,75617.1,43,2021-05-17,Grocery
2593,52,Other,140149.3,45,2023-05-20,Sports
2594,43,Female,69939.77,66,2020-06-02,Furniture
2595,65,Male,33843.25,73,2021-08-16,Sports
2596,38,Female,104926.29,55,2021-06-23,Grocery
2597,62,Female,124048.39,15,2022-12-25,Grocery
2598,34,Other,33425.59,3,2023-02-11,Clothing
2599,53,Other,74644.57,92,2023-04-26,Furniture
2600,35,Other,53555.05,31,2021-05-19,Grocery
2601,67,Female,48953.45,37,2020-09-24,Clothing
2602,59,Female,53161.0,49,2021-06-10,Furniture
2603,51,Other,97334.85,20,2021-03-04,Electronics
2604,69,Female,80502.05,75,2021-10-27,Furniture
2605,21,Other,72637.12,41,2023-05-20,Furniture
2606,61,Male,77029.94,52,2023-05-10,Sports
2607,20,Female,65632.13,83,2022-06-09,Sports
2608,53,Other,144765.1,68,2023-09-17,Grocery
2609,31,Other,115214.9,67,2023-05-18,Clothing
2610,63,Female,94361.07,16,2020-07-14,Furniture
2611,34,Other,114561.17,27,2021-01-27,Clothing
2612,24,Male,143877.46,86,2020-11-07,Grocery
2613,40,Female,99656.56,25,2020-04-22,Furniture
2614,26,Male,74924.4,69,2023-01-06,Sports
2615,44,Female,48681.72,45,2020-01-10,Clothing
2616,39,Male,120130.84,82,2020-01-27,Grocery
2617,36,Male,60730.28,74,2022-06-10,Electronics
2618,51,Male,139119.87,86,2022-06-26,Furniture
2619,66,Female,89577.52,9,2022-01-21,Clothing
2620,56,Female,20214.01,66,2020-07-23,Electronics
2621,49,Female,91946.46,35,2022-02-03,Grocery
2622,46,Male,43710.87,49,2023-09-15,Furniture
2623,29,Male,124365.98,20,2022-10-14,Sports
2624,47,Male,93613.92,81,2021-10-26,Clothing
2625,29,Male,120167.51,51,2023-12-07,Furniture
2626,33,Male,43290.82,27,2023-11-03,Clothing
2627,67,Other,37510.86,39,2021-09-05,Clothing
2628,52,Female,45226.2,70,2023-10-23,Sports
2629,41,Male,102942.58,23,2020-10-25,Grocery
2630,69,Male,109350.48,92,2023-07-05,Sports
2631,58,Other,111321.76,81,2023-06-12,Furniture
2632,56,Other,140232.19,98,2021-06-17,Electronics
2633,55,Female,100761.43,73,2021-03-30,Grocery
2634,53,Female,24747.05,28,2022-06-20,Electronics
2635,56,Other,50474.52,75,2022-06-18,Electronics
2636,65,Female,62659.58,99,2020-07-05,Electronics
2637,18,Other,105036.43,89,2023-08-08,Furniture
2638,68,Other,58414.89,63,2020-11-21,Clothing
2639,50,Other,108467.06,27,2022-05-05,Sports
2640,60,Female,47104.87,52,2023-01-21,Grocery
2641,69,Female,60687.17,32,2023-04-04,Clothing
2642,60,Other,98074.76,76,2022-10-12,Furniture
2643,51,Other,27312.3,47,2021-08-01,Clothing
2644,67,Female,131542.76,25,2020-09-20,Furniture
2645,41,Female,43569.6,37,2021-03-02,Sports
2646,64,Male,92427.3,98,2022-03-23,Sports
2647,68,Male,34533.7,81,2022-04-17,Electronics
2648,62,Male,22367.02,21,2020-10-26,Furniture
2649,65,Female,34934.85,45,2020-04-10,Clothing
2650,49,Female,37876.4,14,2022-08-15,Grocery
2651,41,Male,40814.98,59,2023-08-02,Clothing
2652,63,Other,128562.16,56,2022-07-03,Grocery
2653,35,Other,52760.34,19,2021-08-25,Clothing
2654,54,Male,23025.84,50,2022-07-09,Grocery
2655,65,Male,125293.71,34,2021-05-08,Sports
2656,68,Male,134183.42,73,2023-09-25,Furniture
2657,24,Male,115225.78,17,2021-04-28,Furniture
2658,67,Other,73539.93,57,2020-05-15,Furniture
2659,28,Female,140149.46,26,2020-01-06,Furniture
2660,67,Other,22303.88,53,2020-12-26,Clothing
2661,28,Female,90787.03,58,2022-03-10,Furniture
2662,40,Other,141009.56,22,2020-04-07,Electronics
2663,51,Male,108933.36,43,2021-06-10,Electronics
2664,55,Male,94311.83,1,2020-02-14,Sports
2665,56,Male,97659.13,95,2021-10-31,Electronics
2666,26,Other,65446.94,14,2021-06-28,Sports
2667,40,Female,61555.01,83,2022-02-08,Sports
2668,31,Male,99997.24,85,2023-01-12,Grocery
2669,30,Other,71287.69,19,2023-01-28,Furniture
2670,22,Male,115802.44,31,2021-04-27,Electronics
2671,22,Other,113455.85,72,2021-05-10,Furniture
2672,27,Male,80519.27,23,2022-07-05,Grocery
2673,54,Male,69569.96,64,2022-07-05,Grocery
2674,33,Other,121177.86,50,2022-07-11,Clothing
2675,45,Other,66414.16,93,2021-01-31,Electronics
2676,62,Male,90294.57,47,2021-09-17,Clothing
2677,18,Female,39830.24,46,2022-05-31,Grocery
2678,36,Female,75687.51,92,2022-11-23,Grocery
2679,40,Other,27795.97,1,2023-09-25,Clothing
2680,20,Female,127757.26,1,2021-12-04,Furniture
2681,62,Other,83315.14,79,2022-08-20,Grocery
2682,26,Male,103989.77,5,2021-04-03,Sports
2683,36,Male,79387.46,2,2020-07-20,Grocery
2684,52,Other,20379.88,7,2021-04-19,Clothing
2685,61,Female,122147.86,4,2023-03-03,Grocery
2686,60,Other,115508.01,60,2020-01-17,Clothing
2687,66,Female,36282.43,83,2022-08-09,Grocery
2688,30,Male,107362.29,54,2021-03-05,Clothing
2689,46,Female,87872.44,39,2021-12-10,Electronics
2690,66,Other,37537.38,23,2021-09-28,Grocery
2691,25,Female,52840.33,14,2023-12-04,Grocery
2692,28,Other,30599.22,52,2020-02-16,Furniture
2693,41,Female,133838.69,80,2022-12-07,Furniture
2694,19,Other,63511.83,22,2022-04-01,Clothing
2695,61,Other,127097.57,21,2021-08-02,Furniture
2696,50,Female,78247.88,46,2022-08-11,Furniture
2697,40,Female,52966.74,48,2022-02-08,Grocery
2698,43,Male,26315.07,4,2022-07-01,Grocery
2699,40,Female,69663.77,86,2022-07-23,Clothing
2700,53,Male,112170.3,87,2020-07-21,Grocery
2701,32,Female,59213.26,15,2021-07-03,Electronics
2702,50,Male,117417.0,44,2023-03-22,Clothing
2703,54,Male,100969.49,46,2022-06-11,Furniture
2704,28,Female,144912.0,48,2023-07-29,Clothing
2705,37,Other,37650.62,9,2022-06-25,Clothing
2706,30,Other,92027.85,28,2022-06-27,Furniture
2707,36,Other,53982.86,70,2023-09-21,Sports
2708,36,Female,122527.06,84,2020-01-27,Grocery
2709,41,Male,65967.96,95,2021-02-02,Grocery
2710,50,Other,138075.79,44,2020-07-12,Clothing
2711,48,Female,79567.35,79,2020-11-26,Electronics
2712,55,Female,117540.34,28,2021-09-10,Electronics
2713,56,Other,110225.36,46,2022-09-22,Sports
2714,28,Male,88947.73,80,2023-02-11,Furniture
2715,22,Female,90093.52,65,2022-11-07,Electronics
2716,57,Male,147078.55,85,2020-03-22,Clothing
2717,41,Other,134433.97,26,2020-04-16,Grocery
2718,49,Female,94281.22,93,2022-09-08,Grocery
2719,18,Other,98352.08,17,2020-08-13,Furniture
2720,43,Male,46254.54,38,2023-02-18,Sports
2721,34,Female,55214.55,24,2023-10-13,Sports
2722,27,Male,62042.01,55,2021-10-27,Grocery
2723,46,Other,51215.17,13,2021-09-18,Grocery
2724,61,Female,109694.85,99,2021-04-10,Furniture
2725,40,Other,42135.74,95,2020-02-01,Sports
2726,36,Male,134370.58,61,2021-05-30,Grocery
2727,68,Male,34178.07,88,2022-03-25,Grocery
2728,48,Male,92234.92,10,2020-08-12,Sports
2729,64,Male,97713.9,49,2021-10-30,Furniture
2730,20,Other,82804.71,56,2020-04-02,Electronics
2731,23,Female,26105.32,26,2023-05-20,Sports
2732,50,Other,58562.46,72,2021-06-03,Grocery
2733,28,Female,87038.52,4,2021-07-02,Furniture
2734,37,Other,145126.38,83,2020-12-25,Grocery
2735,37,Other,132645.97,47,2021-10-30,Sports
2736,60,Other,48462.94,52,2022-01-05,Furniture
2737,29,Female,44867.76,18,2020-01-22,Sports
2738,58,Male,76613.25,39,2023-12-13,Electronics
2739,36,Other,121139.38,62,2023-06-11,Grocery
2740,52,Female,100677.94,30,2020-03-22,Electronics
2741,68,Other,129086.24,22,2021-12-30,Electronics
2742,62,Female,48434.28,85,2022-02-19,Sports
2743,57,Other,75944.87,50,2021-11-11,Clothing
2744,53,Male,69929.21,14,2022-02-20,Clothing
2745,63,Other,91398.04,26,2023-08-05,Clothing
2746,49,Male,102954.2,23,2023-08-18,Clothing
2747,26,Other,90866.19,43,2023-09-12,Electronics
2748,68,Male,51557.07,13,2021-09-07,Grocery
2749,48,Male,69530.31,73,2020-06-07,Grocery
2750,54,Female,69137.85,60,2020-01-30,Electronics
2751,24,Other,149813.75,39,2023-03-04,Electronics
2752,42,Male,32324.81,44,2021-07-18,Sports
2753,49,Female,28900.36,39,2021-06-05,Grocery
2754,36,Other,97510.72,71,2023-07-10,Furniture
2755,55,Male,72432.57,72,2021-06-07,Sports
2756,22,Other,86636.21,18,2021-10-07,Sports
2757,22,Other,99897.2,25,2023-08-17,Clothing
2758,23,Other,114647.48,2,2021-09-29,Sports
2759,30,Male,35426.0,52,2023-11-23,Sports
2760,63,Other,45836.38,50,2021-07-04,Electronics
2761,65,Female,110013.7,80,2021-09-24,Furniture
2762,45,Male,67715.0,61,2020-11-24,Electronics
2763,64,Female,134188.61,76,2020-11-25,Clothing
2764,52,Female,119959.1,36,2021-07-19,Clothing
2765,49,Other,148350.71,89,2023-02-17,Clothing
2766,26,Male,50046.48,94,2020-01-29,Clothing
2767,32,Other,109908.82,100,2023-06-30,Clothing
2768,38,Other,74459.86,9,2022-06-29,Sports
2769,47,Other,21522.91,57,2023-04-16,Grocery
2770,64,Other,41277.48,58,2022-06-22,Electronics
2771,39,Male,67631.75,74,2022-04-06,Clothing
2772,19,Male,68552.32,8,2021-07-20,Electronics
2773,40,Male,136482.1,80,2021-12-07,Furniture
2774,18,Other,74723.45,17,2022-06-28,Furniture
2775,18,Other,39091.32,62,2020-02-16,Sports
2776,35,Female,29120.23,6,2023-11-16,Furniture
2777,52,Male,58725.6,75,2023-12-28,Electronics
2778,46,Female,68478.68,50,2021-02-28,Clothing
2779,48,Male,32219.73,56,2021-10-16,Grocery
2780,53,Other,68156.77,14,2021-01-28,Electronics
2781,33,Other,43529.71,87,2020-09-10,Sports
2782,49,Male,68845.4,67,2021-05-01,Electronics
2783,43,Male,45697.65,37,2022-05-02,Clothing
2784,48,Female,133328.99,32,2020-01-29,Electronics
2785,26,Male,55115.43,65,2022-02-08,Electronics
2786,64,Male,66453.35,14,2020-11-14,Sports
2787,41,Other,29203.67,85,2020-01-11,Clothing
2788,40,Female,26973.97,95,2022-02-27,Clothing
2789,25,Male,146104.36,82,2020-08-13,Sports
2790,24,Female,124668.16,20,2023-02-07,Grocery
2791,28,Female,33670.72,38,2020-09-02,Grocery
2792,31,Male,103469.13,55,2022-02-01,Clothing
2793,26,Other,147488.93,81,2022-08-11,Sports
2794,33,Other,119670.65,8,2023-06-07,Furniture
2795,42,Female,62612.07,8,2023-05-09,Sports
2796,39,Female,66837.35,96,2023-08-15,Sports
2797,35,Female,38199.44,69,2023-12-03,Sports
2798,53,Female,58743.48,68,2021-11-04,Grocery
2799,28,Female,99814.01,73,2022-12-15,Clothing
2800,28,Other,79309.87,17,2021-04-23,Sports
2801,22,Female,37245.9,22,2021-02-14,Furniture
2802,32,Other,110245.02,71,2020-07-14,Electronics
2803,19,Male,66224.11,85,2021-05-07,Clothing
2804,31,Female,27031.54,88,2020-12-01,Clothing
2805,57,Female,94034.26,72,2022-02-16,Furniture
2806,46,Male,63827.22,77,2021-10-31,Clothing
2807,27,Male,96492.53,55,2020-01-17,Furniture
2808,27,Other,99033.06,63,2023-07-19,Clothing
2809,27,Other,83374.46,46,2023-06-04,Furniture
2810,43,Male,68282.54,58,2022-12-16,Grocery
2811,57,Male,85275.4,74,2020-01-26,Grocery
2812,68,Female,69073.35,6,2021-11-22,Clothing
2813,19,Male,80319.85,56,2020-11-05,Furniture
2814,21,Other,120250.42,51,2020-07-14,Electronics
2815,32,Male,144664.66,93,2021-02-26,Clothing
2816,65,Female,37666.83,80,2022-05-30,Electronics
2817,28,Other,72915.48,44,2021-10-21,Furniture
2818,62,Other,78949.07,1,2021-09-26,Grocery
2819,19,Male,27066.13,76,2020-08-21,Electronics
2820,34,Female,65202.51,91,2023-09-05,Grocery
2821,62,Male,36471.84,70,2023-02-13,Furniture
2822,31,Male,53446.23,32,2021-11-10,Sports
2823,60,Female,29398.78,52,2022-10-02,Furniture
2824,34,Female,22934.6,99,2020-11-15,Electronics
2825,25,Female,60053.73,99,2021-03-20,Sports
2826,37,Female,42788.86,63,2020-08-02,Electronics
2827,40,Male,67771.87,41,2020-12-07,Electronics
2828,54,Female,131258.84,34,2023-01-27,Electronics
2829,50,Other,20617.18,2,2020-09-25,Furniture
2830,65,Female,121538.38,41,2021-01-11,Furniture
2831,45,Male,48384.59,75,2023-01-31,Sports
2832,19,Male,34267.38,80,2021-09-02,Furniture
2833,35,Female,80828.28,95,2022-03-22,Furniture
2834,27,Male,127498.31,69,2021-10-13,Electronics
2835,45,Other,108649.31,11,2023-03-10,Clothing
2836,28,Other,66664.74,94,2022-08-18,Grocery
2837,60,Male,134761.01,69,2023-06-21,Sports
2838,60,Female,60430.48,97,2020-12-19,Furniture
2839,18,Other,26986.21,86,2022-04-26,Sports
2840,35,Male,118326.7,58,2021-12-03,Clothing
2841,69,Male,30512.36,57,2023-04-08,Furniture
2842,40,Other,91980.75,54,2022-10-09,Furniture
2843,45,Other,68899.94,39,2023-10-10,Electronics
2844,57,Female,122648.38,44,2021-03-12,Sports
2845,55,Male,100659.41,15,2021-02-07,Grocery
2846,62,Male,44401.12,39,2022-06-09,Furniture
2847,56,Other,125182.91,49,2022-08-21,Furniture
2848,51,Male,117675.75,2,2022-02-02,Furniture
2849,35,Male,116259.17,25,2023-12-23,Furniture
2850,69,Other,77772.92,71,2021-08-25,Clothing
2851,49,Female,97251.62,81,2023-01-13,Electronics
2852,63,Other,124729.92,14,2022-12-27,Electronics
2853,22,Female,122375.12,65,2023-02-05,Furniture
2854,37,Male,103320.66,6,2022-09-15,Sports
2855,53,Other,112553.13,9,2020-09-10,Sports
2856,52,Female,46698.94,51,2022-08-17,Furniture
2857,56,Female,28121.64,47,2020-08-23,Grocery
2858,64,Female,27993.02,82,2022-05-06,Sports
2859,47,Female,22044.41,99,2023-08-02,Clothing
2860,44,Female,105273.4,32,2021-02-05,Furniture
2861,18,Other,23121.41,69,2023-01-26,Sports
2862,20,Male,139479.69,69,2023-02-20,Furniture
2863,41,Male,107840.15,56,2023-09-10,Clothing
2864,40,Male,83754.78,30,2022-11-20,Grocery
2865,52,Female,119966.78,86,2021-08-22,Clothing
2866,18,Male,134909.61,8,2021-06-15,Clothing
2867,56,Female,66395.17,71,2021-07-09,Clothing
2868,45,Other,95197.28,8,2021-03-08,Furniture
2869,67,Other,98945.4,24,2023-04-04,Grocery
2870,31,Female,78434.29,73,2023-04-15,Grocery
2871,65,Other,126772.73,66,2020-10-21,Sports
2872,50,Other,40593.31,19,2021-09-11,Clothing
2873,47,Other,35032.56,94,2020-05-04,Clothing
2874,41,Male,93249.67,79,2020-09-15,Grocery
2875,35,Male,149403.26,3,2023-04-08,Electronics
2876,51,Female,111183.09,27,2023-06-10,Sports
2877,49,Other,139750.89,62,2023-10-27,Sports
2878,20,Other,97307.08,58,2022-06-29,Sports
2879,68,Other,27089.75,32,2023-05-06,Sports
2880,34,Male,116999.36,77,2022-09-28,Sports
2881,63,Female,102296.02,84,2023-02-07,Electronics
2882,66,Other,41764.41,62,2020-06-16,Sports
2883,42,Male,61834.58,81,2022-03-06,Electronics
2884,62,Female,61067.48,78,2022-03-08,Electronics
2885,64,Other,141753.58,37,2023-10-31,Grocery
2886,58,Female,49573.75,3,2023-06-14,Electronics
2887,61,Other,115270.5,94,2022-11-13,Grocery
2888,21,Male,45868.46,74,2020-03-16,Sports
2889,65,Female,21086.98,50,2022-01-07,Sports
2890,48,Male,109283.63,71,2022-06-10,Clothing
2891,20,Female,33190.54,12,2021-10-09,Furniture
2892,56,Other,100191.48,47,2020-07-12,Sports
2893,25,Male,91606.67,24,2021-07-27,Grocery
2894,47,Male,95798.83,100,2023-05-22,Electronics
2895,20,Other,35436.7,27,2020-07-24,Sports
2896,57,Female,79121.38,71,2023-10-13,Sports
2897,63,Female,46067.86,8,2020-07-22,Grocery
2898,19,Female,145423.37,16,2021-10-26,Furniture
2899,28,Female,87459.11,69,2021-11-25,Sports
2900,31,Female,110978.16,74,2021-09-15,Sports
2901,26,Other,20649.09,47,2021-08-07,Electronics
2902,39,Other,44077.9,7,2021-10-05,Grocery
2903,68,Other,109387.77,93,2020-11-02,Grocery
2904,42,Female,49239.14,89,2021-03-30,Grocery
2905,42,Other,107196.72,80,2022-05-04,Electronics
2906,64,Male,109384.52,41,2021-08-25,Electronics
2907,20,Male,61810.38,17,2021-05-02,Furniture
2908,49,Male,56563.61,65,2020-10-15,Clothing
2909,35,Other,43004.86,32,2021-12-15,Electronics
2910,61,Male,128373.07,7,2023-04-17,Furniture
2911,32,Male,110570.94,9,2022-11-20,Sports
2912,56,Other,133527.53,51,2020-07-21,Sports
2913,26,Female,121215.17,53,2021-03-19,Electronics
2914,22,Other,56414.18,41,2021-11-20,Electronics
2915,35,Female,86977.45,1,2020-03-18,Furniture
2916,21,Other,127780.09,14,2020-11-10,Grocery
2917,52,Female,108561.36,44,2020-07-18,Clothing
2918,44,Female,136126.94,31,2020-01-09,Sports
2919,54,Male,134513.3,65,2023-11-13,Clothing
2920,35,Female,80333.7,64,2023-02-19,Sports
2921,59,Female,89604.11,90,2023-09-28,Clothing
2922,36,Other,126983.93,10,2022-08-28,Grocery
2923,42,Other,95969.0,19,2022-09-17,Sports
2924,32,Female,74557.66,54,2022-11-24,Furniture
2925,45,Male,88667.65,77,2021-03-18,Grocery
2926,34,Other,27485.76,58,2022-09-09,Clothing
2927,49,Other,91595.67,65,2022-08-18,Sports
2928,34,Other,117669.67,20,2021-03-26,Clothing
2929,31,Other,112492.26,47,2022-01-29,Clothing
2930,42,Male,119866.17,100,2020-10-17,Grocery
2931,36,Other,75689.65,10,2022-05-30,Grocery
2932,53,Other,91617.18,92,2022-05-26,Electronics
2933,47,Male,89721.53,42,2021-09-28,Furniture
2934,44,Other,107423.38,40,2021-06-11,Clothing
2935,30,Female,127402.8,34,2023-04-09,Grocery
2936,30,Other,72219.51,88,2021-05-03,Electronics
2937,20,Female,135728.7,78,2022-12-22,Electronics
2938,28,Male,119132.63,98,2021-03-10,Electronics
2939,38,Female,90732.75,85,2020-05-26,Furniture
2940,18,Female,92316.55,76,2023-07-10,Grocery
2941,34,Male,117241.53,100,2022-11-04,Grocery
2942,24,Female,88702.57,86,2020-03-08,Clothing
2943,65,Male,144957.6,8,2022-03-24,Sports
2944,18,Female,67921.66,68,2020-12-12,Grocery
2945,55,Male,71089.45,58,2021-07-14,Electronics
2946,57,Other,101399.59,74,2020-02-07,Clothing
2947,48,Female,58603.98,36,2021-01-30,Furniture
2948,54,Other,76483.79,66,2020-11-02,Grocery
2949,44,Male,79577.35,63,2022-08-02,Furniture
2950,33,Female,33631.63,33,2022-05-29,Electronics
2951,32,Male,144819.4,62,2023-09-18,Clothing
2952,26,Female,26823.88,43,2023-04-10,Electronics
2953,22,Male,114225.03,95,2022-08-12,Grocery
2954,34,Male,128930.94,57,2022-04-08,Grocery
2955,61,Other,66415.97,30,2020-10-24,Furniture
2956,42,Female,143910.58,2,2022-07-24,Sports
2957,61,Male,26069.01,5,2020-09-13,Electronics
2958,60,Other,39143.87,35,2020-12-25,Electronics
2959,65,Male,30369.38,12,2020-01-17,Furniture
2960,40,Other,115706.33,60,2022-05-23,Sports
2961,60,Female,57124.35,86,2023-05-28,Clothing
2962,44,Other,88441.69,34,2020-05-20,Sports
2963,51,Male,136464.95,62,2021-10-10,Grocery
2964,68,Male,107562.6,54,2020-11-11,Sports
2965,66,Female,103820.85,24,2021-05-18,Furniture
2966,66,Male,71871.17,74,2023-11-17,Grocery
2967,45,Other,87295.81,92,2020-11-15,Grocery
2968,54,Female,56748.3,50,2022-12-11,Sports
2969,56,Male,64614.69,8,2023-04-21,Furniture
2970,54,Male,104163.78,59,2023-12-01,Furniture
2971,60,Female,91471.13,79,2022-08-30,Electronics
2972,37,Male,85477.51,16,2022-06-07,Electronics
2973,29,Female,126170.84,24,2022-04-15,Electronics
2974,43,Other,117466.13,76,2022-12-21,Furniture
2975,45,Other,77372.72,17,2021-02-07,Electronics
2976,43,Other,118793.87,86,2023-08-16,Sports
2977,60,Male,118047.74,33,2021-12-12,Sports
2978,23,Other,20201.31,63,2020-10-28,Furniture
2979,30,Other,31569.96,84,2021-01-22,Furniture
2980,52,Female,117443.21,87,2022-09-07,Sports
2981,53,Female,126387.96,21,2022-11-11,Clothing
2982,52,Other,53385.04,93,2020-03-02,Electronics
2983,53,Other,132380.53,14,2023-05-29,Grocery
2984,38,Male,26720.36,49,2022-04-05,Furniture
2985,47,Other,62768.72,4,2020-10-20,Furniture
2986,38,Female,97655.11,58,2023-01-30,Clothing
2987,54,Male,88603.42,83,2021-10-15,Furniture
2988,51,Other,27043.0,46,2022-10-10,Grocery
2989,38,Female,26289.25,56,2023-02-03,Sports
2990,33,Other,78802.87,17,2022-01-17,Clothing
2991,34,Male,55829.44,70,2020-10-07,Grocery
2992,28,Female,135616.16,29,2023-10-13,Sports
2993,60,Other,33870.96,28,2022-10-12,Clothing
2994,46,Other,74883.46,41,2023-10-25,Clothing
2995,24,Female,39725.82,16,2020-07-09,Grocery
2996,34,Female,39018.72,79,2021-04-11,Sports
2997,48,Other,96054.66,36,2022-08-04,Grocery
2998,39,Male,66632.83,3,2023-07-02,Grocery
2999,37,Male,68513.6,92,2022-05-15,Electronics
3000,20,Male,55219.99,15,2020-03-15,Grocery
3001,24,Female,118362.99,1,2020-06-14,Furniture
3002,55,Other,77788.77,3,2022-07-28,Furniture
3003,44,Female,63657.43,27,2022-09-20,Furniture
3004,60,Other,118730.1,53,2020-04-21,Clothing
3005,35,Other,144099.9,8,2021-10-11,Furniture
3006,26,Female,133389.7,28,2021-05-14,Furniture
3007,63,Other,96152.51,85,2022-07-18,Clothing
3008,39,Male,119106.34,4,2021-06-03,Clothing
3009,60,Male,135435.25,2,2022-08-21,Sports
3010,22,Other,62763.46,19,2022-01-30,Clothing
3011,53,Other,76616.37,69,2022-07-30,Clothing
3012,19,Female,140965.8,31,2021-11-23,Grocery
3013,67,Other,94890.98,57,2022-05-25,Clothing
3014,68,Female,128036.19,65,2023-09-20,Furniture
3015,54,Male,129327.19,48,2021-09-05,Sports
3016,20,Female,87152.15,21,2023-02-25,Clothing
3017,66,Male,48329.9,28,2023-09-07,Furniture
3018,58,Male,137963.61,48,2021-09-27,Clothing
3019,54,Male,94178.23,75,2022-12-11,Clothing
3020,48,Male,105485.99,75,2023-05-13,Furniture
3021,38,Male,133285.94,81,2021-06-05,Furniture
3022,30,Female,33498.21,75,2023-09-21,Sports
3023,63,Male,113517.87,49,2022-05-05,Clothing
3024,50,Other,57036.36,22,2021-12-17,Electronics
3025,42,Male,69270.82,60,2022-01-21,Electronics
3026,63,Female,77173.85,37,2020-05-16,Clothing
3027,42,Other,121210.7,87,2020-10-28,Furniture
3028,42,Male,100323.41,29,2021-06-21,Furniture
3029,47,Male,35404.51,39,2020-09-18,Sports
3030,19,Other,114836.45,55,2022-07-31,Grocery
3031,56,Other,119608.15,87,2021-12-16,Electronics
3032,43,Other,37912.26,35,2023-04-19,Furniture
3033,61,Other,123912.61,42,2021-02-05,Furniture
3034,68,Female,98369.46,33,2021-08-16,Electronics
3035,59,Male,131041.56,26,2023-12-20,Clothing
3036,68,Other,22394.15,88,2020-03-02,Sports
3037,68,Other,73876.56,89,2021-03-09,Sports
3038,42,Female,130670.13,68,2021-05-21,Sports
3039,19,Other,28687.08,49,2023-12-10,Electronics
3040,22,Male,43458.39,1,2021-06-09,Grocery
3041,31,Female,25896.98,33,2022-07-29,Sports
3042,34,Male,80005.41,95,2022-10-04,Grocery
3043,23,Other,113476.42,34,2021-12-02,Furniture
3044,56,Female,50336.48,12,2020-03-11,Sports
3045,58,Other,77282.06,89,2022-07-12,Grocery
3046,25,Other,57492.89,11,2023-06-10,Furniture
3047,27,Female,135354.41,66,2021-12-12,Furniture
3048,50,Female,116542.52,53,2020-07-15,Electronics
3049,51,Other,54749.32,86,2021-03-19,Electronics
3050,68,Male,36652.81,6,2022-02-09,Grocery
3051,29,Male,77513.69,98,2023-02-14,Grocery
3052,22,Female,80359.38,82,2020-03-20,Grocery
3053,39,Other,133560.89,5,2022-11-25,Electronics
3054,48,Other,44932.39,7,2023-04-29,Furniture
3055,44,Male,58699.34,80,2020-02-13,Grocery
3056,19,Male,59051.34,50,2023-10-28,Furniture
3057,37,Male,38338.77,99,2022-10-25,Sports
3058,62,Male,149730.22,65,2021-01-19,Sports
3059,52,Other,104844.48,88,2021-03-07,Clothing
3060,45,Female,61037.15,76,2021-12-18,Furniture
3061,59,Female,76743.27,90,2021-06-01,Clothing
3062,24,Male,73542.52,79,2020-12-07,Sports
3063,67,Other,119377.75,16,2022-02-16,Clothing
3064,37,Other,102459.11,46,2022-11-01,Sports
3065,22,Female,104351.3,6,2023-01-06,Electronics
3066,42,Other,90120.89,40,2022-09-20,Furniture
3067,37,Male,40961.18,30,2022-08-20,Clothing
3068,57,Male,68385.04,96,2021-03-03,Grocery
3069,32,Other,54482.57,85,2021-04-06,Electronics
3070,64,Male,107770.61,68,2021-11-18,Furniture
3071,69,Female,71391.41,79,2020-04-11,Electronics
3072,22,Female,38296.68,69,2021-01-03,Electronics
3073,45,Other,125368.24,97,2022-12-24,Sports
3074,25,Male,59403.7,61,2022-11-03,Sports
3075,23,Female,93882.66,44,2023-04-03,Sports
3076,40,Male,41123.45,40,2021-07-14,Grocery
3077,40,Other,57352.3,80,2020-12-07,Grocery
3078,23,Male,34550.66,45,2022-07-23,Electronics
3079,25,Male,129578.04,54,2022-10-11,Electronics
3080,63,Other,99435.35,69,2021-02-21,Furniture
3081,20,Other,75096.25,14,2023-10-17,Furniture
3082,60,Female,116406.56,45,2022-04-28,Grocery
3083,56,Male,69797.71,84,2021-06-01,Clothing
3084,39,Other,145055.45,18,2023-11-21,Furniture
3085,22,Female,74029.04,42,2022-08-12,Furniture
3086,40,Female,66310.42,35,2021-12-04,Clothing
3087,46,Other,55150.1,49,2023-10-27,Clothing
3088,23,Male,113213.0,98,2021-12-27,Clothing
3089,19,Male,73124.06,2,2021-02-19,Sports
3090,30,Male,67739.93,17,2023-03-16,Furniture
3091,40,Male,127797.11,55,2020-02-18,Clothing
3092,55,Female,90810.44,31,2022-12-16,Furniture
3093,37,Female,25850.57,67,2021-08-28,Electronics
3094,62,Female,20542.24,66,2020-08-20,Furniture
3095,58,Male,147873.05,97,2021-07-26,Electronics
3096,57,Other,132133.12,95,2021-09-24,Electronics
3097,36,Female,27890.31,30,2020-09-06,Clothing
3098,32,Male,28744.39,74,2023-03-14,Clothing
3099,63,Female,143501.43,35,2021-05-02,Furniture
3100,55,Other,61569.67,93,2022-04-17,Furniture
3101,29,Other,21658.2,78,2021-11-12,Grocery
3102,33,Other,136730.3,29,2021-08-29,Sports
3103,30,Male,43886.59,75,2023-06-08,Electronics
3104,43,Female,81157.09,43,2022-09-20,Electronics
3105,21,Other,127395.17,24,2021-01-02,Electronics
3106,58,Other,138839.01,50,2022-03-19,Grocery
3107,37,Other,118984.4,75,2022-07-02,Clothing
3108,42,Other,87473.48,7,2022-06-19,Grocery
3109,37,Male,78495.15,37,2023-10-12,Sports
3110,35,Other,117589.74,86,2021-03-09,Clothing
3111,57,Other,80927.93,20,2020-02-10,Grocery
3112,40,Female,40656.96,25,2021-12-23,Grocery
3113,21,Female,98928.03,55,2021-02-15,Sports
3114,59,Male,130375.77,80,2021-06-13,Furniture
3115,22,Other,140865.59,81,2022-12-09,Sports
3116,65,Female,93794.44,13,2022-08-01,Furniture
3117,26,Male,88593.35,89,2022-04-18,Furniture
3118,58,Male,107739.09,30,2020-02-08,Clothing
3119,31,Other,42087.16,26,2020-12-10,Electronics
3120,25,Female,37993.95,48,2023-06-07,Grocery
3121,35,Other,89382.3,4,2022-10-24,Furniture
3122,37,Other,144806.18,1,2020-08-04,Electronics
3123,54,Male,74530.13,97,2023-10-03,Grocery
3124,46,Other,105827.38,97,2021-05-01,Grocery
3125,22,Male,28145.39,93,2022-02-27,Electronics
3126,23,Female,141675.06,1,2022-06-04,Electronics
3127,25,Other,115435.97,62,2023-11-11,Grocery
3128,51,Female,70400.15,26,2022-05-22,Electronics
3129,43,Other,138341.01,91,2020-04-02,Grocery
3130,30,Other,75157.32,80,2022-09-04,Grocery
3131,66,Other,37262.23,92,2022-09-10,Furniture
3132,21,Other,149929.85,24,2022-10-15,Electronics
3133,35,Female,142355.63,33,2020-11-23,Electronics
3134,51,Male,69142.84,24,2023-11-25,Electronics
3135,30,Male,85686.62,91,2023-07-21,Grocery
3136,56,Male,102947.42,32,2023-06-22,Clothing
3137,44,Other,26937.83,16,2023-01-03,Sports
3138,47,Female,138508.38,87,2022-05-20,Sports
3139,69,Female,84011.81,63,2020-08-16,Electronics
3140,59,Male,133335.35,19,2023-04-09,Grocery
3141,66,Female,102949.82,68,2020-07-20,Electronics
3142,69,Male,87067.25,83,2020-09-29,Grocery
3143,50,Other,110561.16,40,2020-08-27,Clothing
3144,18,Female,119373.11,39,2023-06-16,Grocery
3145,30,Male,72898.32,41,2022-02-10,Furniture
3146,68,Other,35296.94,36,2023-07-19,Furniture
3147,26,Female,25575.73,31,2020-08-27,Clothing
3148,65,Male,109639.29,76,2022-04-27,Sports
3149,29,Other,129360.96,26,2021-01-05,Furniture
3150,66,Female,29257.37,36,2022-09-24,Furniture
3151,56,Other,114800.94,50,2022-08-22,Furniture
3152,39,Male,83288.83,74,2020-06-12,Clothing
3153,64,Female,66029.2,46,2022-02-28,Clothing
3154,65,Male,103343.82,27,2022-05-02,Sports
3155,42,Male,129771.09,58,2021-12-08,Grocery
3156,28,Female,42545.76,98,2021-03-24,Sports
3157,46,Other,98648.33,77,2020-03-04,Grocery
3158,55,Male,96315.96,57,2020-05-17,Clothing
3159,18,Male,60888.48,33,2020-04-19,Clothing
3160,33,Other,68392.46,90,2021-02-26,Grocery
3161,69,Male,103629.32,71,2022-03-26,Furniture
3162,20,Female,31974.49,2,2022-03-24,Sports
3163,42,Male,112807.81,28,2020-01-17,Electronics
3164,69,Male,69245.59,52,2021-03-26,Furniture
3165,26,Other,119237.69,12,2020-08-26,Grocery
3166,44,Female,56884.25,29,2023-12-27,Electronics
3167,18,Female,71134.55,3,2022-03-26,Sports
3168,32,Male,74406.99,51,2022-12-16,Sports
3169,68,Female,90202.9,96,2023-03-14,Sports
3170,51,Other,54514.03,15,2023-11-06,Furniture
3171,41,Female,25816.82,21,2022-11-30,Clothing
3172,43,Female,101148.33,90,2023-06-19,Sports
3173,57,Female,81454.72,69,2021-12-22,Clothing
3174,31,Other,22280.68,81,2021-10-22,Furniture
3175,18,Male,68173.61,14,2020-10-23,Sports
3176,23,Other,36186.59,76,2020-07-12,Grocery
3177,55,Other,146609.14,65,2021-09-24,Furniture
3178,43,Female,53315.56,72,2021-01-07,Electronics
3179,57,Male,141559.81,28,2020-02-18,Furniture
3180,55,Female,75915.27,58,2023-01-17,Sports
3181,62,Other,109965.11,45,2022-12-16,Grocery
3182,46,Female,40127.81,90,2022-08-08,Furniture
3183,62,Female,54296.16,31,2022-10-23,Clothing
3184,47,Other,139832.55,10,2021-11-02,Electronics
3185,56,Female,136637.07,64,2022-02-12,Sports
3186,47,Male,91653.51,51,2021-08-17,Electronics
3187,40,Other,92867.97,2,2021-08-28,Furniture
3188,33,Male,110846.59,43,2023-11-26,Electronics
3189,61,Other,103856.62,47,2022-11-21,Electronics
3190,56,Male,36228.65,30,2023-07-12,Electronics
3191,37,Other,20738.77,52,2023-02-15,Clothing
3192,47,Other,144958.82,94,2022-03-03,Sports
3193,33,Other,45711.55,82,2023-02-19,Electronics
3194,25,Other,64269.66,5,2021-09-09,Furniture
3195,44,Male,116932.94,33,2021-02-09,Electronics
3196,31,Male,77725.91,42,2020-12-08,Sports
3197,47,Male,46713.69,17,2022-08-02,Grocery
3198,22,Other,36019.87,4,2021-11-15,Sports
3199,58,Female,145614.1,96,2022-10-01,Electronics
3200,21,Male,38111.78,99,2021-08-14,Electronics
3201,44,Female,117358.42,3,2022-12-04,Grocery
3202,31,Other,124150.37,48,2020-04-09,Electronics
3203,19,Female,54539.68,15,2021-06-21,Sports
3204,57,Male,119897.06,31,2023-12-31,Clothing
3205,55,Male,29504.16,89,2022-06-30,Furniture
3206,55,Female,73154.02,42,2021-12-09,Grocery
3207,33,Male,52278.35,74,2023-03-31,Furniture
3208,33,Other,116465.61,66,2022-08-04,Electronics
3209,26,Other,130129.95,57,2021-07-23,Furniture
3210,27,Female,31655.42,52,2021-11-23,Furniture
3211,28,Other,74352.65,33,2022-05-15,Grocery
3212,31,Other,53782.23,68,2020-01-09,Grocery
3213,26,Other,45721.46,29,2022-08-31,Grocery
3214,22,Male,37214.95,59,2022-12-28,Sports
3215,19,Male,123721.93,65,2022-04-12,Grocery
3216,48,Male,87378.84,81,2021-11-17,Grocery
3217,65,Other,92760.32,87,2021-04-05,Sports
3218,30,Female,60288.85,27,2022-08-26,Furniture
3219,24,Other,26604.34,39,2021-09-20,Electronics
3220,49,Male,137525.08,73,2020-08-25,Electronics
3221,46,Female,122555.81,84,2022-09-21,Clothing
3222,48,Other,102911.58,32,2022-04-12,Grocery
3223,32,Other,75623.16,23,2020-04-29,Grocery
3224,52,Male,119887.25,97,2023-04-09,Grocery
3225,27,Female,84535.72,52,2020-11-10,Sports
3226,37,Other,23785.92,52,2021-08-22,Electronics
3227,19,Male,71295.5,87,2021-09-23,Grocery
3228,23,Male,104514.86,15,2020-04-29,Furniture
3229,62,Other,51000.72,3,2023-07-08,Electronics
3230,42,Other,68506.89,68,2022-06-09,Electronics
3231,27,Other,67044.2,44,2020-01-09,Furniture
3232,52,Male,60790.96,24,2022-03-23,Clothing
3233,41,Male,28685.34,97,2020-02-23,Furniture
3234,63,Female,94042.32,98,2020-09-17,Furniture
3235,37,Male,131480.35,13,2022-03-09,Electronics
3236,26,Male,83938.81,18,2022-07-14,Clothing
3237,33,Male,29538.66,9,2020-01-06,Clothing
3238,37,Male,77811.84,40,2023-02-15,Electronics
3239,25,Male,57237.17,50,2021-10-30,Electronics
3240,41,Other,89341.22,57,2020-05-10,Furniture
3241,68,Other,98882.58,75,2021-04-25,Furniture
3242,48,Female,96814.88,44,2021-06-28,Sports
3243,51,Other,52124.94,87,2020-03-17,Sports
3244,22,Female,73811.09,96,2022-12-23,Electronics
3245,40,Male,50443.98,100,2021-12-19,Clothing
3246,58,Female,85048.51,34,2022-02-27,Clothing
3247,27,Other,90121.6,37,2023-10-28,Clothing
3248,52,Male,126767.97,57,2023-02-02,Electronics
3249,66,Other,138765.06,3,2022-09-11,Electronics
3250,21,Male,43967.99,54,2020-01-25,Electronics
3251,32,Other,29652.7,97,2023-06-10,Grocery
3252,19,Other,130733.33,53,2022-03-23,Electronics
3253,46,Other,95350.45,57,2021-02-19,Clothing
3254,63,Female,97842.36,95,2022-06-20,Grocery
3255,59,Male,101239.19,55,2020-02-10,Furniture
3256,67,Female,52156.62,20,2023-02-02,Furniture
3257,18,Male,86309.62,4,2020-03-19,Furniture
3258,45,Other,138983.26,49,2020-11-15,Clothing
3259,58,Male,86207.5,62,2020-02-15,Furniture
3260,37,Other,32288.63,61,2023-03-12,Electronics
3261,40,Other,43788.92,14,2023-06-08,Sports
3262,43,Other,138738.4,21,2021-08-21,Electronics
3263,41,Male,147191.33,40,2020-12-12,Electronics
3264,45,Female,54801.41,76,2022-05-31,Furniture
3265,49,Other,26177.94,46,2021-03-09,Sports
3266,62,Female,40299.67,95,2020-12-25,Sports
3267,54,Female,145500.78,39,2023-12-11,Sports
3268,19,Male,62891.11,90,2020-01-12,Clothing
3269,20,Male,72761.08,48,2023-01-07,Sports
3270,37,Other,91702.19,30,2020-11-24,Clothing
3271,48,Male,140200.27,43,2022-04-29,Clothing
3272,45,Female,52690.8,51,2022-10-28,Electronics
3273,60,Male,22200.7,58,2021-07-31,Electronics
3274,39,Female,77252.21,86,2023-10-19,Sports
3275,54,Other,39808.28,21,2022-03-23,Sports
3276,25,Other,117422.8,10,2020-03-23,Grocery
3277,33,Other,82007.41,61,2020-04-21,Clothing
3278,51,Female,132730.85,81,2022-06-11,Furniture
3279,21,Female,119677.44,48,2021-10-29,Clothing
3280,34,Male,26201.72,82,2022-09-27,Clothing
3281,45,Female,45989.81,35,2023-04-11,Sports
3282,21,Male,86960.43,25,2020-10-07,Furniture
3283,20,Other,129530.0,90,2022-04-26,Sports
3284,66,Male,21638.78,23,2020-03-06,Sports
3285,37,Female,94557.77,68,2023-04-07,Sports
3286,33,Male,64338.14,70,2023-02-07,Electronics
3287,47,Female,108589.26,77,2022-09-20,Furniture
3288,54,Male,87928.45,16,2021-12-31,Electronics
3289,19,Male,36322.21,32,2023-12-09,Furniture
3290,54,Male,137837.28,88,2023-12-14,Sports
3291,20,Male,38352.65,23,2023-04-20,Clothing
3292,41,Other,45034.61,7,2020-12-22,Furniture
3293,19,Male,134553.02,47,2022-09-15,Electronics
3294,58,Other,70803.59,11,2020-09-06,Grocery
3295,52,Other,31062.92,7,2021-01-08,Grocery
3296,44,Female,98931.18,24,2021-08-01,Grocery
3297,49,Other,93963.34,2,2023-10-29,Sports
3298,50,Female,71458.28,29,2022-01-25,Furniture
3299,59,Male,84029.75,31,2021-12-21,Electronics
3300,62,Other,101061.03,74,2021-11-07,Furniture
3301,24,Female,44852.21,75,2023-02-22,Sports
3302,59,Female,79345.35,87,2021-05-28,Sports
3303,44,Female,125956.93,62,2022-09-25,Grocery
3304,59,Male,131135.48,61,2020-02-28,Furniture
3305,45,Male,93199.72,17,2020-11-12,Electronics
3306,45,Female,39723.57,68,2021-07-09,Sports
3307,28,Other,135512.14,41,2022-01-21,Sports
3308,35,Other,133777.71,17,2022-01-28,Furniture
3309,21,Other,41930.35,25,2021-09-12,Grocery
3310,20,Female,68814.23,43,2020-05-25,Furniture
3311,61,Other,22968.45,100,2022-11-03,Clothing
3312,62,Female,94500.47,63,2022-08-24,Grocery
3313,49,Male,61005.24,8,2020-01-13,Clothing
3314,32,Male,147355.57,61,2021-07-03,Furniture
3315,40,Male,29151.51,96,2021-11-02,Grocery
3316,44,Male,109196.13,70,2022-04-28,Furniture
3317,19,Male,122203.56,99,2021-02-13,Sports
3318,62,Male,57178.71,87,2023-02-02,Electronics
3319,28,Male,95408.49,63,2021-05-30,Furniture
3320,23,Male,109253.68,28,2022-01-16,Furniture
3321,25,Male,77873.12,22,2021-08-11,Electronics
3322,49,Female,64871.55,2,2020-08-09,Furniture
3323,60,Male,95979.33,58,2022-05-24,Furniture
3324,53,Other,128958.13,48,2020-07-17,Clothing
3325,23,Other,75955.17,77,2021-08-08,Grocery
3326,41,Female,143574.03,55,2021-05-11,Clothing
3327,50,Other,96507.83,44,2020-05-09,Furniture
3328,29,Male,42030.13,66,2022-12-29,Sports
3329,22,Female,126612.05,16,2021-07-26,Grocery
3330,67,Other,60734.92,24,2021-04-07,Furniture
3331,62,Male,46899.51,70,2023-03-01,Grocery
3332,49,Female,20986.27,19,2023-01-18,Electronics
3333,43,Other,50784.52,9,2021-07-02,Electronics
3334,51,Male,90336.1,65,2020-01-15,Electronics
3335,65,Female,28862.95,79,2020-06-10,Electronics
3336,48,Female,76898.67,74,2021-04-30,Furniture
3337,21,Female,34447.49,64,2021-03-20,Grocery
3338,43,Female,46194.13,85,2023-11-27,Furniture
3339,66,Male,32437.83,7,2020-05-11,Grocery
3340,66,Male,64785.19,58,2021-06-21,Clothing
3341,43,Female,117284.82,6,2023-08-06,Electronics
3342,61,Male,72672.68,81,2023-01-29,Electronics
3343,24,Other,36970.5,69,2020-07-18,Furniture
3344,61,Female,121024.4,43,2020-02-12,Electronics
3345,58,Female,101069.53,44,2020-12-29,Furniture
3346,36,Male,21190.96,27,2022-10-17,Furniture
3347,48,Female,116382.44,97,2023-06-01,Furniture
3348,65,Other,77603.11,54,2023-10-29,Electronics
3349,43,Other,146769.16,90,2021-06-13,Sports
3350,68,Other,135559.73,41,2020-05-30,Sports
3351,37,Male,78458.84,36,2020-07-10,Grocery
3352,68,Other,121004.02,84,2020-01-30,Sports
3353,24,Female,105577.71,75,2022-03-08,Furniture
3354,24,Other,45059.77,88,2021-05-04,Clothing
3355,28,Female,89955.36,86,2023-10-13,Electronics
3356,28,Male,131541.32,45,2022-11-02,Clothing
3357,66,Other,76386.16,97,2023-06-25,Clothing
3358,64,Other,94643.29,96,2022-03-17,Electronics
3359,63,Other,146847.6,67,2020-02-12,Electronics
3360,26,Other,59155.53,89,2021-05-17,Sports
3361,28,Male,94821.5,95,2021-03-06,Sports
3362,37,Female,146383.55,87,2022-03-03,Sports
3363,60,Other,42928.79,7,2022-07-22,Grocery
3364,21,Other,42498.32,55,2022-03-12,Clothing
3365,55,Male,137733.81,71,2021-10-09,Sports
3366,60,Female,64866.26,51,2023-12-15,Grocery
3367,49,Other,82302.87,86,2021-04-23,Electronics
3368,45,Other,90297.69,92,2022-06-11,Electronics
3369,28,Female,95872.28,84,2020-03-27,Clothing
3370,65,Female,59300.48,5,2021-05-10,Clothing
3371,21,Female,51016.79,13,2021-01-10,Sports
3372,25,Other,50633.94,45,2020-12-26,Sports
3373,60,Female,97398.77,76,2022-02-19,Clothing
3374,49,Male,31655.6,59,2023-06-06,Furniture
3375,53,Female,138996.51,84,2022-12-16,Grocery
3376,64,Other,57536.79,51,2023-12-01,Clothing
3377,43,Female,85443.0,35,2022-09-20,Electronics
3378,40,Other,27615.48,96,2022-07-20,Sports
3379,58,Female,58685.27,39,2020-02-12,Sports
3380,29,Female,22266.64,11,2022-10-27,Sports
3381,62,Other,49561.92,36,2022-09-15,Grocery
3382,44,Female,21131.55,89,2021-11-20,Clothing
3383,63,Other,140969.69,69,2022-11-25,Clothing
3384,44,Male,126918.45,56,2023-12-05,Electronics
3385,18,Female,145817.31,73,2022-10-13,Grocery
3386,28,Female,84757.16,63,2021-11-04,Furniture
3387,64,Male,144153.8,65,2021-02-26,Grocery
3388,50,Male,87895.36,1,2021-03-23,Grocery
3389,33,Female,93042.67,38,2022-08-07,Sports
3390,35,Female,127529.0,1,2021-02-13,Clothing
3391,31,Female,39247.82,43,2021-06-21,Electronics
3392,44,Other,75579.74,9,2020-05-11,Grocery
3393,62,Male,63050.8,18,2022-05-28,Furniture
3394,46,Male,90654.72,91,2022-09-04,Furniture
3395,56,Male,114672.73,27,2021-06-11,Sports
3396,48,Female,20606.65,100,2022-01-31,Clothing
3397,23,Male,24480.62,95,2020-06-21,Clothing
3398,18,Other,23717.63,6,2022-03-09,Clothing
3399,62,Male,145672.9,72,2021-09-16,Electronics
3400,37,Other,142291.22,89,2022-09-28,Clothing
3401,22,Other,80677.61,84,2023-03-13,Grocery
3402,57,Female,148894.65,39,2020-11-15,Clothing
3403,27,Female,101859.54,93,2022-07-15,Electronics
3404,21,Other,111590.61,62,2021-01-27,Sports
3405,29,Female,67647.44,46,2021-06-10,Sports
3406,56,Male,53400.59,99,2023-08-15,Grocery
3407,57,Male,88892.69,27,2020-04-15,Clothing
3408,18,Male,124141.01,86,2023-06-14,Sports
3409,56,Male,118163.22,93,2021-08-29,Clothing
3410,64,Male,139069.04,23,2020-06-05,Grocery
3411,33,Female,90382.53,94,2020-03-10,Sports
3412,43,Female,47654.68,90,2022-11-24,Clothing
3413,19,Other,149147.07,5,2022-02-25,Electronics
3414,26,Male,109648.36,3,2022-04-02,Furniture
3415,67,Female,20235.72,67,2021-02-19,Sports
3416,45,Male,120848.11,94,2023-12-06,Clothing
3417,48,Female,147315.14,42,2022-11-11,Grocery
3418,29,Other,90410.77,67,2023-08-20,Clothing
3419,20,Female,39103.1,74,2022-08-05,Clothing
3420,38,Other,53297.9,36,2023-08-21,Sports
3421,34,Female,87299.95,39,2020-07-01,Electronics
3422,36,Male,50556.63,49,2021-12-25,Electronics
3423,25,Other,30199.26,17,2020-08-29,Sports
3424,58,Male,46872.72,52,2023-01-05,Electronics
3425,28,Male,135662.5,24,2020-06-02,Grocery
3426,23,Female,74543.61,17,2023-04-14,Electronics
3427,41,Female,140280.39,35,2020-04-27,Electronics
3428,62,Female,124342.02,78,2022-05-07,Clothing
3429,27,Female,137929.06,93,2023-03-12,Grocery
3430,69,Female,36711.46,16,2023-08-18,Electronics
3431,67,Female,51883.64,2,2023-07-03,Electronics
3432,65,Male,88076.24,43,2020-12-12,Clothing
3433,55,Female,146004.68,35,2022-02-23,Grocery
3434,23,Male,88516.1,15,2020-06-25,Furniture
3435,34,Other,41077.02,39,2022-09-21,Electronics
3436,41,Female,114293.71,47,2022-01-18,Sports
3437,56,Male,115878.5,45,2023-11-11,Furniture
3438,47,Male,48058.0,72,2022-05-24,Sports
3439,61,Other,102435.83,21,2020-08-01,Clothing
3440,50,Male,32346.17,56,2022-05-21,Clothing
3441,46,Other,114476.8,32,2021-07-07,Sports
3442,44,Female,37444.49,67,2022-11-25,Sports
3443,45,Male,80778.14,8,2023-11-01,Furniture
3444,55,Other,56316.31,97,2021-09-13,Clothing
3445,51,Male,111164.53,42,2020-05-21,Clothing
3446,37,Female,140551.53,11,2022-07-11,Clothing
3447,27,Other,63063.85,10,2023-05-25,Electronics
3448,55,Other,63181.01,8,2020-12-24,Furniture
3449,68,Female,39229.16,63,2022-11-16,Grocery
3450,66,Female,35630.35,54,2020-08-21,Clothing
3451,66,Male,33728.94,35,2022-10-31,Grocery
3452,62,Other,40279.72,98,2020-12-16,Sports
3453,24,Female,62126.02,58,2021-11-19,Sports
3454,46,Other,109932.15,94,2023-09-07,Furniture
3455,46,Female,80980.42,23,2023-10-09,Sports
3456,54,Male,131390.72,96,2021-09-11,Grocery
3457,57,Female,61810.6,78,2020-10-15,Electronics
3458,60,Female,48340.55,88,2020-08-26,Grocery
3459,21,Female,81154.73,49,2020-06-17,Furniture
3460,39,Female,100016.5,78,2020-08-30,Furniture
3461,42,Other,130301.14,54,2023-06-08,Grocery
3462,26,Female,109813.27,65,2020-11-23,Electronics
3463,35,Other,112293.01,80,2022-06-19,Clothing
3464,59,Female,33072.36,3,2020-05-31,Furniture
3465,68,Other,111144.84,89,2020-04-10,Sports
3466,39,Other,33541.32,50,2020-07-15,Grocery
3467,68,Other,34033.65,75,2020-01-29,Electronics
3468,30,Female,45522.95,67,2020-06-27,Sports
3469,40,Other,63529.7,82,2020-11-09,Furniture
3470,22,Other,42297.92,30,2023-12-01,Furniture
3471,58,Male,51843.02,43,2021-06-01,Clothing
3472,44,Female,73160.82,14,2021-10-28,Furniture
3473,53,Female,101052.21,82,2021-08-31,Electronics
3474,65,Other,120302.7,24,2023-10-05,Electronics
3475,48,Female,87602.71,89,2023-12-02,Grocery
3476,57,Male,87150.92,89,2020-10-12,Clothing
3477,54,Female,31344.32,74,2020-08-19,Furniture
3478,45,Other,83697.08,60,2023-01-23,Grocery
3479,63,Other,78924.48,74,2022-05-30,Sports
3480,63,Male,126732.71,52,2023-11-25,Grocery
3481,55,Other,49357.53,1,2023-10-21,Clothing
3482,26,Male,145974.57,76,2023-11-06,Furniture
3483,32,Male,62708.66,92,2022-07-29,Clothing
3484,68,Female,104041.1,51,2021-11-26,Grocery
3485,37,Other,61222.2,83,2021-04-03,Clothing
3486,45,Male,73848.69,20,2021-05-19,Clothing
3487,42,Other,99937.03,66,2021-05-30,Furniture
3488,54,Female,76959.13,21,2021-04-12,Grocery
3489,65,Male,125675.54,64,2022-09-02,Clothing
3490,18,Other,111118.09,90,2020-07-19,Clothing
3491,44,Other,111300.48,9,2020-07-18,Sports
3492,19,Female,146261.96,9,2021-06-23,Furniture
3493,34,Male,39176.41,43,2023-03-09,Sports
3494,44,Female,110733.17,89,2023-08-30,Electronics
3495,30,Other,97861.7,83,2021-08-01,Electronics
3496,45,Other,77213.37,99,2023-06-20,Sports
3497,27,Male,77147.11,82,2022-11-25,Sports
3498,32,Female,56574.0,57,2022-11-30,Electronics
3499,61,Other,91549.63,79,2020-08-23,Furniture
3500,47,Female,104885.69,4,2021-08-22,Electronics
3501,67,Male,139418.28,78,2020-06-25,Grocery
3502,37,Female,78851.94,44,2023-12-15,Electronics
3503,47,Male,134355.86,36,2023-08-18,Sports
3504,69,Other,42542.14,74,2022-05-07,Furniture
3505,49,Other,38950.68,47,2020-11-05,Clothing
3506,63,Male,73240.88,34,2020-12-06,Sports
3507,62,Female,25631.97,31,2023-03-23,Grocery
3508,23,Other,90667.85,48,2020-05-21,Furniture
3509,43,Male,71867.35,53,2023-08-14,Electronics
3510,44,Female,78480.7,56,2020-01-16,Furniture
3511,44,Male,124969.87,67,2020-02-18,Sports
3512,55,Male,23287.53,42,2022-09-22,Grocery
3513,24,Female,79708.26,79,2021-09-09,Sports
3514,57,Female,103795.75,18,2022-06-09,Clothing
3515,42,Other,77587.49,98,2023-02-04,Clothing
3516,23,Male,113120.48,41,2021-09-26,Sports
3517,20,Male,123996.94,73,2021-09-27,Sports
3518,21,Female,140007.69,2,2020-04-29,Clothing
3519,35,Other,126698.04,44,2020-06-06,Clothing
3520,65,Other,97498.62,53,2022-09-13,Electronics
3521,63,Female,100945.56,70,2021-10-14,Furniture
3522,24,Other,71295.48,8,2020-08-31,Electronics
3523,48,Other,149157.97,77,2021-04-25,Clothing
3524,23,Male,67261.0,58,2020-10-26,Sports
3525,50,Female,63315.52,10,2021-06-03,Sports
3526,20,Other,138159.9,59,2023-11-18,Furniture
3527,28,Female,115121.44,72,2022-02-21,Clothing
3528,60,Other,72584.84,19,2022-03-02,Sports
3529,21,Male,129734.79,81,2022-04-25,Clothing
3530,60,Female,74583.09,74,2021-05-07,Furniture
3531,68,Female,94975.42,43,2020-09-19,Clothing
3532,20,Other,52086.0,31,2020-09-01,Furniture
3533,21,Female,50483.76,66,2021-10-02,Grocery
3534,34,Other,40132.5,41,2021-07-06,Grocery
3535,28,Female,130621.92,33,2023-10-16,Furniture
3536,50,Female,99098.26,30,2020-07-11,Grocery
3537,31,Male,61651.82,16,2020-06-17,Furniture
3538,69,Other,142689.24,53,2023-04-24,Sports
3539,21,Other,106212.38,49,2021-04-13,Clothing
3540,52,Female,129920.86,71,2021-12-23,Furniture
3541,37,Female,29550.97,36,2023-06-07,Clothing
3542,22,Male,66988.76,25,2023-08-23,Furniture
3543,52,Female,131818.72,28,2020-04-03,Furniture
3544,20,Female,124106.01,68,2020-08-25,Sports
3545,25,Female,30929.84,28,2020-03-30,Grocery
3546,34,Male,117120.86,98,2021-08-13,Clothing
3547,55,Male,106302.59,5,2023-01-27,Electronics
3548,63,Other,45640.2,25,2022-02-09,Clothing
3549,40,Male,79356.47,83,2022-03-10,Clothing
3550,43,Other,64828.95,37,2022-08-30,Grocery
3551,29,Female,83374.56,90,2023-12-09,Electronics
3552,52,Other,68636.52,24,2020-07-03,Clothing
3553,30,Male,22651.26,73,2021-10-16,Sports
3554,24,Male,73583.89,62,2020-03-27,Grocery
3555,39,Female,132427.88,96,2022-05-20,Grocery
3556,18,Female,96023.2,10,2021-04-04,Clothing
3557,40,Female,116579.74,15,2023-09-18,Furniture
3558,56,Male,28247.44,90,2021-07-24,Sports
3559,47,Female,95479.63,47,2022-07-25,Electronics
3560,25,Male,102699.96,26,2023-10-29,Clothing
3561,35,Female,109471.8,39,2020-02-04,Clothing
3562,61,Female,146764.64,55,2022-06-06,Clothing
3563,56,Other,45350.44,16,2023-10-10,Sports
3564,61,Other,88296.86,29,2023-11-01,Sports
3565,35,Male,60785.11,86,2023-10-31,Furniture
3566,48,Female,78522.91,77,2021-03-03,Sports
3567,39,Male,141530.54,59,2021-12-04,Clothing
3568,18,Other,76008.06,65,2020-07-12,Furniture
3569,28,Female,84608.39,78,2023-09-14,Sports
3570,20,Male,53657.39,79,2022-09-18,Clothing
3571,33,Other,124660.12,4,2021-12-24,Clothing
3572,67,Female,47261.01,1,2020-10-10,Furniture
3573,28,Other,86377.87,82,2020-06-23,Clothing
3574,44,Male,104563.28,91,2020-04-30,Electronics
3575,51,Other,147516.47,86,2022-09-09,Grocery
3576,41,Male,49561.51,55,2022-05-01,Clothing
3577,32,Female,33333.24,35,2020-11-17,Furniture
3578,58,Male,80351.7,32,2021-01-30,Sports
3579,37,Male,83738.98,52,2022-07-17,Grocery
3580,69,Other,52087.35,42,2020-01-07,Grocery
3581,62,Male,64013.75,33,2021-11-29,Grocery
3582,45,Other,35768.8,61,2023-12-04,Electronics
3583,53,Female,42012.57,12,2022-12-03,Electronics
3584,21,Male,87973.83,26,2022-01-18,Clothing
3585,58,Other,65597.65,28,2022-07-31,Furniture
3586,53,Other,33699.1,35,2021-11-26,Electronics
3587,30,Male,87389.89,72,2022-06-15,Furniture
3588,45,Other,27481.54,68,2020-12-01,Electronics
3589,39,Other,72252.05,58,2021-02-20,Electronics
3590,51,Female,79526.92,27,2023-04-28,Electronics
3591,19,Other,75041.26,80,2023-02-26,Sports
3592,69,Male,134371.57,17,2020-10-23,Electronics
3593,29,Male,110814.74,49,2022-01-29,Electronics
3594,67,Female,95502.67,92,2022-07-13,Furniture
3595,67,Other,130013.34,45,2020-10-22,Clothing
3596,19,Male,128687.71,62,2020-03-31,Electronics
3597,46,Male,136699.82,57,2021-08-20,Electronics
3598,23,Other,136771.71,65,2023-06-22,Furniture
3599,38,Male,96006.64,74,2020-07-07,Electronics
3600,21,Male,146839.71,35,2021-01-26,Sports
3601,40,Other,120025.65,62,2020-04-23,Clothing
3602,42,Other,128755.41,11,2020-08-14,Grocery
3603,25,Female,145071.64,100,2022-06-05,Electronics
3604,56,Female,34302.69,92,2020-10-29,Electronics
3605,47,Female,93393.44,63,2021-04-04,Sports
3606,65,Other,134625.71,22,2021-07-04,Clothing
3607,46,Other,63456.71,100,2023-10-16,Grocery
3608,63,Male,29409.25,89,2022-05-25,Sports
3609,69,Female,89464.54,30,2021-09-29,Furniture
3610,56,Other,79186.04,94,2021-10-13,Furniture
3611,42,Female,58007.16,99,2023-03-09,Sports
3612,69,Other,76529.12,78,2021-01-29,Electronics
3613,28,Female,20135.36,48,2020-03-16,Clothing
3614,54,Female,84577.27,53,2023-12-30,Clothing
3615,68,Male,51270.25,34,2022-10-20,Clothing
3616,27,Male,76592.68,20,2020-05-27,Sports
3617,55,Male,25508.96,92,2021-01-03,Clothing
3618,55,Other,31478.39,25,2020-04-09,Furniture
3619,41,Male,85048.81,69,2023-11-08,Furniture
3620,50,Male,136995.1,9,2023-09-30,Furniture
3621,55,Male,103641.29,26,2020-10-01,Clothing
3622,54,Female,71529.41,47,2022-09-13,Furniture
3623,22,Other,69494.47,42,2020-08-14,Sports
3624,67,Male,36110.66,85,2023-06-17,Clothing
3625,40,Other,122626.69,68,2020-05-04,Sports
3626,18,Male,96415.13,5,2020-03-23,Furniture
3627,66,Male,123117.37,58,2021-08-01,Grocery
3628,53,Male,120182.24,77,2023-03-04,Clothing
3629,49,Other,108783.96,57,2023-03-26,Clothing
3630,41,Female,35963.32,70,2023-10-13,Grocery
3631,44,Other,43751.44,82,2022-05-11,Grocery
3632,36,Other,99545.5,1,2023-11-27,Furniture
3633,67,Female,139178.6,99,2020-03-05,Clothing
3634,28,Male,117917.75,78,2022-02-18,Clothing
3635,27,Male,123497.69,28,2022-05-22,Grocery
3636,36,Male,71170.84,65,2023-09-09,Grocery
3637,24,Female,104939.1,97,2021-04-16,Clothing
3638,35,Female,65763.82,71,2023-02-05,Clothing
3639,41,Male,90350.02,52,2020-11-26,Grocery
3640,19,Female,81782.06,77,2020-07-24,Clothing
3641,18,Female,51617.65,31,2020-09-28,Clothing
3642,33,Male,48104.17,71,2022-09-01,Clothing
3643,59,Female,101518.33,81,2021-11-30,Grocery
3644,42,Female,79679.64,1,2022-11-16,Furniture
3645,67,Female,61492.29,67,2023-09-13,Clothing
3646,37,Male,42464.19,37,2021-11-10,Electronics
3647,48,Other,131347.81,14,2023-06-23,Clothing
3648,53,Male,88992.81,4,2021-05-27,Grocery
3649,24,Other,55422.3,91,2022-11-16,Furniture
3650,20,Female,147154.27,79,2023-05-18,Sports
3651,58,Female,91637.54,54,2020-10-31,Furniture
3652,28,Other,142136.86,35,2022-12-25,Grocery
3653,47,Other,34595.98,77,2021-07-24,Electronics
3654,31,Female,124653.3,26,2021-08-11,Electronics
3655,40,Other,45312.73,45,2022-12-28,Electronics
3656,43,Female,21656.85,56,2020-07-21,Furniture
3657,25,Other,76351.34,24,2020-03-18,Grocery
3658,59,Other,118002.5,66,2023-02-24,Electronics
3659,31,Other,123653.22,29,2022-04-18,Electronics
3660,35,Other,72320.94,60,2020-08-18,Furniture
3661,23,Male,43921.09,51,2022-08-28,Clothing
3662,62,Male,64026.41,30,2020-07-14,Sports
3663,68,Male,86661.5,49,2023-01-23,Grocery
3664,45,Male,125926.27,10,2021-03-18,Grocery
3665,58,Male,65206.98,45,2021-07-31,Sports
3666,42,Other,84173.93,100,2021-11-09,Sports
3667,34,Female,91126.59,45,2023-08-13,Electronics
3668,52,Other,148782.5,45,2022-11-25,Sports
3669,33,Male,47356.9,22,2022-10-28,Sports
3670,54,Other,127568.25,37,2021-03-20,Clothing
3671,44,Female,24584.65,99,2021-09-08,Furniture
3672,68,Female,85212.28,14,2021-06-21,Sports
3673,59,Female,63821.03,69,2023-12-24,Sports
3674,43,Female,56091.95,41,2020-04-17,Grocery
3675,34,Other,100306.81,88,2020-12-02,Electronics
3676,36,Other,25855.61,49,2023-10-11,Sports
3677,24,Female,132205.38,37,2022-08-23,Electronics
3678,46,Other,128845.78,32,2020-02-20,Electronics
3679,54,Female,131074.54,74,2020-01-11,Furniture
3680,54,Other,106060.22,36,2022-06-04,Clothing
3681,50,Female,105023.36,96,2021-07-01,Sports
3682,41,Other,133372.64,81,2023-11-14,Sports
3683,55,Male,60656.5,73,2023-08-25,Sports
3684,23,Female,120742.11,25,2021-01-04,Sports
3685,58,Female,20424.7,72,2022-12-02,Clothing
3686,60,Other,105288.74,14,2021-07-23,Electronics
3687,38,Female,83540.29,31,2020-05-26,Sports
3688,40,Female,131027.09,31,2021-01-09,Electronics
3689,44,Other,123556.14,63,2020-07-15,Furniture
3690,63,Female,25367.23,67,2020-10-18,Grocery
3691,22,Other,142343.09,25,2023-01-09,Furniture
3692,40,Other,110305.78,40,2023-02-17,Grocery
3693,29,Other,78808.82,16,2020-10-02,Furniture
3694,63,Male,66561.22,41,2022-09-08,Furniture
3695,25,Female,108380.16,85,2023-02-03,Furniture
3696,31,Female,82111.11,5,2023-05-15,Electronics
3697,36,Male,136094.76,69,2022-01-27,Clothing
3698,29,Male,77896.07,48,2021-05-05,Furniture
3699,37,Female,67335.92,62,2021-10-12,Clothing
3700,60,Other,28342.02,53,2021-06-01,Grocery
3701,58,Female,145880.76,37,2021-02-10,Grocery
3702,23,Other,59978.95,88,2021-03-14,Sports
3703,18,Female,132049.64,86,2021-01-28,Clothing
3704,30,Other,133555.67,7,2023-08-12,Electronics
3705,64,Female,60214.03,69,2022-11-08,Grocery
3706,26,Female,28543.92,89,2020-09-19,Grocery
3707,66,Male,126229.5,1,2020-02-13,Electronics
3708,21,Male,63555.43,11,2023-09-01,Electronics
3709,59,Male,47886.56,71,2023-02-10,Electronics
3710,42,Other,90658.83,68,2021-02-15,Sports
3711,63,Male,115785.01,68,2022-02-08,Grocery
3712,34,Female,45136.31,45,2021-02-18,Clothing
3713,35,Other,44738.97,13,2022-10-23,Grocery
3714,58,Male,54654.2,11,2022-10-01,Furniture
3715,37,Female,32480.46,50,2021-11-20,Furniture
3716,23,Male,139657.21,95,2023-04-29,Furniture
3717,56,Female,65636.36,98,2020-11-29,Sports
3718,20,Female,43507.6,24,2024-01-01,Clothing
3719,54,Other,132555.7,11,2023-04-26,Clothing
3720,68,Female,66764.16,100,2021-08-07,Clothing
3721,66,Other,93914.84,17,2022-10-13,Sports
3722,44,Male,51245.17,79,2023-03-14,Electronics
3723,44,Female,57547.12,42,2023-07-18,Clothing
3724,36,Female,22810.0,75,2023-01-27,Sports
3725,57,Male,20850.49,14,2022-12-28,Grocery
3726,39,Other,143491.45,88,2023-11-13,Grocery
3727,50,Female,114415.7,50,2023-09-21,Clothing
3728,45,Male,34229.55,71,2020-06-23,Grocery
3729,54,Other,61114.01,11,2020-09-08,Electronics
3730,24,Male,134428.31,24,2020-08-01,Electronics
3731,34,Male,93988.53,93,2021-10-02,Furniture
3732,46,Male,42844.33,68,2022-12-06,Clothing
3733,45,Female,85780.18,35,2021-05-08,Sports
3734,31,Other,88602.95,98,2023-04-08,Furniture
3735,61,Other,121683.9,15,2023-08-22,Grocery
3736,67,Male,35994.13,27,2023-10-08,Grocery
3737,67,Male,77151.44,20,2021-03-22,Grocery
3738,46,Male,35953.68,12,2022-02-23,Furniture
3739,34,Other,120394.48,34,2021-03-24,Grocery
3740,46,Female,76064.38,91,2020-04-29,Clothing
3741,49,Female,121705.4,22,2022-10-08,Sports
3742,66,Female,75631.46,87,2020-11-04,Grocery
3743,21,Male,114536.92,6,2023-04-26,Sports
3744,48,Male,149176.94,49,2020-12-04,Electronics
3745,65,Male,103022.63,4,2021-07-12,Grocery
3746,26,Female,35287.75,66,2021-09-14,Grocery
3747,69,Male,72168.39,13,2021-07-05,Grocery
3748,52,Female,23933.87,58,2022-03-05,Clothing
3749,24,Other,33104.4,30,2021-08-26,Grocery
3750,69,Male,142761.37,17,2023-01-28,Electronics
3751,50,Male,93063.63,65,2022-07-28,Grocery
3752,25,Female,99861.77,6,2021-08-25,Electronics
3753,26,Male,92222.29,22,2022-02-18,Clothing
3754,41,Other,109433.96,68,2023-05-13,Clothing
3755,69,Female,48947.53,17,2020-03-05,Sports
3756,26,Other,52610.04,93,2020-03-26,Sports
3757,33,Other,27759.06,52,2023-08-22,Electronics
3758,48,Male,131518.03,12,2021-12-10,Sports
3759,26,Other,78038.73,50,2022-07-13,Furniture
3760,38,Female,73469.96,39,2020-08-31,Clothing
3761,31,Other,53309.72,51,2023-09-29,Clothing
3762,34,Other,146459.48,60,2023-10-05,Furniture
3763,55,Female,70322.73,5,2021-10-22,Furniture
3764,42,Male,50868.63,46,2023-01-24,Furniture
3765,30,Other,27935.11,99,2022-10-13,Electronics
3766,43,Male,85508.96,90,2023-05-09,Electronics
3767,32,Male,131441.82,95,2022-08-19,Electronics
3768,43,Male,101666.07,99,2023-11-13,Electronics
3769,34,Other,95252.12,26,2021-09-06,Clothing
3770,19,Male,66770.71,46,2022-05-31,Electronics
3771,23,Other,68667.34,96,2023-02-15,Grocery
3772,44,Male,109843.28,96,2022-03-15,Clothing
3773,39,Male,107352.03,18,2020-03-14,Furniture
3774,23,Female,91368.44,15,2022-12-28,Furniture
3775,54,Male,115248.49,52,2021-09-30,Furniture
3776,50,Male,82570.93,74,2022-04-28,Furniture
3777,41,Female,64983.87,65,2021-10-10,Grocery
3778,56,Other,22448.35,35,2022-09-21,Furniture
3779,55,Female,67656.51,24,2021-03-18,Electronics
3780,37,Female,69498.94,62,2021-07-07,Sports
3781,55,Other,52994.51,83,2022-09-28,Grocery
3782,53,Male,81069.41,87,2021-08-02,Electronics
3783,59,Other,111130.86,50,2020-10-20,Electronics
3784,67,Female,95772.38,26,2022-07-27,Furniture
3785,26,Female,123545.97,4,2023-03-06,Furniture
3786,57,Male,50417.3,74,2023-12-15,Electronics
3787,27,Female,66969.94,2,2020-06-06,Furniture
3788,61,Male,80530.16,91,2022-07-07,Sports
3789,55,Male,43764.26,64,2020-01-20,Sports
3790,41,Female,64713.1,66,2020-12-02,Grocery
3791,61,Other,147754.5,75,2022-05-04,Electronics
3792,54,Male,124425.85,95,2021-10-07,Clothing
3793,57,Male,51679.16,44,2020-05-06,Grocery
3794,48,Female,141279.44,83,2021-01-07,Sports
3795,46,Other,107674.78,40,2020-12-16,Clothing
3796,37,Male,24260.33,3,2020-04-03,Clothing
3797,47,Other,61910.98,16,2022-02-21,Clothing
3798,22,Male,103038.38,57,2022-12-31,Clothing
3799,19,Other,103284.83,76,2020-10-04,Sports
3800,25,Male,122442.57,90,2022-02-03,Furniture
3801,64,Male,90571.3,44,2022-11-20,Furniture
3802,36,Male,129358.61,96,2023-08-07,Clothing
3803,28,Female,115116.28,63,2023-06-11,Grocery
3804,55,Male,33628.28,5,2021-03-12,Electronics
3805,36,Other,74631.16,96,2023-02-02,Sports
3806,24,Other,137082.77,37,2022-06-04,Grocery
3807,35,Male,65059.79,1,2022-01-22,Grocery
3808,43,Male,111081.78,10,2022-06-10,Electronics
3809,49,Other,72163.24,82,2021-02-22,Grocery
3810,33,Male,143782.69,45,2020-01-25,Clothing
3811,60,Other,55575.01,33,2021-06-29,Clothing
3812,47,Other,36520.99,40,2020-08-04,Clothing
3813,48,Female,109043.13,12,2023-01-15,Sports
3814,55,Other,106793.51,25,2021-10-18,Grocery
3815,67,Female,105961.2,85,2020-12-24,Furniture
3816,27,Female,70906.8,73,2020-10-29,Grocery
3817,32,Female,94770.45,46,2020-05-09,Furniture
3818,39,Male,148603.27,62,2021-12-17,Clothing
3819,59,Other,74077.19,100,2022-02-24,Furniture
3820,24,Male,87060.01,66,2021-12-12,Grocery
3821,44,Other,51209.6,81,2023-11-14,Clothing
3822,45,Other,33708.97,47,2020-10-27,Sports
3823,68,Other,137494.27,6,2021-03-07,Furniture
3824,64,Other,139173.27,62,2023-07-30,Furniture
3825,42,Other,67939.42,55,2021-10-24,Grocery
3826,34,Female,141791.07,55,2021-04-06,Furniture
3827,54,Male,145210.24,62,2020-04-10,Clothing
3828,46,Female,56171.4,36,2020-01-04,Furniture
3829,44,Female,132868.02,57,2020-12-13,Clothing
3830,21,Male,148119.25,9,2023-06-07,Clothing
3831,33,Female,89685.09,100,2022-05-24,Grocery
3832,39,Other,142511.3,31,2022-02-22,Electronics
3833,37,Female,59683.12,9,2021-12-16,Sports
3834,35,Other,113489.01,99,2023-11-22,Furniture
3835,57,Male,58146.23,81,2021-03-05,Electronics
3836,22,Male,123064.14,4,2022-12-07,Furniture
3837,27,Female,130582.59,50,2023-03-02,Sports
3838,41,Other,132153.4,55,2023-01-28,Sports
3839,56,Other,99253.63,78,2023-03-10,Clothing
3840,46,Female,111859.26,43,2022-02-23,Electronics
3841,21,Female,73901.76,75,2022-01-20,Furniture
3842,65,Female,28530.72,28,2022-06-05,Furniture
3843,58,Other,138130.45,32,2023-02-23,Furniture
3844,38,Male,62976.68,77,2023-06-04,Clothing
3845,55,Other,93409.74,100,2023-07-29,Clothing
3846,46,Female,115060.94,74,2021-12-03,Grocery
3847,50,Female,40482.78,32,2023-05-07,Sports
3848,34,Female,79428.63,20,2021-07-11,Furniture
3849,47,Female,97450.62,5,2023-10-24,Grocery
3850,24,Male,138498.33,82,2021-03-29,Clothing
3851,45,Female,92187.84,22,2022-01-11,Furniture
3852,38,Other,30010.03,20,2022-03-09,Clothing
3853,30,Male,118048.83,34,2022-10-24,Sports
3854,22,Male,95571.44,30,2021-11-12,Electronics
3855,37,Female,140076.87,26,2021-08-25,Grocery
3856,63,Male,101662.28,80,2023-10-26,Electronics
3857,50,Female,96907.42,42,2020-07-03,Electronics
3858,65,Female,21005.87,32,2020-12-09,Furniture
3859,27,Other,134011.21,43,2020-02-09,Furniture
3860,27,Female,102907.0,14,2021-12-17,Furniture
3861,37,Other,93642.91,51,2022-12-29,Clothing
3862,66,Female,89446.51,77,2021-11-14,Grocery
3863,68,Other,36172.78,12,2021-06-27,Grocery
3864,54,Female,51523.17,4,2022-10-21,Sports
3865,54,Female,98193.68,79,2023-09-18,Grocery
3866,34,Other,72774.56,79,2020-07-09,Furniture
3867,23,Female,128369.77,27,2020-03-05,Furniture
3868,56,Female,121057.6,38,2021-07-08,Grocery
3869,54,Other,111635.55,4,2022-07-20,Electronics
3870,52,Female,48483.71,84,2022-02-20,Grocery
3871,48,Female,143224.0,33,2023-06-18,Clothing
3872,56,Male,116968.6,75,2021-09-20,Sports
3873,62,Male,90154.98,6,2023-09-11,Furniture
3874,44,Female,24976.65,38,2022-02-05,Electronics
3875,50,Male,82782.15,13,2022-05-22,Clothing
3876,20,Other,116207.15,8,2022-06-07,Sports
3877,47,Male,96920.1,35,2021-02-14,Electronics
3878,24,Female,31879.98,40,2021-07-31,Furniture
3879,51,Female,139926.35,31,2022-07-11,Electronics
3880,55,Other,121200.69,17,2023-07-31,Furniture
3881,61,Female,130093.92,4,2021-08-07,Clothing
3882,34,Male,119772.72,31,2022-01-05,Electronics
3883,21,Female,23315.96,59,2022-10-31,Electronics
3884,22,Other,81029.56,84,2020-06-25,Furniture
3885,67,Female,39997.3,36,2023-05-21,Furniture
3886,28,Other,27267.73,6,2021-09-15,Furniture
3887,19,Male,64784.47,14,2021-09-23,Furniture
3888,47,Female,144696.46,4,2020-09-27,Sports
3889,43,Male,139651.29,7,2022-08-05,Grocery
3890,30,Other,119452.73,65,2023-01-10,Furniture
3891,24,Male,118570.63,43,2023-10-04,Furniture
3892,26,Female,102038.23,84,2022-07-16,Grocery
3893,39,Other,129436.78,20,2023-10-19,Sports
3894,47,Male,106988.09,100,2021-05-16,Grocery
3895,31,Female,27461.71,90,2021-12-05,Clothing
3896,24,Male,34814.1,41,2020-03-03,Sports
3897,46,Male,96896.79,94,2023-03-19,Grocery
3898,32,Male,20390.86,75,2022-12-07,Sports
3899,63,Other,23020.51,88,2022-05-16,Grocery
3900,68,Female,36294.46,90,2021-12-20,Clothing
3901,50,Other,21642.64,83,2022-04-19,Sports
3902,35,Other,39838.06,34,2023-09-15,Electronics
3903,57,Male,119691.61,12,2021-08-29,Sports
3904,55,Other,22063.77,81,2023-05-27,Sports
3905,62,Male,52793.18,6,2020-02-01,Clothing
3906,32,Female,89926.59,46,2022-07-09,Grocery
3907,61,Other,78425.34,25,2023-11-27,Clothing
3908,32,Other,86103.66,3,2021-04-21,Clothing
3909,35,Male,110757.39,48,2020-12-14,Electronics
3910,34,Male,134556.65,91,2022-07-13,Sports
3911,31,Other,115188.95,89,2023-03-18,Clothing
3912,52,Female,36227.76,80,2023-01-24,Electronics
3913,18,Other,139815.63,35,2022-01-04,Grocery
3914,20,Female,70035.08,74,2020-01-26,Furniture
3915,49,Female,113669.57,62,2021-06-02,Grocery
3916,38,Other,138040.59,63,2020-06-08,Furniture
3917,23,Other,46568.79,9,2020-07-08,Sports
3918,52,Male,43089.68,23,2023-05-03,Electronics
3919,52,Male,74480.28,87,2022-12-25,Grocery
3920,51,Male,103748.65,25,2020-05-26,Furniture
3921,30,Female,36861.51,24,2023-05-29,Sports
3922,18,Female,142074.01,96,2023-03-27,Sports
3923,22,Other,54822.47,21,2020-12-13,Clothing
3924,68,Other,41563.42,3,2023-09-01,Clothing
3925,52,Other,110680.86,5,2023-09-22,Grocery
3926,63,Female,55315.28,46,2021-12-05,Grocery
3927,69,Other,72065.4,54,2023-02-27,Sports
3928,42,Male,49766.41,67,2022-11-09,Clothing
3929,27,Male,146383.77,92,2021-01-06,Furniture
3930,49,Other,149094.01,99,2022-06-30,Grocery
3931,69,Other,105050.14,66,2022-07-06,Grocery
3932,69,Female,133627.73,5,2023-04-21,Sports
3933,33,Male,111563.7,67,2021-03-15,Furniture
3934,59,Female,52544.7,28,2020-11-02,Electronics
3935,66,Male,58905.34,80,2020-08-23,Furniture
3936,63,Male,87993.86,31,2020-12-17,Grocery
3937,61,Female,123181.8,72,2020-03-19,Electronics
3938,40,Male,123208.88,8,2023-07-03,Furniture
3939,69,Male,67213.95,14,2023-07-31,Furniture
3940,45,Other,65285.44,70,2021-01-13,Grocery
3941,58,Other,74546.84,6,2022-03-21,Electronics
3942,29,Other,75579.15,94,2022-07-31,Electronics
3943,19,Other,45593.34,95,2023-10-04,Electronics
3944,63,Other,82780.39,40,2020-08-25,Clothing
3945,59,Other,67629.28,5,2022-03-22,Electronics
3946,66,Female,36555.4,10,2021-09-09,Clothing
3947,35,Male,30880.07,90,2023-02-26,Furniture
3948,42,Male,87782.37,86,2021-07-29,Electronics
3949,63,Female,119618.95,11,2020-12-29,Electronics
3950,27,Male,26570.39,93,2020-07-11,Furniture
3951,61,Male,137302.33,10,2020-02-20,Clothing
3952,57,Other,21146.38,49,2021-12-09,Electronics
3953,38,Other,102985.65,23,2023-11-06,Clothing
3954,40,Female,116801.34,36,2020-02-17,Clothing
3955,18,Male,82484.74,90,2023-07-23,Grocery
3956,23,Female,54484.16,63,2022-11-14,Furniture
3957,61,Male,110115.7,25,2022-03-07,Grocery
3958,36,Other,129490.84,1,2021-09-07,Furniture
3959,67,Other,105571.92,75,2022-01-17,Electronics
3960,30,Other,109787.28,79,2023-01-23,Grocery
3961,45,Male,88072.7,47,2023-12-11,Furniture
3962,18,Other,149475.13,33,2023-11-30,Furniture
3963,24,Male,23006.43,22,2022-05-14,Clothing
3964,49,Male,137612.2,51,2022-11-19,Clothing
3965,54,Other,40563.37,14,2020-09-17,Furniture
3966,64,Male,102098.26,69,2021-11-02,Sports
3967,68,Other,148621.61,43,2021-01-04,Sports
3968,43,Other,71452.21,32,2023-05-06,Furniture
3969,31,Other,46969.12,99,2021-10-11,Sports
3970,66,Male,36463.17,26,2022-12-31,Grocery
3971,38,Female,63055.77,24,2022-12-19,Clothing
3972,65,Male,62623.84,91,2020-04-07,Grocery
3973,43,Male,121493.65,49,2021-06-03,Electronics
3974,44,Other,50783.87,43,2022-11-16,Grocery
3975,61,Female,134614.06,89,2021-08-10,Sports
3976,25,Male,142921.66,56,2020-01-08,Sports
3977,53,Other,100398.04,35,2021-12-22,Furniture
3978,59,Other,39721.84,60,2022-09-25,Furniture
3979,21,Female,88932.09,41,2023-01-25,Clothing
3980,51,Male,37642.42,41,2022-10-21,Clothing
3981,21,Female,77953.62,83,2022-01-13,Sports
3982,35,Female,48276.28,2,2023-07-27,Grocery
3983,53,Female,46320.22,94,2023-04-13,Grocery
3984,18,Female,85352.86,73,2023-06-28,Furniture
3985,54,Male,137022.83,22,2022-12-07,Clothing
3986,18,Other,139534.08,8,2022-03-13,Furniture
3987,32,Female,94044.67,93,2023-05-19,Grocery
3988,47,Female,110028.81,65,2022-05-02,Electronics
3989,60,Female,20886.74,54,2022-01-31,Furniture
3990,21,Male,61269.27,61,2021-06-11,Sports
3991,62,Other,59677.25,28,2020-07-14,Clothing
3992,56,Female,38847.51,68,2022-08-14,Furniture
3993,43,Other,49954.92,59,2022-01-13,Clothing
3994,49,Male,104723.2,33,2022-06-19,Clothing
3995,51,Female,77604.49,12,2020-03-19,Clothing
3996,49,Female,143750.02,53,2022-06-29,Electronics
3997,32,Female,35019.83,84,2023-08-05,Sports
3998,19,Female,34754.77,28,2020-02-09,Sports
3999,23,Other,82332.36,100,2023-01-15,Sports
4000,55,Female,147972.53,24,2020-03-03,Furniture
4001,37,Female,34880.46,69,2023-11-22,Grocery
4002,65,Female,96440.45,61,2020-03-16,Electronics
4003,69,Female,106894.91,99,2020-06-11,Sports
4004,46,Female,23038.57,72,2022-11-09,Clothing
4005,28,Female,120035.07,14,2022-09-26,Furniture
4006,52,Male,134943.07,88,2020-06-02,Furniture
4007,56,Female,22959.29,87,2022-12-28,Sports
4008,36,Male,63990.35,92,2023-01-27,Electronics
4009,30,Female,148272.09,35,2021-09-20,Furniture
4010,65,Female,114188.0,42,2023-06-04,Sports
4011,43,Male,109787.92,54,2021-07-02,Clothing
4012,54,Other,55456.7,50,2021-03-29,Furniture
4013,33,Male,102310.96,54,2021-01-01,Clothing
4014,60,Male,100441.82,58,2023-03-19,Furniture
4015,68,Male,21913.72,66,2020-08-01,Sports
4016,31,Male,74719.16,3,2021-11-06,Electronics
4017,33,Male,107156.15,55,2020-11-26,Grocery
4018,19,Male,105831.84,7,2023-09-20,Clothing
4019,19,Female,76514.46,78,2023-11-12,Sports
4020,51,Female,81899.12,40,2023-08-28,Sports
4021,42,Female,123139.61,71,2023-08-03,Clothing
4022,32,Other,98247.31,72,2023-10-17,Grocery
4023,39,Male,51013.46,95,2021-08-17,Sports
4024,18,Male,78077.0,29,2020-10-18,Electronics
4025,64,Female,126247.84,22,2023-06-17,Electronics
4026,47,Female,56288.63,31,2021-12-22,Grocery
4027,23,Other,124698.18,13,2021-05-12,Furniture
4028,36,Male,106118.52,48,2022-12-04,Grocery
4029,30,Other,31357.57,16,2020-08-26,Sports
4030,54,Female,134750.31,91,2020-08-18,Electronics
4031,32,Other,123699.89,49,2021-03-18,Furniture
4032,22,Other,75532.8,85,2022-09-17,Furniture
4033,26,Female,97498.38,96,2023-04-20,Electronics
4034,54,Other,25815.79,9,2022-12-31,Clothing
4035,49,Male,135665.48,44,2021-06-14,Clothing
4036,25,Male,34896.58,89,2021-09-28,Grocery
4037,22,Other,57477.89,34,2023-10-05,Furniture
4038,31,Male,143539.72,83,2022-08-16,Grocery
4039,42,Male,79302.96,3,2023-10-18,Grocery
4040,61,Female,51878.89,90,2023-08-18,Grocery
4041,36,Male,93543.48,24,2021-02-20,Sports
4042,56,Male,126089.19,95,2023-05-26,Electronics
4043,60,Other,35932.85,80,2023-04-04,Electronics
4044,35,Male,55406.41,52,2022-02-18,Sports
4045,35,Female,138340.6,12,2020-03-16,Electronics
4046,31,Female,80012.54,91,2020-11-04,Furniture
4047,50,Male,93556.82,15,2021-07-23,Clothing
4048,30,Male,38640.72,89,2023-08-03,Electronics
4049,29,Other,135125.68,8,2021-04-16,Clothing
4050,23,Female,39425.71,31,2021-03-09,Clothing
4051,19,Other,141193.12,58,2021-10-04,Electronics
4052,58,Other,123645.89,92,2020-04-19,Furniture
4053,34,Female,21069.97,58,2021-05-21,Sports
4054,55,Female,112257.46,24,2023-11-07,Grocery
4055,53,Male,43937.96,4,2023-07-06,Sports
4056,66,Other,107646.71,28,2020-07-13,Grocery
4057,51,Female,125193.9,76,2023-09-27,Sports
4058,69,Female,72174.55,79,2020-07-25,Sports
4059,47,Male,44341.43,57,2020-09-08,Electronics
4060,56,Female,69966.22,49,2023-04-30,Electronics
4061,32,Other,116244.41,97,2021-07-19,Electronics
4062,22,Female,149820.95,45,2020-06-02,Electronics
4063,49,Other,98327.08,85,2023-07-04,Clothing
4064,34,Other,85382.43,60,2023-08-07,Electronics
4065,44,Other,37644.34,14,2023-07-25,Clothing
4066,37,Male,103531.04,69,2020-06-14,Sports
4067,18,Female,66453.04,32,2021-12-03,Clothing
4068,32,Male,30428.13,3,2023-09-11,Sports
4069,21,Other,26374.22,28,2021-04-14,Grocery
4070,66,Female,53113.88,96,2022-11-15,Clothing
4071,22,Other,121988.57,6,2023-09-02,Grocery
4072,61,Female,111147.74,31,2020-07-24,Sports
4073,30,Other,20725.98,67,2021-08-27,Grocery
4074,19,Other,90325.05,24,2020-12-26,Clothing
4075,49,Female,136587.96,86,2021-08-27,Electronics
4076,34,Other,50240.44,54,2023-10-31,Electronics
4077,19,Female,42233.48,79,2020-10-22,Clothing
4078,28,Male,107080.82,29,2023-06-06,Sports
4079,53,Other,76192.45,12,2023-03-30,Electronics
4080,53,Other,93624.44,78,2022-03-08,Furniture
4081,54,Male,51711.38,75,2023-02-10,Electronics
4082,60,Male,67308.88,14,2021-03-01,Grocery
4083,24,Female,55749.17,93,2020-04-16,Grocery
4084,20,Other,103581.43,22,2022-01-10,Clothing
4085,36,Male,64200.88,98,2022-03-13,Sports
4086,30,Male,52190.12,72,2022-04-25,Grocery
4087,64,Female,126162.26,9,2020-07-21,Furniture
4088,42,Female,86312.79,68,2021-07-10,Grocery
4089,28,Other,129603.24,22,2021-11-15,Grocery
4090,34,Female,141296.38,69,2021-05-20,Furniture
4091,64,Other,40446.71,41,2021-07-25,Furniture
4092,57,Other,66523.11,99,2022-05-16,Sports
4093,37,Male,49138.62,92,2023-11-17,Grocery
4094,61,Female,47670.15,31,2021-06-18,Grocery
4095,47,Female,81582.13,78,2021-09-21,Sports
4096,23,Other,103822.34,60,2022-08-05,Furniture
4097,36,Male,54997.67,6,2020-08-21,Sports
4098,46,Other,103245.66,43,2023-09-23,Clothing
4099,64,Female,144357.22,31,2021-06-01,Furniture
4100,23,Male,25604.11,85,2023-10-02,Sports
4101,20,Male,147632.5,56,2022-12-12,Sports
4102,43,Female,126711.16,48,2021-09-01,Clothing
4103,38,Other,65321.34,40,2022-07-29,Sports
4104,69,Male,104173.52,33,2023-10-17,Grocery
4105,53,Other,120519.56,50,2020-11-09,Sports
4106,36,Female,38449.41,10,2021-10-21,Grocery
4107,47,Male,66042.59,54,2023-11-08,Grocery
4108,39,Other,59371.07,62,2022-05-20,Clothing
4109,41,Female,36405.46,2,2022-09-22,Clothing
4110,25,Male,64502.9,42,2023-10-24,Sports
4111,69,Female,97670.68,8,2021-04-21,Grocery
4112,28,Female,142711.39,62,2020-01-10,Sports
4113,23,Male,85845.75,29,2023-01-08,Grocery
4114,38,Female,41785.01,98,2022-04-21,Electronics
4115,64,Female,117990.3,70,2021-05-27,Electronics
4116,61,Female,111206.38,37,2020-09-15,Clothing
4117,51,Female,31746.44,97,2023-01-02,Furniture
4118,33,Other,137049.99,39,2023-09-04,Sports
4119,56,Other,27128.42,18,2021-12-09,Electronics
4120,44,Male,99934.48,66,2022-12-06,Grocery
4121,48,Male,52336.75,81,2021-06-21,Electronics
4122,69,Male,20594.36,93,2022-03-12,Electronics
4123,23,Other,21731.4,86,2023-12-08,Furniture
4124,66,Other,69739.6,97,2020-07-31,Sports
4125,43,Other,90548.97,47,2021-07-10,Furniture
4126,43,Male,64745.97,12,2023-11-06,Sports
4127,31,Female,128192.85,69,2021-08-19,Electronics
4128,25,Other,68097.63,36,2021-05-21,Sports
4129,41,Female,112640.25,62,2023-01-23,Sports
4130,69,Other,51317.74,13,2021-03-13,Electronics
4131,65,Other,38011.88,28,2021-04-21,Clothing
4132,66,Male,52773.63,56,2023-02-28,Sports
4133,55,Other,109213.39,49,2021-11-28,Grocery
4134,30,Male,102716.41,26,2022-01-17,Grocery
4135,55,Female,58963.43,47,2023-09-12,Electronics
4136,20,Other,96624.47,21,2023-02-01,Furniture
4137,61,Female,89316.16,21,2022-03-12,Clothing
4138,23,Male,33293.56,16,2022-07-29,Grocery
4139,64,Female,97158.55,12,2023-11-22,Electronics
4140,62,Female,45581.9,73,2021-03-14,Grocery
4141,41,Female,90523.09,19,2020-12-13,Sports
4142,18,Female,76211.25,11,2021-05-01,Electronics
4143,34,Female,91277.46,13,2020-12-31,Furniture
4144,21,Other,78685.7,66,2023-03-28,Clothing
4145,25,Other,133997.83,71,2020-12-04,Clothing
4146,62,Other,130683.42,10,2022-12-25,Clothing
4147,56,Male,96330.45,67,2023-09-16,Electronics
4148,36,Female,140109.36,64,2022-03-10,Sports
4149,39,Other,142302.98,16,2021-08-31,Electronics
4150,56,Male,134201.46,7,2022-08-17,Electronics
4151,53,Male,30267.95,23,2021-03-19,Grocery
4152,24,Other,54251.18,16,2021-05-25,Sports
4153,54,Other,117620.8,79,2023-08-15,Grocery
4154,66,Male,39825.84,87,2022-09-01,Grocery
4155,40,Other,51959.33,95,2023-04-16,Clothing
4156,68,Female,73359.9,19,2020-07-09,Furniture
4157,67,Female,120202.82,100,2023-10-25,Electronics
4158,52,Male,87128.86,60,2021-04-22,Grocery
4159,21,Male,126068.57,8,2020-06-29,Sports
4160,57,Female,30884.44,49,2021-12-28,Sports
4161,62,Male,139207.9,6,2022-01-25,Sports
4162,60,Male,39677.64,3,2020-11-02,Sports
4163,27,Other,60899.84,92,2021-07-15,Grocery
4164,53,Male,55812.71,55,2021-12-16,Furniture
4165,49,Female,21359.04,86,2020-02-05,Sports
4166,34,Male,110475.14,73,2023-01-24,Grocery
4167,35,Female,147859.71,1,2023-07-12,Clothing
4168,30,Other,122665.94,6,2023-05-16,Electronics
4169,68,Other,45509.28,13,2022-12-13,Furniture
4170,67,Other,131750.04,12,2020-01-03,Clothing
4171,51,Other,97793.05,9,2021-02-19,Electronics
4172,25,Female,133491.7,86,2021-04-16,Clothing
4173,46,Male,147469.98,78,2022-01-31,Electronics
4174,36,Female,109199.35,52,2022-09-07,Sports
4175,35,Female,109925.11,9,2022-08-01,Furniture
4176,28,Male,111303.23,26,2020-12-07,Furniture
4177,69,Other,48112.14,36,2021-11-25,Clothing
4178,47,Female,120224.14,13,2020-03-23,Grocery
4179,44,Other,142083.33,27,2020-09-26,Electronics
4180,44,Other,125269.35,9,2022-05-12,Grocery
4181,26,Male,126909.31,90,2020-06-11,Grocery
4182,36,Other,100761.69,22,2023-05-06,Clothing
4183,33,Female,51106.39,93,2022-11-14,Sports
4184,55,Male,148721.73,55,2021-06-12,Grocery
4185,25,Female,100164.89,86,2022-05-15,Sports
4186,56,Male,47960.65,59,2020-01-18,Electronics
4187,48,Male,64910.06,84,2021-05-27,Grocery
4188,37,Female,21224.6,10,2021-12-11,Sports
4189,29,Male,118431.34,86,2022-03-20,Electronics
4190,60,Male,55141.78,16,2020-06-05,Grocery
4191,43,Other,143731.12,75,2021-06-18,Grocery
4192,20,Male,98163.21,76,2021-12-06,Sports
4193,41,Male,31491.27,100,2021-04-01,Furniture
4194,68,Male,81092.84,41,2021-03-03,Grocery
4195,28,Other,149029.37,93,2020-08-08,Grocery
4196,41,Other,138959.75,53,2021-09-19,Clothing
4197,53,Female,109316.49,91,2021-05-23,Sports
4198,55,Other,146535.45,71,2022-06-16,Sports
4199,36,Other,30002.1,63,2022-06-08,Grocery
4200,61,Female,67303.02,66,2022-11-05,Furniture
4201,68,Male,66220.19,70,2023-10-15,Electronics
4202,35,Female,94286.97,23,2022-07-18,Electronics
4203,27,Other,119648.47,8,2021-01-05,Grocery
4204,18,Male,40541.43,83,2023-09-07,Sports
4205,19,Female,94076.25,80,2022-11-05,Furniture
4206,37,Female,59146.18,14,2022-12-23,Clothing
4207,26,Other,34985.23,100,2020-05-30,Grocery
4208,19,Female,40163.57,17,2023-12-17,Grocery
4209,20,Male,33001.59,10,2020-05-04,Furniture
4210,19,Female,55152.35,85,2020-05-02,Electronics
4211,47,Female,32209.08,84,2022-02-10,Sports
4212,43,Male,62355.78,92,2021-03-07,Furniture
4213,64,Other,20210.56,82,2020-12-15,Clothing
4214,65,Male,121560.12,97,2023-09-25,Electronics
4215,58,Female,32569.65,8,2020-12-01,Furniture
4216,66,Female,78298.52,61,2023-04-21,Clothing
4217,63,Female,121259.19,23,2022-01-25,Electronics
4218,19,Other,25357.26,22,2021-01-06,Electronics
4219,52,Other,57222.1,84,2021-07-07,Clothing
4220,63,Female,93558.43,62,2021-11-26,Electronics
4221,57,Other,79940.39,8,2020-03-03,Electronics
4222,32,Female,142018.36,30,2023-01-28,Clothing
4223,65,Male,139579.1,92,2021-12-22,Grocery
4224,44,Female,125711.27,66,2021-09-12,Grocery
4225,62,Male,57902.85,77,2020-02-20,Sports
4226,29,Male,70132.63,92,2023-07-23,Clothing
4227,57,Other,26058.05,6,2023-11-24,Sports
4228,23,Female,108998.93,78,2020-09-11,Grocery
4229,22,Male,96842.29,58,2021-12-15,Grocery
4230,42,Other,148854.09,20,2020-11-06,Clothing
4231,61,Female,120905.77,20,2023-12-04,Sports
4232,57,Other,112979.97,73,2022-02-01,Clothing
4233,65,Male,82057.92,21,2021-06-20,Grocery
4234,53,Other,105908.38,80,2023-11-11,Clothing
4235,60,Male,147979.71,74,2020-10-03,Grocery
4236,37,Male,146563.83,10,2020-11-19,Furniture
4237,56,Other,99858.41,76,2023-02-13,Sports
4238,54,Female,70342.01,67,2020-02-25,Grocery
4239,29,Female,119028.06,81,2022-08-07,Grocery
4240,32,Other,41548.72,5,2021-01-21,Clothing
4241,23,Male,93618.28,46,2021-10-01,Furniture
4242,62,Other,106191.72,98,2021-06-06,Clothing
4243,30,Other,105358.88,86,2022-04-05,Furniture
4244,28,Other,131579.5,88,2023-03-25,Furniture
4245,33,Other,48748.83,42,2022-09-25,Electronics
4246,66,Other,87417.71,7,2021-09-25,Grocery
4247,37,Male,34870.29,34,2022-11-15,Sports
4248,26,Other,137754.66,77,2021-09-28,Clothing
4249,65,Other,130829.54,42,2020-02-19,Grocery
4250,66,Female,23328.9,13,2022-04-17,Clothing
4251,54,Female,117595.78,63,2021-09-23,Electronics
4252,64,Female,133946.63,38,2021-01-03,Clothing
4253,30,Male,32200.88,10,2023-03-01,Clothing
4254,18,Male,46104.29,4,2020-01-04,Electronics
4255,24,Female,118283.53,19,2020-09-18,Clothing
4256,61,Male,37349.85,77,2022-08-20,Furniture
4257,45,Other,75240.17,47,2022-11-17,Furniture
4258,53,Other,47366.54,15,2023-11-16,Furniture
4259,35,Female,127754.85,27,2023-07-06,Furniture
4260,33,Female,79727.91,20,2022-08-22,Sports
4261,42,Female,59901.54,70,2022-10-10,Sports
4262,61,Male,131506.35,15,2021-11-19,Sports
4263,25,Female,96163.3,10,2020-12-24,Grocery
4264,21,Female,58901.56,13,2023-08-24,Furniture
4265,21,Male,135134.2,66,2021-08-25,Grocery
4266,40,Male,27005.68,58,2021-09-06,Electronics
4267,24,Male,106832.25,18,2021-12-03,Furniture
4268,39,Male,123868.48,24,2020-06-03,Electronics
4269,34,Male,30766.26,23,2021-06-16,Electronics
4270,68,Other,114539.48,36,2021-01-06,Grocery
4271,33,Male,111012.87,62,2023-09-27,Electronics
4272,43,Other,133638.73,57,2022-10-26,Clothing
4273,24,Female,39908.1,10,2022-12-20,Clothing
4274,30,Male,70814.17,47,2021-07-01,Furniture
4275,23,Male,121874.53,55,2022-12-13,Clothing
4276,21,Other,26377.7,83,2022-12-10,Sports
4277,37,Female,58265.87,100,2022-07-03,Electronics
4278,34,Male,87565.93,33,2023-06-11,Furniture
4279,63,Other,29350.85,55,2022-05-17,Electronics
4280,21,Male,121802.76,35,2022-10-30,Grocery
4281,45,Male,48079.92,6,2020-11-18,Clothing
4282,46,Male,110045.34,26,2021-03-16,Grocery
4283,22,Female,103198.73,64,2020-05-13,Sports
4284,45,Male,147878.89,60,2021-03-25,Grocery
4285,22,Male,134696.13,49,2023-07-25,Furniture
4286,53,Female,33801.02,85,2022-07-31,Furniture
4287,21,Female,70601.22,32,2023-09-27,Electronics
4288,55,Male,82861.78,66,2023-09-16,Sports
4289,22,Female,52776.49,100,2023-01-18,Furniture
4290,31,Other,20468.63,11,2022-11-05,Sports
4291,32,Male,51055.88,87,2023-02-01,Electronics
4292,56,Female,125908.66,91,2020-07-01,Sports
4293,26,Female,85031.84,14,2020-06-18,Electronics
4294,66,Other,118400.55,13,2022-01-22,Sports
4295,18,Female,128677.1,84,2021-06-16,Electronics
4296,58,Female,108945.68,49,2021-07-18,Electronics
4297,47,Female,29998.56,17,2021-06-12,Clothing
4298,59,Male,23244.4,13,2021-07-21,Clothing
4299,56,Other,141308.82,54,2022-10-03,Furniture
4300,51,Male,21486.11,59,2023-01-29,Furniture
4301,42,Other,54625.89,75,2023-10-22,Electronics
4302,68,Male,95703.08,90,2020-07-23,Clothing
4303,23,Other,136240.34,39,2022-03-15,Furniture
4304,68,Female,67014.1,44,2021-03-30,Sports
4305,29,Female,70789.65,71,2022-10-30,Clothing
4306,23,Other,107813.75,24,2023-07-04,Sports
4307,49,Female,141919.22,67,2023-04-22,Grocery
4308,27,Male,100474.0,23,2023-04-20,Clothing
4309,49,Male,37270.26,57,2021-10-14,Clothing
4310,28,Male,89327.36,13,2022-03-09,Grocery
4311,66,Other,66536.64,44,2022-01-10,Sports
4312,62,Other,127678.1,76,2021-11-18,Electronics
4313,67,Male,40118.86,54,2020-01-03,Grocery
4314,27,Other,56177.86,47,2020-05-15,Grocery
4315,53,Other,109720.88,52,2020-02-28,Electronics
4316,26,Female,86043.31,88,2021-04-29,Sports
4317,53,Other,112762.03,8,2022-12-10,Grocery
4318,62,Other,35605.72,98,2020-11-21,Clothing
4319,68,Male,92136.24,64,2023-12-23,Electronics
4320,68,Female,116655.7,91,2022-11-02,Sports
4321,19,Male,84604.89,37,2020-11-28,Clothing
4322,39,Other,123092.51,51,2020-06-08,Electronics
4323,53,Other,44540.09,12,2021-01-30,Grocery
4324,40,Male,101075.13,38,2020-08-20,Electronics
4325,61,Female,134534.05,9,2023-08-08,Grocery
4326,30,Male,117784.49,31,2022-12-04,Grocery
4327,37,Other,87846.67,25,2022-09-29,Clothing
4328,18,Other,61455.53,40,2020-04-25,Sports
4329,52,Male,140848.09,100,2022-08-23,Sports
4330,29,Female,141876.17,75,2022-05-08,Grocery
4331,26,Female,81364.41,68,2022-04-06,Sports
4332,54,Female,89633.05,27,2022-09-16,Sports
4333,48,Male,114407.13,1,2020-07-20,Clothing
4334,50,Male,130124.64,35,2020-02-11,Sports
4335,31,Male,112627.32,26,2023-04-01,Sports
4336,26,Female,31806.3,64,2020-02-22,Furniture
4337,44,Female,30734.48,68,2020-07-09,Furniture
4338,63,Female,145970.17,19,2020-02-11,Sports
4339,68,Male,130914.93,99,2021-03-07,Clothing
4340,18,Female,77778.37,80,2021-01-17,Grocery
4341,49,Female,106615.89,44,2020-08-20,Sports
4342,63,Female,108830.7,29,2021-10-20,Clothing
4343,62,Other,42118.58,5,2020-12-04,Grocery
4344,68,Other,107386.43,84,2022-08-07,Clothing
4345,45,Male,121063.17,60,2021-12-22,Grocery
4346,59,Male,125189.55,92,2023-11-05,Sports
4347,44,Female,56634.91,71,2023-08-08,Grocery
4348,49,Male,98741.53,36,2023-05-27,Grocery
4349,54,Female,50293.8,11,2021-06-20,Clothing
4350,63,Female,106787.65,34,2023-06-03,Clothing
4351,42,Male,28745.25,33,2020-10-18,Grocery
4352,40,Male,146666.48,51,2020-10-17,Clothing
4353,29,Other,22728.64,10,2022-02-25,Furniture
4354,20,Male,103366.21,10,2022-09-16,Grocery
4355,39,Other,136332.03,77,2022-05-13,Furniture
4356,35,Male,48383.37,40,2020-12-17,Clothing
4357,64,Other,126180.04,36,2022-06-03,Clothing
4358,43,Male,32586.12,30,2022-06-21,Grocery
4359,42,Female,95228.39,33,2023-01-27,Clothing
4360,51,Female,123270.59,33,2021-02-09,Clothing
4361,21,Other,51028.33,14,2023-03-27,Furniture
4362,60,Other,133758.73,20,2020-06-03,Sports
4363,51,Female,93995.27,28,2020-04-10,Sports
4364,29,Female,79163.17,2,2022-06-13,Sports
4365,29,Female,113207.22,70,2021-04-16,Electronics
4366,53,Other,90240.08,38,2023-05-21,Electronics
4367,69,Female,108108.94,22,2020-04-09,Clothing
4368,49,Other,46115.19,65,2020-12-08,Electronics
4369,47,Other,86107.31,22,2023-09-29,Electronics
4370,39,Male,109409.85,79,2021-09-19,Electronics
4371,63,Other,116056.24,95,2022-02-07,Clothing
4372,18,Male,122662.85,12,2022-02-13,Sports
4373,41,Male,112968.19,42,2022-03-11,Furniture
4374,66,Other,61858.36,49,2020-06-05,Grocery
4375,36,Other,115663.64,50,2023-08-08,Grocery
4376,43,Male,120864.14,82,2020-06-05,Sports
4377,24,Male,74429.31,75,2022-06-18,Furniture
4378,37,Female,99850.53,94,2023-02-24,Grocery
4379,45,Male,114663.86,85,2021-12-11,Clothing
4380,57,Male,73003.18,76,2022-02-10,Clothing
4381,22,Female,134402.97,85,2020-06-13,Grocery
4382,61,Male,77029.43,45,2021-08-09,Grocery
4383,65,Female,140814.46,6,2023-03-31,Grocery
4384,62,Male,43444.65,45,2020-07-04,Clothing
4385,39,Female,135540.62,73,2023-02-12,Sports
4386,22,Female,95750.19,43,2022-11-08,Sports
4387,50,Other,34302.44,56,2022-11-29,Electronics
4388,38,Other,98828.79,77,2020-12-07,Furniture
4389,64,Female,108124.72,22,2022-06-05,Clothing
4390,38,Male,34191.53,96,2021-11-11,Sports
4391,26,Female,23539.09,96,2022-01-13,Clothing
4392,31,Female,70420.34,6,2020-07-09,Sports
4393,57,Female,89158.37,93,2022-06-21,Clothing
4394,57,Other,113361.87,20,2022-06-17,Sports
4395,37,Other,34190.27,96,2020-03-10,Clothing
4396,38,Male,118967.37,94,2023-12-31,Sports
4397,50,Other,23230.35,46,2021-08-29,Clothing
4398,28,Male,81846.59,24,2020-05-13,Furniture
4399,66,Female,81582.06,54,2021-03-10,Furniture
4400,62,Other,101941.44,42,2020-09-24,Clothing
4401,27,Female,90977.19,88,2021-01-22,Sports
4402,60,Other,145594.14,87,2022-12-07,Electronics
4403,62,Female,147358.18,31,2023-02-03,Grocery
4404,54,Male,27320.49,8,2021-07-25,Electronics
4405,58,Other,46420.93,45,2022-02-15,Furniture
4406,68,Male,24889.11,2,2020-07-27,Electronics
4407,65,Male,102133.74,69,2021-08-12,Furniture
4408,23,Other,98808.32,68,2020-09-02,Grocery
4409,55,Female,149143.6,42,2023-06-10,Sports
4410,18,Female,100193.06,98,2023-05-23,Grocery
4411,50,Female,86574.35,90,2021-10-31,Sports
4412,55,Male,134928.25,62,2023-09-03,Clothing
4413,34,Female,139385.58,89,2021-05-02,Grocery
4414,64,Other,121433.41,94,2023-06-02,Furniture
4415,46,Female,118919.14,85,2020-12-26,Furniture
4416,41,Female,53466.49,13,2022-07-31,Clothing
4417,65,Male,118600.94,100,2023-08-28,Electronics
4418,25,Other,139336.6,78,2022-01-21,Clothing
4419,22,Female,111902.74,26,2023-11-03,Grocery
4420,57,Other,58510.14,76,2020-06-19,Sports
4421,58,Other,97804.93,17,2020-10-01,Electronics
4422,61,Other,41975.75,100,2021-11-19,Furniture
4423,22,Other,50422.78,44,2023-05-08,Sports
4424,18,Female,65732.95,4,2022-06-17,Furniture
4425,40,Other,122651.0,30,2022-02-02,Grocery
4426,34,Other,58774.32,15,2023-05-02,Electronics
4427,52,Female,78706.4,28,2022-03-27,Clothing
4428,42,Male,29218.14,82,2020-03-09,Clothing
4429,50,Male,71703.62,78,2021-08-02,Sports
4430,51,Female,136909.74,31,2020-03-27,Electronics
4431,54,Female,26632.6,31,2020-02-29,Grocery
4432,58,Female,69921.88,87,2021-02-11,Grocery
4433,64,Other,31599.39,29,2021-07-08,Furniture
4434,36,Male,92312.4,33,2020-03-07,Furniture
4435,63,Female,49957.06,72,2021-10-09,Grocery
4436,66,Male,44205.12,17,2021-12-08,Grocery
4437,62,Other,110289.65,55,2020-12-22,Sports
4438,64,Other,126836.7,3,2023-09-15,Electronics
4439,62,Female,28159.43,94,2020-01-27,Sports
4440,67,Female,102589.76,17,2022-02-09,Sports
4441,49,Female,87037.51,55,2022-02-03,Furniture
4442,46,Other,117043.73,77,2023-12-06,Grocery
4443,24,Female,94664.91,99,2021-01-22,Grocery
4444,60,Other,69244.87,59,2023-09-23,Clothing
4445,55,Other,31522.81,56,2023-01-26,Furniture
4446,59,Male,74949.72,64,2023-11-18,Sports
4447,18,Female,107258.44,39,2022-06-26,Electronics
4448,46,Male,110334.95,79,2022-10-03,Electronics
4449,40,Female,36996.94,84,2021-03-18,Grocery
4450,37,Other,61813.55,34,2023-09-15,Grocery
4451,34,Other,75976.36,16,2022-04-17,Furniture
4452,18,Other,76311.51,39,2023-11-10,Clothing
4453,48,Other,147305.39,13,2020-12-25,Sports
4454,35,Male,55037.84,71,2021-07-18,Sports
4455,66,Female,79811.19,92,2020-05-30,Furniture
4456,63,Male,46065.69,7,2020-07-03,Furniture
4457,59,Other,38192.71,27,2022-05-12,Furniture
4458,59,Female,148043.53,85,2020-11-30,Grocery
4459,31,Other,147971.8,7,2022-11-16,Furniture
4460,46,Other,142902.29,99,2023-11-27,Furniture
4461,38,Other,43049.53,99,2020-08-07,Clothing
4462,64,Female,126815.05,98,2023-04-07,Clothing
4463,67,Male,127460.35,7,2023-07-10,Grocery
4464,32,Male,36597.81,42,2020-04-29,Furniture
4465,56,Female,139767.02,65,2020-12-02,Clothing
4466,40,Male,36357.53,25,2022-10-17,Electronics
4467,30,Male,146393.57,58,2022-04-16,Furniture
4468,55,Female,147720.38,10,2021-11-21,Grocery
4469,69,Male,70447.6,70,2023-08-19,Clothing
4470,53,Other,149822.57,97,2021-05-03,Sports
4471,30,Male,44869.24,26,2022-07-24,Furniture
4472,39,Female,123450.85,31,2023-05-28,Sports
4473,19,Male,88172.83,24,2021-04-03,Furniture
4474,19,Female,85757.69,48,2020-04-26,Clothing
4475,20,Other,111031.06,88,2020-10-10,Grocery
4476,41,Male,60846.64,83,2022-07-03,Clothing
4477,59,Male,63803.63,55,2022-08-26,Grocery
4478,42,Other,39491.84,54,2023-10-13,Clothing
4479,53,Other,54125.04,42,2021-07-15,Electronics
4480,67,Other,113896.49,80,2024-01-01,Electronics
4481,62,Male,100740.18,81,2021-08-31,Furniture
4482,21,Female,25284.23,76,2021-04-15,Electronics
4483,43,Other,103701.33,100,2023-07-05,Clothing
4484,60,Female,88300.06,36,2023-04-05,Furniture
4485,50,Other,111027.49,90,2020-08-19,Electronics
4486,35,Male,65138.85,76,2020-11-01,Grocery
4487,25,Other,20907.76,13,2023-11-19,Electronics
4488,49,Male,117894.69,20,2023-08-16,Furniture
4489,27,Other,105289.7,94,2020-10-16,Sports
4490,20,Male,58865.29,37,2022-07-25,Clothing
4491,62,Female,148401.77,94,2021-07-05,Grocery
4492,24,Male,52355.2,80,2021-03-22,Sports
4493,19,Female,135600.47,24,2020-11-20,Furniture
4494,31,Other,35322.66,11,2021-10-18,Electronics
4495,64,Other,32489.25,67,2021-08-06,Clothing
4496,24,Other,102680.87,72,2020-06-09,Clothing
4497,64,Other,96799.95,26,2020-01-20,Clothing
4498,19,Other,66083.98,41,2023-10-01,Grocery
4499,65,Other,50519.02,94,2020-09-26,Clothing
4500,47,Other,90471.9,8,2021-12-15,Furniture
4501,35,Male,27876.35,22,2023-09-05,Sports
4502,64,Male,127509.87,9,2022-09-07,Grocery
4503,45,Female,146789.81,87,2023-12-25,Furniture
4504,37,Other,77129.07,10,2021-03-02,Grocery
4505,18,Female,127425.65,41,2021-10-04,Furniture
4506,34,Other,130191.72,36,2023-05-09,Clothing
4507,59,Female,98460.13,23,2021-04-04,Grocery
4508,61,Other,139428.84,60,2021-01-03,Furniture
4509,65,Male,120452.28,78,2022-06-18,Grocery
4510,63,Other,144339.87,81,2023-01-02,Sports
4511,69,Female,29135.9,60,2023-04-04,Furniture
4512,44,Other,32880.04,46,2022-01-20,Grocery
4513,63,Other,80167.75,16,2021-07-16,Electronics
4514,64,Male,129791.55,48,2021-02-04,Sports
4515,49,Other,113074.28,51,2023-03-18,Grocery
4516,61,Other,23766.6,94,2021-01-19,Electronics
4517,40,Other,115939.82,72,2022-03-10,Sports
4518,53,Male,144147.08,57,2023-08-16,Grocery
4519,21,Male,142852.11,63,2023-06-19,Sports
4520,46,Female,63276.55,96,2021-11-08,Clothing
4521,51,Male,135484.65,9,2022-05-24,Clothing
4522,45,Male,118974.07,30,2022-04-29,Sports
4523,43,Other,119234.94,19,2023-03-20,Sports
4524,51,Female,148172.56,79,2023-02-02,Sports
4525,68,Other,112020.75,22,2023-12-01,Furniture
4526,69,Other,115871.4,31,2020-09-30,Furniture
4527,59,Male,120550.98,84,2020-05-11,Sports
4528,40,Female,55107.16,39,2023-02-12,Clothing
4529,61,Male,116233.07,67,2020-10-23,Furniture
4530,19,Male,102452.16,70,2022-08-20,Furniture
4531,39,Female,131396.61,2,2021-11-07,Sports
4532,44,Female,85738.85,11,2023-10-22,Grocery
4533,48,Female,64324.83,63,2021-09-12,Sports
4534,66,Other,110022.1,24,2021-02-19,Sports
4535,57,Female,140201.15,86,2022-12-28,Clothing
4536,26,Female,126564.48,70,2020-05-12,Electronics
4537,23,Female,125467.13,92,2022-10-08,Electronics
4538,38,Female,25374.27,74,2021-11-07,Clothing
4539,29,Other,143115.64,85,2022-09-29,Grocery
4540,65,Female,44766.79,39,2022-05-22,Electronics
4541,50,Female,142920.3,46,2022-05-07,Clothing
4542,28,Female,106274.51,58,2021-07-11,Furniture
4543,60,Other,80550.53,14,2021-01-10,Sports
4544,62,Male,29436.34,55,2021-04-12,Grocery
4545,42,Male,69610.84,15,2020-12-07,Grocery
4546,22,Other,56218.86,73,2022-12-10,Furniture
4547,45,Other,93756.78,53,2021-12-04,Clothing
4548,19,Other,74860.68,58,2023-10-11,Clothing
4549,56,Other,148117.26,11,2021-08-10,Sports
4550,36,Female,110612.04,89,2020-10-11,Clothing
4551,64,Female,62232.97,32,2023-10-03,Electronics
4552,20,Female,31844.0,82,2020-10-26,Grocery
4553,52,Other,26363.57,85,2021-07-04,Furniture
4554,31,Other,63742.81,28,2020-12-08,Sports
4555,21,Other,148826.85,78,2021-01-14,Sports
4556,69,Female,69551.28,18,2022-04-20,Sports
4557,47,Female,72704.02,5,2020-07-07,Sports
4558,29,Female,63745.6,50,2023-03-13,Grocery
4559,63,Male,136885.51,3,2023-07-18,Sports
4560,60,Other,116768.09,100,2023-10-30,Grocery
4561,44,Other,66902.39,35,2021-01-02,Electronics
4562,39,Male,118657.91,83,2022-12-04,Clothing
4563,27,Other,99932.18,99,2021-08-14,Electronics
4564,48,Other,135695.38,77,2022-11-23,Electronics
4565,67,Male,81006.27,3,2023-07-13,Clothing
4566,63,Female,100139.77,4,2022-12-07,Sports
4567,34,Other,117201.52,30,2021-06-24,Clothing
4568,64,Other,69476.51,27,2023-11-01,Clothing
4569,29,Other,30222.36,88,2021-07-05,Grocery
4570,49,Female,95196.23,98,2022-03-03,Electronics
4571,41,Male,119794.4,7,2020-07-02,Electronics
4572,34,Male,79429.23,4,2022-03-12,Clothing
4573,39,Female,108240.65,21,2022-09-06,Sports
4574,43,Male,120051.55,48,2022-12-13,Grocery
4575,26,Male,55015.62,74,2021-03-14,Grocery
4576,46,Female,58846.5,55,2020-07-06,Electronics
4577,36,Other,31515.33,67,2020-12-17,Sports
4578,35,Female,64974.72,79,2021-02-22,Furniture
4579,24,Male,64695.44,84,2020-11-17,Furniture
4580,23,Male,57499.82,21,2021-11-14,Electronics
4581,65,Other,91775.02,63,2020-02-07,Electronics
4582,28,Female,57386.06,18,2020-12-06,Sports
4583,62,Male,134675.25,46,2021-06-04,Electronics
4584,56,Male,98969.33,49,2021-08-09,Clothing
4585,40,Female,78845.11,60,2022-09-13,Grocery
4586,58,Other,109386.24,2,2023-06-28,Electronics
4587,56,Other,93486.63,50,2020-01-29,Furniture
4588,63,Female,149242.2,1,2020-02-25,Sports
4589,57,Female,49719.74,6,2020-03-28,Electronics
4590,56,Female,30482.79,5,2020-10-17,Furniture
4591,60,Male,115852.41,30,2023-06-29,Furniture
4592,20,Other,49657.78,61,2022-05-18,Furniture
4593,38,Male,30898.22,10,2023-04-20,Electronics
4594,26,Male,128144.73,19,2020-03-24,Electronics
4595,38,Other,37038.95,72,2023-09-28,Grocery
4596,19,Female,23756.11,35,2023-11-08,Grocery
4597,59,Male,68838.85,17,2021-02-07,Grocery
4598,38,Other,20158.14,20,2020-06-26,Clothing
4599,49,Female,23448.32,64,2023-12-17,Grocery
4600,48,Male,62898.67,48,2022-06-05,Electronics
4601,68,Other,102506.41,32,2023-09-18,Furniture
4602,50,Male,140872.15,91,2023-11-24,Electronics
4603,25,Other,97675.66,70,2022-03-07,Electronics
4604,38,Female,141224.01,71,2021-12-04,Furniture
4605,19,Male,123603.42,60,2020-06-30,Electronics
4606,33,Female,146631.31,22,2022-11-01,Sports
4607,65,Other,128539.28,38,2023-02-18,Grocery
4608,36,Other,77051.43,32,2023-02-08,Sports
4609,30,Other,138145.99,2,2021-09-09,Grocery
4610,32,Other,38323.05,52,2022-11-06,Electronics
4611,51,Other,33742.92,27,2021-02-01,Electronics
4612,36,Other,55299.43,6,2022-01-24,Sports
4613,31,Male,116011.4,63,2021-10-11,Clothing
4614,56,Male,142883.36,13,2022-02-24,Electronics
4615,38,Female,48410.79,77,2023-10-16,Sports
4616,59,Male,144106.66,5,2023-04-22,Clothing
4617,25,Other,34553.86,18,2021-08-31,Electronics
4618,69,Other,45712.17,94,2021-12-06,Clothing
4619,64,Other,114972.69,55,2022-11-19,Grocery
4620,69,Male,70718.91,85,2020-04-13,Grocery
4621,33,Other,145593.45,70,2021-06-22,Clothing
4622,34,Female,56631.27,41,2021-12-02,Clothing
4623,26,Female,21434.56,41,2023-05-09,Electronics
4624,54,Other,109936.73,53,2020-03-29,Grocery
4625,51,Male,149430.62,93,2021-05-31,Clothing
4626,41,Other,129371.52,67,2023-12-06,Electronics
4627,27,Male,71320.99,96,2020-07-14,Clothing
4628,31,Male,101013.98,13,2020-06-25,Furniture
4629,64,Female,117108.63,21,2022-12-15,Electronics
4630,45,Other,142995.41,13,2021-09-01,Furniture
4631,54,Other,59237.55,54,2023-06-21,Electronics
4632,21,Female,69684.03,29,2023-03-31,Clothing
4633,62,Other,28844.49,11,2021-02-03,Electronics
4634,53,Female,23328.44,38,2023-03-26,Clothing
4635,44,Female,107900.55,12,2020-07-22,Electronics
4636,19,Female,37825.02,82,2021-07-24,Furniture
4637,64,Male,85798.05,92,2022-07-05,Furniture
4638,52,Male,82845.73,31,2020-06-14,Sports
4639,44,Female,117182.5,4,2021-07-26,Electronics
4640,68,Male,106859.89,56,2023-03-26,Furniture
4641,67,Other,89378.11,37,2023-02-13,Electronics
4642,68,Other,128962.84,24,2020-03-31,Clothing
4643,29,Female,112673.14,72,2022-09-08,Furniture
4644,22,Other,126707.21,43,2022-12-24,Electronics
4645,27,Male,118623.47,80,2022-01-10,Furniture
4646,36,Male,97757.09,19,2020-04-06,Sports
4647,25,Other,122464.77,82,2020-08-06,Furniture
4648,60,Other,74947.43,63,2021-12-28,Clothing
4649,56,Female,90027.9,19,2021-11-18,Sports
4650,59,Female,84007.51,37,2023-02-28,Furniture
4651,66,Other,74182.91,62,2021-09-21,Sports
4652,55,Other,138284.74,49,2023-03-24,Sports
4653,68,Male,100510.95,99,2020-02-03,Clothing
4654,48,Female,57787.85,68,2021-01-31,Electronics
4655,44,Other,102754.01,10,2020-10-29,Grocery
4656,52,Male,75121.49,71,2023-06-08,Grocery
4657,54,Female,31933.56,67,2020-03-27,Grocery
4658,62,Female,102794.75,80,2021-04-07,Electronics
4659,19,Other,52506.81,30,2023-01-17,Furniture
4660,67,Female,66176.93,24,2021-01-09,Clothing
4661,46,Other,57998.53,22,2020-05-09,Grocery
4662,39,Other,104653.61,52,2020-07-24,Clothing
4663,55,Male,124835.61,4,2021-11-18,Clothing
4664,42,Male,28141.02,10,2023-11-05,Sports
4665,44,Other,35906.61,62,2020-11-16,Grocery
4666,25,Other,138219.05,13,2023-07-19,Grocery
4667,19,Male,112804.49,12,2022-02-21,Furniture
4668,35,Other,35619.7,73,2023-05-22,Grocery
4669,50,Female,148436.48,8,2020-06-08,Clothing
4670,66,Male,121445.8,41,2022-12-05,Furniture
4671,55,Other,41768.78,74,2022-06-01,Grocery
4672,68,Male,61087.79,85,2022-07-06,Electronics
4673,66,Male,124563.04,13,2022-07-28,Electronics
4674,57,Male,122409.82,15,2023-12-24,Clothing
4675,44,Female,149547.09,60,2023-02-19,Grocery
4676,33,Female,65092.88,77,2023-06-15,Sports
4677,59,Female,31440.01,15,2021-01-18,Clothing
4678,43,Male,130397.44,58,2020-02-16,Furniture
4679,30,Other,119942.73,78,2022-12-27,Clothing
4680,18,Male,54797.79,83,2021-06-08,Sports
4681,42,Other,125487.2,49,2020-03-21,Electronics
4682,60,Male,72340.8,49,2020-09-16,Grocery
4683,35,Other,96245.04,80,2023-03-13,Sports
4684,40,Other,79245.67,50,2020-11-18,Electronics
4685,29,Other,120313.87,52,2022-09-09,Furniture
4686,18,Male,121050.44,61,2022-10-12,Furniture
4687,21,Female,62363.55,26,2020-04-27,Clothing
4688,18,Other,80819.93,67,2021-12-08,Grocery
4689,57,Other,135723.97,77,2020-05-17,Sports
4690,41,Female,72791.28,32,2022-11-22,Clothing
4691,67,Male,79052.76,80,2020-03-19,Clothing
4692,27,Female,91404.75,67,2020-05-06,Sports
4693,66,Other,91741.55,8,2020-12-25,Electronics
4694,31,Other,149194.85,85,2020-12-12,Grocery
4695,42,Male,20202.02,93,2020-03-22,Electronics
4696,49,Female,59641.08,75,2020-07-09,Furniture
4697,37,Male,95835.81,9,2022-03-21,Furniture
4698,25,Male,114232.4,90,2020-03-01,Grocery
4699,64,Other,148758.94,19,2023-01-11,Clothing
4700,24,Female,40743.61,91,2021-03-10,Electronics
4701,45,Male,50905.81,58,2020-12-07,Electronics
4702,43,Other,39288.68,39,2022-03-07,Clothing
4703,40,Female,65128.02,24,2020-11-29,Grocery
4704,60,Other,41230.92,83,2020-03-23,Sports
4705,57,Female,42196.42,49,2022-03-26,Furniture
4706,44,Male,52147.96,29,2020-03-24,Grocery
4707,39,Male,138736.36,59,2023-05-15,Furniture
4708,18,Other,139186.34,95,2020-07-25,Grocery
4709,50,Other,123772.74,16,2022-08-31,Furniture
4710,62,Male,80605.48,5,2023-10-03,Clothing
4711,55,Other,69633.48,30,2022-02-23,Sports
4712,44,Other,124160.08,89,2023-12-27,Furniture
4713,32,Female,65318.89,90,2022-10-25,Sports
4714,34,Male,105849.21,3,2023-10-15,Clothing
4715,68,Female,125489.11,61,2020-03-31,Electronics
4716,37,Other,109510.39,56,2020-06-02,Clothing
4717,65,Female,34916.9,24,2023-07-15,Electronics
4718,47,Other,110750.6,88,2022-09-24,Furniture
4719,43,Female,21257.57,4,2023-02-19,Furniture
4720,58,Female,98301.99,40,2020-10-03,Clothing
4721,36,Other,145393.37,92,2020-06-25,Furniture
4722,37,Female,41676.78,8,2023-03-03,Furniture
4723,65,Female,33654.19,5,2020-03-10,Furniture
4724,47,Male,81801.62,25,2020-12-04,Clothing
4725,44,Other,105808.17,96,2022-06-27,Grocery
4726,55,Female,93829.37,8,2021-12-07,Furniture
4727,43,Male,105123.88,25,2023-02-16,Sports
4728,20,Female,133503.78,91,2021-03-02,Furniture
4729,42,Female,73887.11,26,2022-10-07,Grocery
4730,67,Other,41968.99,13,2020-04-06,Clothing
4731,59,Female,41683.04,40,2020-03-03,Electronics
4732,18,Other,127515.31,94,2020-06-04,Electronics
4733,52,Male,88056.41,83,2022-12-02,Sports
4734,28,Male,114021.16,9,2022-01-31,Grocery
4735,44,Male,136688.24,82,2022-09-03,Grocery
4736,53,Other,134373.6,93,2023-08-22,Sports
4737,25,Other,55502.09,11,2020-08-30,Clothing
4738,48,Male,20182.65,82,2023-03-02,Furniture
4739,52,Female,31220.46,85,2020-06-08,Sports
4740,56,Male,44670.78,46,2020-03-02,Grocery
4741,68,Male,86370.82,43,2022-09-11,Sports
4742,33,Male,83784.91,19,2020-05-07,Clothing
4743,64,Other,134606.53,50,2021-08-11,Furniture
4744,41,Male,110087.33,83,2022-04-09,Furniture
4745,67,Female,139418.4,75,2023-07-17,Sports
4746,63,Male,52768.96,99,2023-08-25,Grocery
4747,29,Other,51665.97,66,2021-01-25,Grocery
4748,38,Other,147247.62,1,2020-11-15,Electronics
4749,26,Male,60422.16,51,2022-08-31,Clothing
4750,29,Other,35788.86,14,2022-10-06,Furniture
4751,29,Other,32533.21,61,2022-01-13,Grocery
4752,19,Other,118862.88,82,2021-08-19,Grocery
4753,31,Female,90519.16,70,2021-03-19,Sports
4754,27,Male,62320.86,34,2021-03-08,Clothing
4755,58,Male,111109.42,54,2020-05-22,Furniture
4756,46,Other,99528.64,52,2022-07-01,Sports
4757,37,Female,136564.95,52,2022-08-11,Sports
4758,64,Male,130938.26,14,2020-12-06,Electronics
4759,21,Male,81138.07,76,2022-10-19,Grocery
4760,18,Other,146797.2,7,2020-11-29,Electronics
4761,60,Male,38473.6,45,2023-06-18,Furniture
4762,22,Female,90704.95,70,2022-07-04,Furniture
4763,46,Male,61587.04,68,2021-08-05,Sports
4764,30,Male,63296.62,68,2023-06-30,Grocery
4765,57,Female,128587.0,45,2022-10-14,Electronics
4766,55,Other,41536.82,71,2023-05-25,Clothing
4767,59,Female,75819.52,41,2023-06-08,Furniture
4768,45,Male,142231.31,73,2022-01-03,Furniture
4769,45,Female,126056.35,56,2021-11-12,Grocery
4770,52,Other,114667.7,11,2022-12-08,Sports
4771,66,Male,142330.45,75,2021-01-20,Sports
4772,62,Female,100355.34,86,2020-08-17,Furniture
4773,31,Female,149333.72,30,2023-09-29,Furniture
4774,52,Female,63416.62,99,2023-06-29,Grocery
4775,63,Female,72032.72,76,2023-12-04,Electronics
4776,57,Other,116003.77,53,2021-03-30,Sports
4777,51,Other,125083.79,3,2022-08-28,Clothing
4778,54,Male,105090.65,16,2020-04-11,Clothing
4779,54,Female,76230.15,28,2020-07-16,Clothing
4780,24,Other,126236.1,79,2021-03-13,Sports
4781,21,Female,58649.01,81,2022-06-15,Electronics
4782,22,Male,123526.62,20,2023-11-20,Electronics
4783,18,Other,123422.29,8,2022-07-13,Sports
4784,51,Female,145918.6,15,2022-11-09,Grocery
4785,48,Female,82730.3,12,2021-11-27,Clothing
4786,69,Male,26144.14,23,2020-07-03,Furniture
4787,54,Female,64679.51,28,2020-07-13,Clothing
4788,41,Female,37462.7,47,2020-10-23,Furniture
4789,23,Female,144022.41,68,2023-08-11,Furniture
4790,28,Female,67156.65,78,2022-08-06,Clothing
4791,69,Female,75305.53,17,2023-01-13,Grocery
4792,61,Other,36341.99,73,2021-11-12,Grocery
4793,69,Other,24610.68,25,2020-04-18,Grocery
4794,26,Female,79848.24,4,2022-06-21,Electronics
4795,39,Other,76877.7,37,2021-02-27,Grocery
4796,19,Male,51442.67,44,2021-07-16,Clothing
4797,27,Other,30294.66,61,2020-04-05,Electronics
4798,65,Other,130721.86,4,2022-06-25,Electronics
4799,56,Other,91665.7,83,2020-02-07,Grocery
4800,57,Male,65048.35,10,2023-09-01,Clothing
4801,30,Female,22423.33,34,2021-12-30,Grocery
4802,19,Female,126146.25,34,2022-06-25,Clothing
4803,22,Other,21270.05,74,2020-09-25,Clothing
4804,28,Male,116214.72,85,2020-09-07,Electronics
4805,54,Male,103041.86,45,2022-08-11,Electronics
4806,44,Female,116977.1,69,2022-09-18,Electronics
4807,68,Male,129702.95,61,2021-01-25,Sports
4808,54,Male,31125.71,10,2020-12-28,Electronics
4809,59,Male,93283.99,37,2020-02-20,Electronics
4810,31,Other,42736.64,26,2020-05-13,Sports
4811,33,Other,77363.73,40,2023-06-02,Grocery
4812,67,Other,84858.84,99,2020-11-11,Grocery
4813,36,Female,30945.0,71,2021-04-03,Electronics
4814,26,Other,57497.29,21,2020-01-11,Furniture
4815,65,Male,116176.43,14,2023-08-08,Furniture
4816,62,Female,90206.13,19,2023-02-22,Furniture
4817,59,Other,82843.91,15,2022-05-14,Clothing
4818,48,Female,136495.58,17,2020-05-19,Sports
4819,51,Other,33303.12,56,2021-07-23,Sports
4820,49,Male,20261.73,74,2023-01-29,Clothing
4821,51,Other,35588.21,33,2021-12-31,Grocery
4822,60,Male,102019.2,52,2020-09-19,Grocery
4823,65,Male,41187.07,29,2021-12-23,Clothing
4824,29,Female,94225.93,44,2023-10-07,Sports
4825,22,Other,54347.81,45,2023-07-25,Electronics
4826,31,Male,97919.58,94,2023-08-18,Grocery
4827,63,Male,25646.28,47,2020-02-20,Sports
4828,59,Other,44688.76,24,2023-07-22,Electronics
4829,29,Female,137105.73,96,2022-08-07,Grocery
4830,23,Female,121743.22,90,2022-08-28,Clothing
4831,42,Female,72968.29,33,2022-09-20,Grocery
4832,21,Male,40720.63,35,2021-07-28,Grocery
4833,60,Female,91897.72,12,2021-06-13,Clothing
4834,21,Male,105656.67,7,2023-12-22,Electronics
4835,48,Other,36203.58,56,2022-09-04,Sports
4836,67,Male,133073.19,57,2021-05-31,Sports
4837,19,Other,115548.14,56,2023-06-17,Furniture
4838,45,Female,137629.74,28,2023-05-27,Clothing
4839,51,Male,106335.59,77,2020-10-13,Clothing
4840,48,Female,132654.28,55,2023-04-18,Sports
4841,43,Female,57593.62,64,2023-09-04,Clothing
4842,34,Female,46699.26,53,2022-01-17,Clothing
4843,57,Female,79875.46,23,2020-08-14,Clothing
4844,61,Other,29147.39,59,2020-08-14,Clothing
4845,68,Other,126123.22,66,2021-12-05,Sports
4846,60,Other,94662.92,1,2021-02-26,Grocery
4847,52,Male,105144.77,26,2021-01-08,Furniture
4848,48,Other,116426.26,3,2020-11-15,Grocery
4849,52,Male,37992.04,94,2021-05-20,Sports
4850,50,Male,87266.38,70,2022-12-21,Clothing
4851,30,Male,33385.79,63,2021-04-13,Clothing
4852,33,Other,115744.07,69,2020-01-13,Furniture
4853,22,Male,91226.01,78,2023-03-19,Clothing
4854,23,Female,78376.45,65,2020-04-27,Furniture
4855,49,Male,25451.87,86,2021-03-06,Sports
4856,52,Male,40658.04,63,2022-03-03,Furniture
4857,50,Other,57322.14,65,2020-09-24,Clothing
4858,45,Other,138617.6,12,2023-06-27,Grocery
4859,24,Female,40010.27,34,2020-05-29,Grocery
4860,50,Male,38349.16,7,2022-10-07,Grocery
4861,32,Male,57521.28,99,2023-04-04,Clothing
4862,51,Other,94337.89,42,2022-02-21,Sports
4863,37,Other,20906.28,95,2023-05-14,Sports
4864,55,Female,142507.25,54,2021-10-06,Clothing
4865,54,Male,71757.05,93,2023-03-16,Grocery
4866,19,Male,124950.85,77,2022-01-08,Grocery
4867,69,Other,50095.89,31,2021-08-30,Electronics
4868,67,Male,73216.2,81,2021-02-20,Sports
4869,35,Other,49159.34,13,2021-05-08,Sports
4870,45,Other,137792.59,14,2023-04-29,Sports
4871,33,Female,116055.89,37,2023-02-19,Furniture
4872,42,Other,46247.56,14,2023-04-14,Grocery
4873,28,Male,60540.3,5,2023-12-26,Furniture
4874,51,Female,137048.4,46,2023-05-02,Electronics
4875,32,Female,130077.61,89,2020-05-14,Furniture
4876,29,Other,94073.32,31,2023-02-14,Sports
4877,63,Male,85856.75,50,2021-02-15,Electronics
4878,20,Other,27861.08,90,2021-04-05,Grocery
4879,52,Female,21909.53,4,2020-12-11,Furniture
4880,46,Other,37415.36,42,2022-10-08,Electronics
4881,43,Male,66385.96,46,2020-05-08,Electronics
4882,28,Male,38718.58,39,2020-02-21,Sports
4883,46,Female,40808.07,14,2021-04-01,Furniture
4884,30,Female,22256.36,27,2021-01-20,Sports
4885,39,Male,94462.03,60,2023-09-27,Sports
4886,56,Other,75074.97,82,2021-08-29,Grocery
4887,35,Other,76523.09,47,2023-02-07,Clothing
4888,38,Female,90547.14,13,2020-10-16,Sports
4889,38,Male,51322.27,90,2021-11-12,Grocery
4890,35,Other,108630.76,58,2022-04-11,Clothing
4891,41,Other,94410.86,22,2023-07-13,Sports
4892,46,Other,127670.06,67,2021-12-14,Sports
4893,45,Other,94652.59,44,2022-06-12,Clothing
4894,28,Female,121110.29,64,2020-05-14,Electronics
4895,50,Female,130395.21,95,2022-08-18,Clothing
4896,58,Other,140321.45,14,2022-03-09,Sports
4897,57,Male,104139.76,55,2020-05-16,Furniture
4898,44,Other,23203.96,79,2021-11-07,Furniture
4899,19,Male,109848.92,21,2022-05-30,Grocery
4900,52,Other,98914.36,84,2023-02-07,Sports
4901,57,Male,129760.04,49,2022-03-20,Sports
4902,30,Male,55384.59,80,2022-11-15,Clothing
4903,65,Female,89788.76,82,2023-07-31,Electronics
4904,42,Other,38723.33,79,2022-08-13,Furniture
4905,23,Male,99396.93,63,2022-03-25,Furniture
4906,52,Other,20370.14,87,2023-02-08,Electronics
4907,21,Male,89640.9,96,2021-02-05,Sports
4908,25,Male,94321.99,33,2020-03-21,Electronics
4909,69,Female,60924.29,57,2020-05-17,Clothing
4910,52,Female,128150.6,12,2022-01-16,Clothing
4911,46,Female,94197.42,93,2021-04-14,Sports
4912,43,Female,43139.06,12,2023-11-04,Clothing
4913,44,Male,23542.07,100,2021-02-04,Grocery
4914,57,Other,148366.96,14,2023-07-18,Electronics
4915,19,Female,124276.73,19,2021-07-05,Furniture
4916,44,Male,112503.38,24,2023-11-21,Electronics
4917,55,Male,45757.92,30,2020-05-19,Furniture
4918,55,Other,108015.34,86,2021-09-16,Clothing
4919,48,Male,127512.32,83,2020-10-06,Sports
4920,30,Male,64530.52,58,2023-05-24,Clothing
4921,48,Female,122669.2,48,2022-11-25,Sports
4922,59,Other,147594.85,27,2021-09-09,Furniture
4923,67,Male,132941.26,27,2023-02-20,Clothing
4924,32,Female,83363.24,22,2022-02-12,Sports
4925,38,Female,140219.66,93,2022-06-10,Clothing
4926,52,Male,40678.46,33,2023-05-17,Clothing
4927,34,Other,82758.81,4,2021-06-08,Electronics
4928,35,Male,102426.22,37,2021-03-22,Grocery
4929,51,Female,103496.21,74,2022-06-01,Grocery
4930,48,Other,46905.33,94,2022-01-26,Clothing
4931,42,Male,22904.65,74,2020-06-20,Sports
4932,36,Other,48364.44,54,2023-10-30,Electronics
4933,19,Male,103898.73,82,2020-08-07,Grocery
4934,32,Female,145632.84,80,2021-08-27,Grocery
4935,29,Female,84481.08,71,2022-03-15,Electronics
4936,19,Female,96777.77,9,2020-12-26,Sports
4937,66,Other,146146.26,48,2023-07-04,Electronics
4938,68,Female,114182.98,73,2023-01-17,Grocery
4939,59,Male,55802.08,5,2022-02-04,Grocery
4940,57,Male,43504.32,96,2020-12-28,Electronics
4941,45,Female,51374.25,58,2023-11-03,Sports
4942,27,Other,99832.41,61,2021-11-01,Grocery
4943,19,Female,48289.04,83,2023-09-01,Clothing
4944,27,Male,22275.79,23,2020-08-16,Furniture
4945,52,Female,144514.64,99,2022-01-20,Furniture
4946,47,Female,60294.55,2,2021-10-16,Grocery
4947,62,Male,146570.68,57,2023-11-18,Clothing
4948,18,Female,37698.76,97,2021-02-11,Sports
4949,52,Other,52190.65,76,2021-03-23,Clothing
4950,26,Other,123414.37,99,2022-02-11,Furniture
4951,51,Male,112576.74,23,2023-07-11,Clothing
4952,40,Other,69130.53,99,2022-07-21,Clothing
4953,61,Other,125065.09,4,2021-12-01,Electronics
4954,28,Female,111395.33,13,2020-12-25,Electronics
4955,62,Other,139678.01,99,2021-11-26,Sports
4956,67,Male,140439.1,88,2022-08-06,Electronics
4957,27,Other,79827.8,48,2023-09-07,Grocery
4958,20,Female,22723.26,87,2020-08-14,Sports
4959,48,Female,21240.08,65,2020-01-09,Sports
4960,44,Female,55687.45,77,2021-08-11,Clothing
4961,56,Male,119723.05,77,2022-05-29,Grocery
4962,48,Female,115526.77,56,2023-02-12,Grocery
4963,30,Other,24432.9,86,2021-02-23,Sports
4964,43,Male,136585.71,43,2023-10-13,Clothing
4965,37,Female,89166.23,97,2021-11-06,Sports
4966,31,Other,107892.88,81,2022-08-09,Clothing
4967,36,Female,21918.55,36,2022-08-23,Sports
4968,28,Male,93161.21,37,2021-10-20,Grocery
4969,25,Other,146286.73,82,2020-06-03,Clothing
4970,55,Other,81243.03,24,2022-06-05,Furniture
4971,54,Other,133665.85,5,2020-12-21,Grocery
4972,31,Male,92743.56,61,2022-09-09,Furniture
4973,33,Other,92689.82,19,2021-07-26,Sports
4974,28,Female,104109.65,67,2021-11-16,Electronics
4975,32,Male,146198.64,40,2021-09-21,Grocery
4976,21,Male,20638.32,31,2022-03-28,Sports
4977,69,Male,48505.91,57,2021-10-31,Clothing
4978,36,Other,67897.42,12,2021-08-03,Electronics
4979,28,Male,100443.56,13,2021-11-12,Electronics
4980,18,Female,38731.06,40,2023-06-10,Electronics
4981,30,Other,86387.96,20,2023-05-21,Grocery
4982,32,Female,135283.02,46,2020-07-05,Furniture
4983,46,Female,148134.2,29,2020-12-22,Grocery
4984,63,Other,76714.61,18,2022-11-17,Grocery
4985,51,Male,71849.26,64,2022-10-23,Grocery
4986,52,Other,104986.87,41,2022-12-19,Grocery
4987,48,Female,44080.38,74,2020-12-30,Sports
4988,51,Other,87976.4,84,2020-06-14,Clothing
4989,55,Female,91277.8,51,2023-03-16,Grocery
4990,64,Female,77551.12,50,2021-04-09,Sports
4991,27,Female,113239.99,98,2020-01-28,Clothing
4992,54,Female,51259.32,12,2022-09-26,Furniture
4993,32,Male,51600.01,92,2020-07-28,Furniture
4994,19,Female,133428.7,23,2023-05-21,Furniture
4995,52,Female,70080.24,1,2020-09-07,Furniture
4996,68,Male,93907.8,24,2021-06-19,Sports
4997,52,Female,148993.37,94,2022-06-12,Clothing
4998,37,Other,38390.35,47,2022-12-18,Furniture
4999,62,Male,57698.01,31,2020-01-12,Grocery
5000,51,Male,124316.37,61,2021-10-16,Electronics
5001,30,Male,22332.9,89,2020-08-11,Electronics
5002,65,Male,147433.31,83,2021-08-11,Electronics
5003,30,Female,81621.58,73,2023-08-11,Electronics
5004,28,Male,63240.67,97,2022-01-12,Furniture
5005,20,Other,144670.95,18,2022-04-05,Furniture
5006,49,Female,66427.98,61,2020-05-19,Sports
5007,27,Female,123323.8,1,2022-09-14,Clothing
5008,50,Other,138920.41,97,2023-07-11,Sports
5009,69,Female,103057.55,70,2022-11-11,Furniture
5010,46,Other,58748.76,4,2022-05-03,Grocery
5011,25,Other,52534.84,91,2022-05-22,Grocery
5012,60,Male,35970.58,29,2020-02-13,Grocery
5013,24,Other,141940.04,3,2023-10-19,Grocery
5014,52,Male,146902.74,57,2022-04-22,Electronics
5015,66,Female,108046.77,7,2020-08-26,Sports
5016,57,Female,128839.62,80,2021-05-11,Clothing
5017,69,Other,66665.98,54,2021-07-08,Grocery
5018,66,Female,75608.89,40,2022-04-27,Sports
5019,38,Other,143293.53,56,2021-02-18,Clothing
5020,39,Other,118330.92,94,2023-10-05,Furniture
5021,47,Male,113859.16,47,2021-01-19,Clothing
5022,55,Other,47078.69,19,2021-10-10,Sports
5023,54,Other,30617.51,82,2021-11-13,Sports
5024,30,Female,82325.76,63,2023-09-22,Clothing
5025,38,Male,139390.22,41,2020-03-16,Grocery
5026,19,Other,134151.22,26,2022-02-11,Sports
5027,20,Other,115065.65,95,2020-11-30,Sports
5028,67,Female,126120.14,72,2020-02-02,Grocery
5029,24,Other,110590.86,47,2021-07-22,Grocery
5030,48,Female,98284.48,95,2021-07-15,Electronics
5031,61,Other,45350.25,80,2020-03-15,Grocery
5032,45,Female,126118.98,77,2021-01-27,Clothing
5033,23,Other,109883.1,95,2022-06-10,Sports
5034,66,Other,34930.99,67,2021-10-20,Electronics
5035,68,Other,55858.34,49,2022-01-10,Sports
5036,33,Other,126409.5,3,2023-07-14,Sports
5037,52,Male,84956.25,72,2021-02-04,Electronics
5038,55,Other,122799.4,3,2023-02-11,Grocery
5039,51,Male,85783.4,73,2022-12-30,Furniture
5040,31,Male,94410.92,81,2021-04-03,Electronics
5041,40,Female,58297.9,32,2023-09-30,Sports
5042,57,Female,136301.97,74,2023-06-06,Clothing
5043,31,Male,37367.92,98,2022-12-08,Clothing
5044,21,Female,94113.83,51,2022-02-20,Grocery
5045,43,Female,134294.66,75,2021-02-06,Grocery
5046,28,Male,39776.64,49,2022-07-25,Clothing
5047,37,Female,46119.55,98,2022-04-26,Grocery
5048,67,Male,84974.87,78,2023-12-29,Sports
5049,21,Male,109354.83,10,2023-02-13,Sports
5050,57,Other,37552.1,59,2022-11-20,Furniture
5051,18,Female,44764.05,16,2023-05-07,Sports
5052,43,Other,57587.36,2,2021-10-25,Clothing
5053,31,Other,68379.71,38,2020-06-14,Clothing
5054,58,Female,78036.54,26,2023-12-01,Electronics
5055,41,Other,124918.22,46,2020-09-16,Grocery
5056,44,Female,80105.62,36,2023-02-13,Grocery
5057,44,Male,119363.88,32,2022-12-31,Grocery
5058,43,Female,50123.69,21,2023-12-08,Furniture
5059,34,Male,62353.17,63,2020-05-14,Clothing
5060,58,Male,50861.87,19,2023-11-14,Electronics
5061,30,Other,116940.45,89,2020-12-26,Electronics
5062,19,Other,109870.91,68,2021-09-19,Grocery
5063,28,Other,140149.76,89,2023-08-27,Clothing
5064,45,Other,123102.9,13,2021-10-08,Clothing
5065,32,Female,50854.22,20,2023-04-19,Sports
5066,59,Male,132108.17,94,2023-11-25,Clothing
5067,54,Male,130074.88,31,2022-03-02,Furniture
5068,48,Other,64101.81,50,2021-11-08,Clothing
5069,53,Other,49751.47,32,2020-08-04,Clothing
5070,29,Other,114534.53,58,2023-07-31,Clothing
5071,60,Other,37368.44,46,2023-03-08,Furniture
5072,44,Other,64072.4,81,2022-08-05,Sports
5073,44,Female,22242.8,95,2021-04-11,Clothing
5074,69,Female,79772.44,42,2023-08-27,Electronics
5075,58,Male,66527.24,45,2020-01-18,Furniture
5076,43,Other,67115.16,3,2022-06-14,Clothing
5077,53,Male,56822.25,79,2022-09-10,Grocery
5078,27,Male,74238.25,11,2020-10-05,Electronics
5079,37,Female,121670.71,72,2020-06-05,Sports
5080,38,Female,90838.82,15,2020-10-16,Electronics
5081,36,Other,99521.14,55,2021-10-04,Clothing
5082,33,Other,122292.33,48,2022-09-16,Sports
5083,35,Other,141278.36,41,2023-03-01,Sports
5084,27,Other,114416.79,22,2023-02-25,Furniture
5085,67,Other,104754.05,17,2021-01-25,Furniture
5086,26,Other,63740.14,73,2022-10-06,Sports
5087,68,Male,93856.0,10,2022-08-04,Clothing
5088,54,Female,123509.39,20,2020-11-22,Clothing
5089,32,Male,55090.21,99,2023-08-08,Furniture
5090,65,Male,106856.46,78,2022-07-02,Electronics
5091,42,Female,122050.71,85,2023-12-13,Electronics
5092,69,Other,119438.4,54,2022-07-04,Clothing
5093,27,Female,128109.19,53,2021-07-15,Furniture
5094,44,Other,64748.51,20,2021-04-20,Furniture
5095,42,Male,34122.85,50,2020-05-26,Clothing
5096,32,Other,91930.48,55,2021-04-18,Electronics
5097,65,Female,20099.13,92,2022-10-26,Electronics
5098,53,Other,102033.78,68,2020-12-26,Sports
5099,31,Male,118240.6,89,2020-03-19,Electronics
5100,56,Other,76589.56,97,2021-09-15,Clothing
5101,54,Female,104299.04,12,2023-02-10,Sports
5102,67,Female,109272.14,60,2023-01-03,Electronics
5103,44,Male,61082.72,65,2021-02-25,Electronics
5104,26,Male,72514.84,25,2022-11-23,Furniture
5105,43,Male,139649.16,35,2022-11-07,Clothing
5106,27,Other,93433.25,92,2021-11-10,Electronics
5107,45,Other,89983.33,98,2020-04-28,Sports
5108,37,Male,137467.08,58,2022-05-08,Sports
5109,63,Other,64614.22,96,2021-06-06,Furniture
5110,29,Other,49059.73,59,2020-11-14,Grocery
5111,57,Male,118937.98,40,2023-06-03,Grocery
5112,57,Other,88983.13,71,2020-02-04,Clothing
5113,28,Other,131182.88,100,2022-07-11,Grocery
5114,23,Male,26001.56,93,2020-06-05,Electronics
5115,25,Female,88822.86,88,2021-04-21,Sports
5116,63,Male,116094.82,17,2022-01-24,Electronics
5117,59,Other,67748.99,40,2023-11-25,Furniture
5118,59,Female,118092.91,6,2021-02-23,Grocery
5119,23,Female,31296.04,39,2023-12-27,Furniture
5120,62,Male,106884.48,69,2022-05-27,Furniture
5121,57,Other,104966.75,69,2020-05-08,Clothing
5122,41,Female,22803.87,88,2020-11-09,Sports
5123,20,Male,50642.03,77,2020-11-04,Sports
5124,41,Other,66538.97,15,2020-10-07,Clothing
5125,38,Other,126853.5,98,2021-08-16,Clothing
5126,56,Male,121277.49,2,2021-07-04,Clothing
5127,37,Other,77764.11,33,2021-10-18,Electronics
5128,44,Male,127820.78,73,2020-05-20,Clothing
5129,25,Male,125353.75,77,2021-06-26,Grocery
5130,50,Male,110577.64,81,2021-12-10,Grocery
5131,61,Male,29913.63,2,2022-03-26,Furniture
5132,41,Other,53984.57,93,2020-03-21,Grocery
5133,64,Female,46620.32,35,2022-07-13,Sports
5134,66,Other,50913.65,85,2022-01-18,Grocery
5135,28,Other,92068.62,7,2023-04-30,Furniture
5136,41,Male,116783.86,52,2021-05-07,Furniture
5137,28,Male,38147.02,6,2021-12-18,Electronics
5138,46,Male,36271.71,4,2023-11-03,Electronics
5139,37,Female,137369.96,82,2023-12-16,Grocery
5140,21,Female,103367.08,90,2021-07-05,Sports
5141,22,Male,147686.47,48,2022-05-20,Sports
5142,45,Other,38956.91,94,2021-03-12,Clothing
5143,34,Female,42828.27,44,2020-12-07,Electronics
5144,41,Other,110280.72,27,2020-08-25,Grocery
5145,32,Female,88326.31,60,2023-02-26,Clothing
5146,59,Other,135058.37,3,2020-08-12,Clothing
5147,56,Other,46290.61,43,2021-11-25,Sports
5148,28,Other,22947.66,14,2023-12-02,Grocery
5149,47,Other,143145.78,64,2021-04-25,Clothing
5150,57,Female,48692.29,90,2020-04-19,Electronics
5151,50,Female,109257.89,15,2021-04-17,Sports
5152,41,Female,51823.95,3,2023-03-11,Furniture
5153,69,Female,122643.69,79,2020-03-21,Electronics
5154,50,Other,47884.7,41,2021-08-04,Grocery
5155,64,Male,51108.22,63,2022-04-05,Electronics
5156,65,Other,143671.77,78,2020-03-15,Sports
5157,64,Male,91316.24,48,2023-08-25,Electronics
5158,59,Female,65062.65,48,2020-10-29,Grocery
5159,26,Other,114850.75,94,2022-09-20,Grocery
5160,27,Male,122199.3,41,2022-09-19,Electronics
5161,52,Other,88122.06,65,2020-09-18,Clothing
5162,60,Male,107818.08,88,2021-11-05,Furniture
5163,48,Other,22736.21,7,2022-07-02,Grocery
5164,41,Other,24296.89,24,2020-10-19,Furniture
5165,53,Other,140624.1,11,2022-06-26,Grocery
5166,37,Other,91879.6,34,2023-06-27,Sports
5167,38,Male,43948.73,70,2023-12-01,Clothing
5168,33,Other,129864.4,15,2021-08-07,Sports
5169,43,Female,145695.36,56,2022-11-10,Furniture
5170,44,Female,122590.64,93,2022-08-25,Clothing
5171,59,Other,134412.15,45,2022-10-08,Furniture
5172,62,Male,71569.05,39,2021-09-02,Sports
5173,28,Female,102450.58,62,2020-04-01,Grocery
5174,43,Female,72715.26,54,2021-07-28,Electronics
5175,32,Other,99558.66,73,2020-06-02,Electronics
5176,56,Female,130843.23,30,2023-07-01,Clothing
5177,21,Female,103127.8,82,2021-04-17,Electronics
5178,67,Other,24763.43,92,2020-11-05,Furniture
5179,43,Male,55240.29,31,2021-07-19,Grocery
5180,65,Male,44099.9,51,2022-10-20,Electronics
5181,37,Female,66476.38,31,2021-08-06,Grocery
5182,50,Other,122931.45,34,2022-09-01,Grocery
5183,19,Other,72398.56,6,2022-12-21,Furniture
5184,26,Female,112845.0,85,2020-04-21,Electronics
5185,18,Other,117989.05,52,2023-03-16,Furniture
5186,21,Other,65793.42,27,2023-02-08,Furniture
5187,35,Female,66726.44,22,2020-09-17,Furniture
5188,25,Female,142922.49,51,2022-05-20,Electronics
5189,63,Female,146931.46,9,2023-10-25,Furniture
5190,49,Male,71453.95,63,2022-10-23,Grocery
5191,45,Other,78087.88,88,2020-08-03,Sports
5192,30,Other,20132.4,61,2023-01-13,Sports
5193,67,Other,55882.04,71,2020-09-21,Furniture
5194,34,Other,106491.05,30,2020-08-23,Grocery
5195,44,Male,71763.24,100,2021-11-17,Clothing
5196,30,Female,87964.78,23,2020-05-20,Sports
5197,56,Female,134072.63,56,2021-10-31,Electronics
5198,39,Male,110392.26,39,2020-03-28,Sports
5199,60,Male,78532.02,61,2022-10-27,Sports
5200,53,Other,41723.36,29,2022-12-22,Furniture
5201,67,Female,102076.52,96,2022-12-13,Sports
5202,47,Female,39721.55,90,2022-04-22,Clothing
5203,50,Male,125159.47,22,2022-10-10,Sports
5204,45,Female,131939.51,90,2023-01-17,Furniture
5205,53,Other,26202.66,42,2020-06-11,Furniture
5206,44,Male,92469.76,26,2021-05-03,Furniture
5207,23,Other,123202.26,13,2021-08-11,Sports
5208,51,Female,143152.73,14,2020-10-26,Sports
5209,57,Male,135906.49,52,2023-11-10,Electronics
5210,52,Female,95730.5,27,2022-11-05,Grocery
5211,36,Female,107064.45,83,2021-08-31,Sports
5212,27,Other,127557.14,73,2020-08-08,Grocery
5213,23,Other,55732.47,73,2022-10-20,Grocery
5214,68,Female,46984.83,43,2022-06-11,Sports
5215,60,Other,95626.15,91,2021-01-06,Grocery
5216,50,Male,87995.03,15,2020-09-13,Electronics
5217,18,Female,114987.08,99,2020-02-04,Clothing
5218,53,Female,105732.17,38,2020-11-12,Clothing
5219,27,Female,110939.64,100,2020-07-06,Clothing
5220,33,Other,129597.49,96,2022-07-05,Clothing
5221,51,Other,50908.36,89,2021-05-02,Sports
5222,46,Other,112405.47,98,2021-04-26,Furniture
5223,24,Male,31113.41,46,2022-01-10,Clothing
5224,36,Female,27281.79,56,2023-10-29,Grocery
5225,47,Male,49430.62,86,2020-05-16,Clothing
5226,52,Male,107696.43,48,2022-12-22,Sports
5227,67,Male,105927.31,58,2023-11-12,Sports
5228,26,Other,132065.05,59,2022-02-04,Clothing
5229,55,Other,65705.15,57,2021-01-26,Clothing
5230,27,Other,109707.24,92,2023-03-09,Grocery
5231,49,Female,107118.82,90,2020-04-27,Sports
5232,56,Other,145144.62,96,2022-11-18,Clothing
5233,68,Female,53404.92,61,2022-04-13,Furniture
5234,60,Other,59215.14,40,2021-06-03,Grocery
5235,40,Other,44475.55,89,2023-12-30,Sports
5236,49,Other,145660.32,85,2020-08-24,Furniture
5237,61,Male,103944.42,54,2020-02-03,Sports
5238,67,Other,146565.9,89,2020-11-04,Grocery
5239,30,Male,21814.86,63,2020-12-29,Grocery
5240,65,Male,129632.72,72,2022-09-18,Electronics
5241,53,Male,22563.14,93,2023-08-08,Furniture
5242,56,Female,27549.59,45,2020-09-27,Clothing
5243,68,Other,109659.6,2,2021-05-23,Furniture
5244,66,Female,25059.84,89,2022-10-25,Clothing
5245,64,Other,72221.56,28,2021-09-06,Clothing
5246,53,Other,39551.59,1,2021-12-27,Grocery
5247,33,Male,137034.8,70,2022-12-22,Sports
5248,65,Other,64036.88,16,2022-11-30,Clothing
5249,31,Female,141193.41,91,2020-11-07,Clothing
5250,22,Other,126931.69,37,2020-08-30,Grocery
5251,67,Male,141170.56,35,2021-03-20,Electronics
5252,21,Male,149949.23,53,2021-06-30,Grocery
5253,57,Female,59630.85,55,2022-02-07,Furniture
5254,54,Male,140846.74,26,2023-05-25,Furniture
5255,33,Other,148406.54,9,2020-08-10,Sports
5256,46,Male,34970.31,79,2022-12-14,Electronics
5257,47,Male,136522.05,100,2023-11-01,Sports
5258,19,Other,85306.89,42,2023-10-03,Sports
5259,35,Male,88110.42,80,2020-06-18,Furniture
5260,51,Other,108782.17,79,2020-08-15,Furniture
5261,51,Other,133218.11,39,2020-12-02,Furniture
5262,55,Other,34018.37,10,2021-10-11,Grocery
5263,56,Female,30201.96,28,2023-03-06,Grocery
5264,24,Other,136837.05,82,2021-12-31,Electronics
5265,47,Other,45575.31,12,2020-02-02,Furniture
5266,32,Male,97041.83,42,2023-07-18,Clothing
5267,21,Male,118975.13,25,2023-06-09,Furniture
5268,42,Female,95124.97,35,2020-06-02,Furniture
5269,63,Other,59959.79,92,2022-09-26,Furniture
5270,45,Female,136138.52,31,2023-05-14,Grocery
5271,58,Male,133227.68,89,2023-01-03,Furniture
5272,49,Female,95339.51,12,2021-06-30,Sports
5273,18,Male,123322.23,64,2021-09-12,Electronics
5274,61,Male,88096.27,4,2022-03-10,Sports
5275,59,Female,37070.87,30,2021-01-10,Sports
5276,43,Male,86930.1,59,2021-10-30,Furniture
5277,20,Female,118306.13,78,2020-06-16,Sports
5278,65,Other,125507.99,75,2020-04-13,Clothing
5279,24,Male,38625.84,8,2022-02-15,Sports
5280,56,Male,73772.36,99,2020-08-11,Sports
5281,30,Other,37507.92,15,2022-02-10,Sports
5282,34,Female,92719.63,83,2023-04-29,Sports
5283,37,Other,54016.14,74,2022-03-28,Furniture
5284,37,Female,89187.74,70,2020-04-22,Clothing
5285,48,Female,29520.32,25,2023-03-24,Furniture
5286,24,Other,49690.11,98,2020-03-07,Furniture
5287,62,Female,20680.87,42,2021-01-15,Grocery
5288,43,Other,50177.98,35,2023-05-05,Grocery
5289,66,Female,37421.66,20,2021-11-18,Sports
5290,38,Male,56295.33,67,2023-07-26,Electronics
5291,33,Other,105579.33,81,2020-07-19,Sports
5292,20,Female,96046.04,67,2021-03-26,Sports
5293,19,Other,89056.65,42,2020-12-11,Clothing
5294,30,Other,111673.24,37,2023-06-05,Sports
5295,33,Male,100890.18,68,2023-02-11,Sports
5296,51,Female,53777.55,98,2021-12-22,Grocery
5297,53,Female,74992.97,17,2022-12-13,Furniture
5298,21,Male,120060.43,53,2022-05-15,Grocery
5299,45,Male,148012.47,32,2020-06-29,Electronics
5300,52,Other,42146.69,47,2021-08-14,Clothing
5301,22,Other,57978.41,25,2023-11-07,Furniture
5302,62,Other,134263.5,71,2023-12-08,Sports
5303,61,Female,42411.71,45,2022-05-06,Clothing
5304,41,Male,148885.02,54,2022-04-17,Furniture
5305,60,Female,35467.46,27,2022-01-11,Sports
5306,56,Male,71121.55,89,2021-07-17,Electronics
5307,52,Other,106667.23,75,2023-02-14,Clothing
5308,63,Other,87807.86,25,2023-07-15,Furniture
5309,18,Female,58173.57,26,2021-10-28,Sports
5310,46,Female,76163.57,41,2020-04-22,Sports
5311,22,Female,20533.44,71,2022-06-26,Sports
5312,37,Other,38719.67,39,2022-03-13,Sports
5313,35,Other,83943.13,89,2020-02-18,Electronics
5314,53,Other,56079.61,37,2020-06-07,Furniture
5315,60,Male,75590.88,77,2020-02-16,Clothing
5316,43,Male,32445.36,63,2020-07-09,Electronics
5317,50,Male,145692.59,20,2020-11-07,Sports
5318,59,Female,35989.72,21,2021-01-29,Sports
5319,60,Female,122341.23,47,2020-05-04,Furniture
5320,20,Other,126323.6,6,2020-09-19,Electronics
5321,27,Male,79150.09,74,2022-04-06,Furniture
5322,31,Other,132784.17,9,2020-08-09,Grocery
5323,43,Other,117369.63,64,2023-03-11,Grocery
5324,58,Other,77729.79,88,2023-01-08,Sports
5325,39,Male,54703.58,19,2022-11-01,Clothing
5326,28,Other,95449.0,8,2021-06-07,Furniture
5327,62,Male,110300.96,46,2020-03-07,Sports
5328,18,Male,130454.07,54,2023-12-01,Furniture
5329,19,Female,104948.15,8,2022-08-16,Sports
5330,18,Male,39839.07,95,2021-01-04,Sports
5331,45,Other,122966.75,9,2023-12-23,Clothing
5332,22,Other,146047.02,9,2022-05-14,Sports
5333,47,Other,121337.42,45,2020-06-30,Electronics
5334,24,Female,92891.25,98,2020-10-23,Electronics
5335,41,Other,101855.58,20,2020-01-19,Sports
5336,49,Male,60336.43,77,2021-08-25,Clothing
5337,50,Female,51886.08,20,2022-08-05,Clothing
5338,42,Female,59571.31,64,2023-06-06,Electronics
5339,30,Male,78046.34,14,2021-06-21,Sports
5340,43,Male,76901.0,49,2022-03-24,Grocery
5341,34,Other,109474.98,52,2021-04-15,Clothing
5342,22,Female,49253.23,22,2022-12-28,Furniture
5343,69,Female,41555.88,53,2022-10-10,Furniture
5344,24,Female,44223.21,46,2021-05-28,Clothing
5345,66,Other,86752.08,47,2020-10-18,Sports
5346,44,Female,84446.18,95,2020-04-18,Clothing
5347,47,Female,123496.75,46,2020-07-19,Clothing
5348,24,Male,140703.72,6,2023-03-31,Sports
5349,62,Female,82700.9,18,2022-10-03,Clothing
5350,59,Other,125320.04,85,2023-05-22,Sports
5351,26,Male,136098.29,70,2021-11-27,Grocery
5352,47,Male,114586.79,43,2023-01-18,Sports
5353,18,Male,74254.99,79,2020-02-17,Electronics
5354,22,Female,50424.85,79,2021-04-09,Grocery
5355,41,Male,87396.44,27,2024-01-01,Electronics
5356,21,Other,139059.06,89,2021-12-20,Furniture
5357,38,Female,99772.77,2,2021-02-20,Grocery
5358,18,Other,37749.62,32,2021-07-02,Grocery
5359,24,Female,41339.85,34,2022-09-01,Electronics
5360,61,Female,40421.42,4,2023-05-29,Sports
5361,29,Male,77865.96,88,2022-06-25,Electronics
5362,68,Female,79701.89,6,2023-12-03,Clothing
5363,22,Other,133065.98,76,2020-10-12,Furniture
5364,69,Male,69051.62,90,2023-02-23,Electronics
5365,62,Other,27384.48,24,2021-09-08,Furniture
5366,40,Other,118757.2,8,2020-10-05,Sports
5367,65,Female,85812.82,53,2021-11-29,Sports
5368,66,Male,103977.69,26,2023-08-19,Furniture
5369,49,Other,119260.05,48,2020-01-11,Furniture
5370,42,Other,83183.33,29,2022-10-27,Electronics
5371,47,Male,94697.73,48,2023-11-03,Clothing
5372,35,Female,76856.27,17,2022-10-05,Electronics
5373,33,Other,24513.48,38,2023-02-20,Sports
5374,34,Male,32793.39,51,2022-11-21,Furniture
5375,34,Other,23814.48,21,2022-11-28,Furniture
5376,58,Male,48538.87,6,2020-02-09,Electronics
5377,31,Other,38824.99,23,2020-06-09,Furniture
5378,50,Male,27921.71,19,2021-09-20,Clothing
5379,65,Other,69953.55,39,2020-05-30,Grocery
5380,21,Female,98123.02,12,2021-11-06,Furniture
5381,56,Other,32741.69,77,2023-03-08,Clothing
5382,30,Female,67471.69,5,2022-02-12,Clothing
5383,29,Female,43131.26,97,2020-05-06,Grocery
5384,61,Other,96295.59,7,2021-11-13,Grocery
5385,53,Male,45211.99,57,2021-10-15,Clothing
5386,55,Female,70506.98,60,2021-11-17,Clothing
5387,24,Female,82597.91,37,2022-10-25,Furniture
5388,40,Male,34274.32,75,2021-02-08,Electronics
5389,30,Other,91889.87,19,2021-09-01,Electronics
5390,44,Male,56156.51,68,2021-04-30,Sports
5391,54,Other,135578.37,66,2022-10-29,Grocery
5392,48,Female,125733.53,60,2021-01-20,Electronics
5393,58,Female,25691.2,59,2022-04-07,Grocery
5394,39,Male,88626.11,70,2020-11-23,Sports
5395,26,Other,124012.53,44,2020-08-27,Sports
5396,52,Male,126130.61,39,2023-05-29,Sports
5397,65,Female,35236.83,76,2021-05-23,Grocery
5398,42,Female,134818.07,25,2021-07-30,Grocery
5399,22,Female,82871.77,35,2023-10-05,Sports
5400,52,Male,45301.91,40,2023-04-29,Grocery
5401,50,Male,20364.46,68,2023-12-23,Sports
5402,68,Other,62993.65,22,2023-02-13,Furniture
5403,65,Male,102943.98,78,2020-08-01,Clothing
5404,46,Male,97203.97,84,2022-04-05,Electronics
5405,43,Female,35361.93,30,2021-04-06,Furniture
5406,68,Male,87631.77,92,2020-08-06,Clothing
5407,32,Female,88484.08,13,2022-10-14,Electronics
5408,40,Male,47947.37,75,2021-10-08,Furniture
5409,59,Male,108848.88,38,2023-03-29,Grocery
5410,25,Male,144291.24,89,2022-07-21,Electronics
5411,64,Other,62977.97,14,2022-07-06,Electronics
5412,42,Male,142072.36,42,2023-04-15,Grocery
5413,33,Female,87958.68,78,2023-01-30,Grocery
5414,30,Female,139509.26,64,2021-05-01,Furniture
5415,64,Other,148976.58,73,2021-01-21,Clothing
5416,27,Female,38305.93,97,2023-04-14,Clothing
5417,27,Female,105857.72,26,2021-08-09,Grocery
5418,67,Female,135576.5,92,2021-11-07,Grocery
5419,62,Male,127579.32,10,2023-02-22,Clothing
5420,22,Other,64794.79,25,2020-05-25,Electronics
5421,30,Female,45720.59,96,2021-09-23,Furniture
5422,26,Other,20718.09,57,2023-06-21,Grocery
5423,38,Male,74804.74,15,2023-08-08,Clothing
5424,46,Male,83075.26,97,2023-01-08,Sports
5425,31,Other,143400.89,100,2021-02-24,Grocery
5426,20,Other,99390.72,81,2023-08-14,Grocery
5427,18,Other,33828.95,16,2022-01-12,Sports
5428,34,Other,140616.19,25,2020-09-19,Clothing
5429,62,Other,71750.26,55,2023-02-06,Furniture
5430,55,Female,42765.87,100,2020-01-07,Grocery
5431,54,Female,48167.82,99,2020-07-02,Sports
5432,50,Female,92795.93,28,2022-01-11,Clothing
5433,22,Male,97905.99,58,2020-07-25,Furniture
5434,41,Male,98145.92,5,2020-02-15,Sports
5435,21,Other,108109.58,94,2020-02-24,Furniture
5436,43,Other,74427.48,92,2020-11-25,Grocery
5437,55,Female,70721.26,50,2021-01-28,Sports
5438,20,Other,140609.65,22,2020-08-17,Electronics
5439,45,Female,136501.74,56,2023-07-24,Grocery
5440,38,Female,82499.22,51,2021-07-23,Grocery
5441,57,Other,89724.17,5,2022-03-12,Electronics
5442,31,Male,140701.65,94,2020-01-22,Sports
5443,57,Other,141858.08,64,2023-07-01,Grocery
5444,32,Other,107798.97,56,2022-10-14,Grocery
5445,38,Male,50980.19,99,2021-10-06,Clothing
5446,47,Female,143273.38,92,2021-11-15,Clothing
5447,43,Female,32913.82,28,2022-04-16,Clothing
5448,19,Male,147506.78,47,2023-05-29,Electronics
5449,66,Male,36994.02,13,2023-01-23,Clothing
5450,54,Female,137572.84,81,2021-05-04,Clothing
5451,35,Other,43756.4,48,2022-05-28,Electronics
5452,60,Other,86689.45,89,2022-10-16,Sports
5453,61,Other,102795.41,25,2020-11-24,Sports
5454,26,Other,103453.34,72,2021-06-07,Grocery
5455,31,Male,76529.98,80,2021-06-16,Electronics
5456,58,Male,77428.44,98,2021-07-27,Furniture
5457,45,Other,111770.95,51,2021-01-17,Sports
5458,28,Other,43568.28,39,2020-09-10,Sports
5459,61,Other,44597.22,61,2023-12-15,Furniture
5460,67,Other,134936.86,6,2020-08-30,Sports
5461,64,Other,120838.63,14,2022-07-24,Clothing
5462,41,Female,38869.1,17,2020-07-04,Sports
5463,29,Female,118700.06,95,2023-07-16,Grocery
5464,25,Male,149555.07,87,2020-09-12,Electronics
5465,47,Other,24964.73,92,2021-12-25,Sports
5466,58,Other,133040.65,45,2021-04-09,Sports
5467,36,Other,45791.84,50,2022-12-13,Electronics
5468,19,Male,111795.79,21,2022-08-03,Clothing
5469,28,Female,30041.62,19,2020-01-30,Furniture
5470,68,Female,120214.51,3,2023-01-23,Grocery
5471,46,Male,119955.0,36,2022-08-23,Electronics
5472,18,Other,74640.12,33,2022-10-12,Electronics
5473,49,Other,99960.05,34,2020-12-18,Sports
5474,28,Other,134191.12,46,2022-06-25,Clothing
5475,42,Male,53724.29,62,2020-03-17,Furniture
5476,61,Other,83997.69,11,2023-07-07,Clothing
5477,60,Female,138183.02,81,2021-12-21,Electronics
5478,18,Other,54344.38,1,2023-07-16,Clothing
5479,46,Other,68607.77,95,2021-08-31,Clothing
5480,59,Female,51425.8,47,2020-12-12,Sports
5481,52,Male,32845.06,82,2022-10-09,Grocery
5482,20,Other,149444.21,8,2020-11-26,Sports
5483,50,Male,97571.5,73,2021-01-21,Sports
5484,30,Other,85114.96,17,2022-11-27,Clothing
5485,63,Male,132614.3,28,2020-05-20,Clothing
5486,36,Other,74901.34,13,2022-10-06,Electronics
5487,67,Other,81663.42,39,2020-04-20,Furniture
5488,27,Other,55219.22,35,2021-04-14,Grocery
5489,67,Other,90451.61,29,2022-02-20,Sports
5490,58,Female,84413.46,33,2022-10-31,Clothing
5491,27,Female,61606.04,85,2022-03-18,Sports
5492,31,Other,77523.05,83,2023-08-18,Sports
5493,29,Male,103110.41,42,2021-07-03,Clothing
5494,32,Other,72402.81,79,2020-09-11,Grocery
5495,68,Other,38363.19,84,2021-03-20,Grocery
5496,69,Male,132221.13,1,2020-06-23,Sports
5497,62,Female,106518.42,81,2023-09-08,Clothing
5498,63,Other,56325.71,81,2020-05-03,Clothing
5499,26,Other,44627.56,14,2020-10-26,Clothing
5500,25,Female,107085.79,56,2021-07-27,Electronics
5501,23,Male,22646.1,61,2021-01-23,Furniture
5502,46,Female,109928.66,41,2020-12-08,Clothing
5503,44,Female,113456.08,41,2020-06-15,Clothing
5504,57,Female,43004.38,71,2021-12-04,Sports
5505,19,Other,77002.29,62,2022-01-07,Electronics
5506,67,Female,31221.48,61,2020-12-12,Electronics
5507,61,Male,107607.08,40,2020-09-11,Grocery
5508,69,Other,75297.39,94,2023-02-21,Sports
5509,57,Male,101428.23,70,2021-03-02,Grocery
5510,65,Male,120944.14,22,2022-02-03,Clothing
5511,31,Female,58059.21,46,2023-02-02,Furniture
5512,23,Other,74881.23,64,2023-12-11,Clothing
5513,39,Male,49030.31,21,2020-06-08,Electronics
5514,63,Female,76141.41,72,2021-09-04,Sports
5515,36,Female,72429.34,35,2020-05-31,Electronics
5516,38,Other,67274.53,90,2021-10-22,Sports
5517,51,Other,145612.97,41,2021-04-08,Sports
5518,42,Female,120774.96,35,2023-11-24,Furniture
5519,52,Male,43448.21,59,2023-03-01,Electronics
5520,51,Male,20571.41,43,2020-09-13,Electronics
5521,31,Female,57487.7,79,2020-04-03,Sports
5522,42,Male,48874.06,91,2020-03-27,Grocery
5523,67,Male,56398.72,27,2023-12-07,Grocery
5524,31,Female,69613.42,38,2023-05-31,Clothing
5525,53,Other,25445.0,49,2023-10-05,Clothing
5526,67,Male,89756.29,9,2020-06-05,Grocery
5527,42,Female,98039.8,32,2023-12-30,Sports
5528,42,Other,95839.28,61,2023-03-26,Sports
5529,61,Male,35100.12,64,2022-10-26,Electronics
5530,68,Female,105165.32,33,2022-12-19,Clothing
5531,34,Male,21891.13,42,2023-01-14,Electronics
5532,38,Female,55103.41,8,2021-09-19,Grocery
5533,65,Female,52583.4,60,2020-11-20,Sports
5534,51,Female,117791.18,29,2023-09-16,Furniture
5535,37,Female,138132.63,91,2021-12-20,Furniture
5536,20,Other,147850.53,17,2023-08-20,Furniture
5537,58,Other,101433.56,36,2020-05-19,Grocery
5538,20,Other,41962.78,92,2020-08-25,Clothing
5539,21,Other,78907.96,58,2022-04-10,Grocery
5540,19,Other,102211.63,45,2020-08-19,Sports
5541,29,Male,106346.21,35,2021-09-18,Furniture
5542,63,Female,141797.74,32,2022-06-18,Furniture
5543,33,Other,52463.53,62,2022-01-10,Grocery
5544,69,Female,53395.27,63,2020-07-20,Clothing
5545,64,Male,86963.48,77,2022-04-29,Clothing
5546,21,Male,128641.85,8,2023-01-03,Electronics
5547,56,Male,20426.28,49,2022-09-28,Furniture
5548,52,Other,89350.93,88,2020-01-17,Furniture
5549,54,Male,138659.05,35,2022-09-19,Grocery
5550,51,Other,65148.99,5,2022-01-22,Sports
5551,43,Female,130982.74,18,2020-06-26,Grocery
5552,28,Female,133360.54,10,2020-04-15,Electronics
5553,54,Other,76463.5,45,2022-03-26,Clothing
5554,61,Female,99362.81,11,2023-08-19,Furniture
5555,26,Other,148832.6,38,2020-09-27,Sports
5556,46,Other,96101.5,31,2022-03-31,Electronics
5557,52,Female,92727.6,75,2020-09-11,Sports
5558,48,Female,66462.44,79,2023-08-26,Clothing
5559,31,Female,33941.05,54,2020-08-23,Sports
5560,38,Other,90735.89,41,2023-07-23,Grocery
5561,41,Male,40674.34,56,2021-04-04,Clothing
5562,28,Female,106963.28,45,2021-09-30,Electronics
5563,22,Other,96948.72,21,2022-12-03,Clothing
5564,27,Other,68816.52,93,2023-08-14,Furniture
5565,62,Female,133935.43,48,2021-04-30,Clothing
5566,69,Female,132445.04,75,2023-09-24,Electronics
5567,52,Other,36115.74,41,2020-01-23,Furniture
5568,37,Male,112296.54,70,2021-04-21,Electronics
5569,28,Other,63684.65,89,2022-05-06,Furniture
5570,30,Other,85239.44,89,2023-02-19,Sports
5571,22,Other,104603.55,20,2020-02-02,Furniture
5572,40,Other,47425.14,32,2020-12-06,Clothing
5573,34,Male,141918.19,53,2021-03-02,Grocery
5574,27,Male,45921.65,28,2021-05-21,Grocery
5575,61,Other,142058.77,76,2020-08-08,Sports
5576,66,Female,28706.92,1,2022-07-11,Sports
5577,22,Other,149169.02,99,2022-03-22,Electronics
5578,46,Male,126463.79,33,2020-11-12,Sports
5579,44,Female,37276.64,86,2020-04-24,Electronics
5580,24,Female,65836.59,46,2022-07-02,Clothing
5581,46,Female,59166.46,70,2023-09-10,Clothing
5582,40,Other,78622.46,48,2021-05-19,Grocery
5583,68,Other,65625.22,97,2020-06-25,Furniture
5584,24,Female,80570.77,53,2021-12-30,Sports
5585,40,Female,49869.16,67,2021-08-08,Furniture
5586,48,Female,39676.78,86,2020-06-22,Furniture
5587,26,Female,103978.34,6,2023-09-24,Sports
5588,45,Female,146713.48,60,2021-06-15,Grocery
5589,36,Female,86603.4,10,2022-05-10,Electronics
5590,26,Male,66604.21,2,2020-09-16,Sports
5591,45,Male,144343.44,88,2023-05-28,Furniture
5592,57,Other,75026.11,68,2021-10-30,Clothing
5593,20,Female,86915.43,53,2023-03-20,Clothing
5594,60,Other,112021.65,94,2020-01-25,Sports
5595,67,Other,98584.8,11,2021-07-07,Electronics
5596,68,Other,31850.82,47,2023-03-19,Grocery
5597,59,Female,92142.99,6,2021-10-16,Clothing
5598,62,Female,23116.89,27,2022-06-23,Grocery
5599,60,Female,105671.56,37,2021-11-27,Grocery
5600,47,Female,93836.54,80,2021-02-23,Sports
5601,48,Female,73303.73,41,2021-08-26,Sports
5602,55,Female,38033.69,4,2021-01-12,Furniture
5603,65,Female,121371.59,100,2023-10-19,Grocery
5604,55,Male,140736.44,47,2022-12-30,Furniture
5605,34,Female,41482.26,65,2021-02-19,Clothing
5606,37,Female,45029.92,66,2021-07-14,Clothing
5607,44,Female,106709.52,48,2020-06-28,Furniture
5608,53,Other,85738.02,82,2023-06-03,Clothing
5609,18,Female,93610.15,22,2020-05-08,Clothing
5610,40,Other,43986.96,63,2022-09-14,Grocery
5611,29,Other,61104.0,61,2021-12-18,Electronics
5612,52,Male,66889.97,9,2021-07-13,Sports
5613,24,Other,37530.05,79,2023-03-31,Grocery
5614,47,Female,133620.83,35,2022-04-18,Clothing
5615,35,Female,112969.0,68,2020-04-25,Sports
5616,34,Other,80807.99,71,2023-04-05,Sports
5617,34,Other,110305.22,57,2021-04-10,Sports
5618,52,Female,34134.83,60,2020-07-13,Electronics
5619,62,Other,48590.11,2,2021-04-03,Clothing
5620,33,Other,128537.12,68,2023-05-12,Sports
5621,48,Female,79704.37,32,2020-04-30,Grocery
5622,18,Female,139567.55,77,2023-01-01,Electronics
5623,69,Other,81382.84,41,2022-05-25,Clothing
5624,33,Male,73413.83,91,2022-05-21,Grocery
5625,43,Other,111923.24,51,2023-10-27,Electronics
5626,39,Male,26765.0,71,2020-10-12,Furniture
5627,46,Other,29579.27,41,2023-03-01,Electronics
5628,42,Female,100533.7,58,2022-07-17,Sports
5629,53,Male,141093.93,37,2023-02-07,Furniture
5630,53,Male,64476.64,36,2020-04-08,Grocery
5631,48,Male,49357.95,30,2020-08-24,Sports
5632,34,Male,146490.72,39,2022-12-09,Electronics
5633,25,Male,88428.61,13,2020-02-07,Electronics
5634,54,Female,38529.56,67,2021-09-29,Furniture
5635,64,Other,71572.17,75,2023-07-03,Electronics
5636,26,Female,145795.58,52,2020-07-07,Furniture
5637,64,Female,122289.48,57,2022-08-18,Grocery
5638,65,Other,98164.45,33,2023-12-06,Furniture
5639,29,Other,84868.96,66,2021-05-27,Sports
5640,27,Other,45549.57,12,2023-03-29,Clothing
5641,67,Male,79767.57,56,2021-06-14,Furniture
5642,26,Female,80653.27,81,2021-02-03,Grocery
5643,26,Male,128173.75,56,2021-02-18,Sports
5644,19,Other,135705.28,82,2022-11-27,Clothing
5645,31,Other,98306.15,84,2022-08-25,Electronics
5646,61,Male,134816.9,44,2021-07-25,Clothing
5647,25,Male,130911.55,44,2020-01-30,Furniture
5648,18,Male,24044.82,6,2023-03-09,Electronics
5649,67,Male,70267.12,7,2020-10-21,Electronics
5650,33,Female,62797.5,94,2020-09-18,Furniture
5651,61,Female,130123.39,96,2023-10-14,Furniture
5652,36,Female,122532.64,98,2023-10-27,Furniture
5653,49,Female,20082.89,17,2022-10-01,Sports
5654,67,Other,92894.31,70,2021-11-20,Electronics
5655,66,Female,27573.12,42,2020-02-19,Electronics
5656,49,Female,21747.27,19,2021-08-28,Furniture
5657,39,Female,101166.96,79,2022-08-09,Furniture
5658,52,Male,122461.98,10,2021-11-18,Clothing
5659,67,Female,107772.29,17,2020-08-04,Grocery
5660,33,Other,57001.74,28,2020-02-06,Sports
5661,50,Other,89081.01,4,2023-04-02,Furniture
5662,43,Other,22773.22,10,2022-02-15,Sports
5663,25,Female,110371.52,93,2021-10-03,Furniture
5664,62,Male,93591.33,63,2022-08-06,Electronics
5665,63,Female,25392.05,50,2023-12-25,Electronics
5666,62,Other,61431.24,97,2021-11-20,Furniture
5667,52,Other,145318.48,22,2022-02-26,Electronics
5668,24,Female,98366.07,89,2023-11-20,Sports
5669,34,Other,38444.28,31,2022-09-16,Electronics
5670,34,Male,39536.43,18,2020-09-13,Furniture
5671,38,Other,82687.19,71,2022-08-10,Clothing
5672,27,Female,128359.54,99,2023-05-01,Grocery
5673,49,Male,21686.64,67,2022-07-25,Electronics
5674,40,Male,81250.19,60,2023-04-10,Clothing
5675,34,Male,109974.5,59,2020-12-14,Sports
5676,50,Male,102242.15,60,2022-01-11,Sports
5677,42,Other,149201.74,29,2023-12-14,Grocery
5678,30,Male,53003.5,50,2023-01-25,Furniture
5679,23,Male,102213.65,65,2023-06-09,Electronics
5680,54,Male,92346.36,88,2022-02-07,Sports
5681,52,Male,90963.55,40,2021-10-26,Furniture
5682,69,Other,56334.53,4,2023-06-03,Electronics
5683,63,Male,140511.2,49,2022-10-16,Grocery
5684,67,Other,88694.34,63,2021-11-11,Clothing
5685,40,Male,135366.86,38,2022-07-06,Sports
5686,33,Female,101273.11,69,2023-04-17,Electronics
5687,57,Male,142310.67,76,2022-06-11,Grocery
5688,50,Other,121447.56,63,2022-11-22,Electronics
5689,54,Female,46096.36,33,2023-08-05,Electronics
5690,31,Male,83798.48,21,2021-01-09,Sports
5691,23,Female,110213.72,4,2021-01-20,Clothing
5692,52,Male,26397.85,73,2020-08-09,Grocery
5693,62,Female,66338.57,28,2020-01-29,Sports
5694,27,Male,147230.92,99,2023-03-16,Furniture
5695,29,Male,49260.43,59,2022-05-07,Furniture
5696,66,Other,134895.32,38,2021-05-17,Electronics
5697,56,Male,144441.38,61,2022-10-12,Sports
5698,68,Female,28946.05,45,2022-05-31,Electronics
5699,52,Male,106694.77,42,2022-02-15,Electronics
5700,50,Female,124514.32,97,2021-02-03,Sports
5701,25,Other,143617.26,34,2020-12-27,Grocery
5702,30,Male,90326.43,7,2021-10-28,Electronics
5703,57,Other,88353.08,47,2021-12-04,Grocery
5704,60,Male,69707.1,4,2023-03-16,Electronics
5705,36,Male,118415.67,48,2023-05-21,Sports
5706,62,Other,130662.24,1,2022-11-22,Electronics
5707,58,Other,123650.62,12,2021-08-11,Clothing
5708,60,Male,88632.55,63,2022-09-01,Grocery
5709,18,Male,103897.26,29,2023-11-29,Clothing
5710,37,Other,59385.77,60,2021-10-22,Electronics
5711,22,Female,103825.66,10,2023-03-03,Sports
5712,50,Other,101200.07,29,2020-04-28,Clothing
5713,39,Male,109070.5,40,2023-01-08,Sports
5714,42,Female,86688.72,9,2021-11-17,Clothing
5715,36,Female,34041.26,23,2020-06-04,Furniture
5716,57,Male,109711.86,11,2020-10-17,Grocery
5717,31,Female,117896.47,78,2021-05-09,Furniture
5718,53,Female,91015.02,34,2023-09-01,Clothing
5719,55,Female,35211.58,99,2022-04-14,Sports
5720,36,Other,52294.11,47,2023-04-11,Grocery
5721,61,Male,64936.9,71,2022-08-28,Furniture
5722,61,Female,98683.44,78,2022-09-03,Furniture
5723,28,Other,62121.09,75,2021-03-23,Electronics
5724,66,Male,131734.02,77,2023-06-27,Sports
5725,59,Male,68181.5,87,2023-10-03,Electronics
5726,54,Female,100811.84,74,2020-01-22,Clothing
5727,60,Female,115809.99,68,2022-02-05,Electronics
5728,36,Female,123886.22,73,2020-10-21,Furniture
5729,42,Female,37242.29,38,2020-03-10,Sports
5730,35,Female,94314.91,92,2022-01-11,Clothing
5731,24,Other,135480.76,62,2022-12-25,Clothing
5732,50,Male,62673.94,97,2021-06-25,Grocery
5733,30,Other,91527.88,64,2021-11-24,Clothing
5734,54,Male,40948.94,34,2023-08-28,Clothing
5735,36,Female,112589.39,77,2022-12-03,Electronics
5736,38,Female,136282.52,5,2022-07-18,Grocery
5737,58,Other,109971.52,34,2020-11-23,Grocery
5738,65,Other,94094.95,17,2021-07-10,Electronics
5739,33,Female,116498.09,57,2022-08-01,Electronics
5740,20,Female,28882.38,81,2021-09-05,Electronics
5741,40,Male,28795.1,85,2022-07-17,Electronics
5742,66,Female,96206.29,6,2021-09-29,Sports
5743,23,Male,26377.33,48,2022-11-17,Electronics
5744,64,Male,90698.65,47,2022-11-15,Furniture
5745,54,Female,137547.6,86,2020-08-25,Sports
5746,52,Other,130943.42,1,2021-09-18,Clothing
5747,22,Other,139572.78,90,2022-07-03,Grocery
5748,50,Male,58002.61,54,2022-12-26,Furniture
5749,28,Female,68658.36,42,2022-10-18,Furniture
5750,26,Female,25268.92,53,2020-04-10,Clothing
5751,42,Female,50872.29,44,2020-03-21,Sports
5752,51,Male,79999.57,53,2020-07-12,Clothing
5753,44,Other,54962.51,42,2021-08-27,Grocery
5754,18,Other,70122.55,42,2022-02-12,Grocery
5755,28,Female,40763.75,67,2021-08-09,Furniture
5756,50,Female,143756.71,34,2020-08-05,Sports
5757,23,Female,144231.21,79,2021-01-01,Electronics
5758,63,Male,149939.94,91,2022-02-13,Furniture
5759,40,Male,73845.01,98,2021-05-25,Grocery
5760,58,Other,136847.81,67,2021-04-10,Electronics
5761,58,Other,62540.93,25,2020-01-19,Furniture
5762,47,Female,96391.79,5,2020-07-18,Electronics
5763,66,Male,79546.05,3,2022-03-29,Clothing
5764,50,Female,22292.3,21,2020-03-31,Furniture
5765,35,Male,92390.44,18,2023-11-26,Grocery
5766,26,Male,92313.19,83,2023-12-16,Grocery
5767,36,Male,121418.47,32,2023-01-04,Clothing
5768,32,Other,119757.82,46,2021-05-23,Grocery
5769,22,Male,40303.76,57,2021-10-14,Clothing
5770,58,Female,45348.95,49,2020-09-26,Clothing
5771,22,Female,50058.11,2,2020-07-18,Clothing
5772,59,Male,97307.97,46,2023-11-03,Sports
5773,38,Female,29023.89,100,2023-04-23,Clothing
5774,19,Female,48392.43,23,2020-02-16,Grocery
5775,38,Other,91306.26,80,2023-01-05,Clothing
5776,69,Other,28679.37,56,2020-09-19,Clothing
5777,30,Other,33125.04,85,2023-07-06,Electronics
5778,49,Female,49367.03,6,2022-10-11,Grocery
5779,24,Other,131909.71,59,2022-02-09,Clothing
5780,43,Other,100667.19,51,2020-07-19,Furniture
5781,22,Male,99173.22,76,2020-06-25,Grocery
5782,27,Other,39852.51,90,2020-12-26,Sports
5783,51,Female,43811.93,95,2021-07-22,Furniture
5784,28,Female,45532.38,69,2021-06-06,Grocery
5785,66,Other,102998.5,65,2021-08-07,Clothing
5786,42,Other,44785.85,31,2022-04-13,Furniture
5787,59,Male,139050.04,41,2023-10-23,Sports
5788,68,Other,26665.5,64,2020-12-19,Furniture
5789,45,Male,79729.69,9,2022-02-18,Electronics
5790,66,Male,126610.8,30,2023-12-25,Grocery
5791,19,Female,33750.86,52,2020-01-25,Electronics
5792,62,Other,120124.91,58,2020-10-28,Clothing
5793,61,Female,133980.08,76,2021-03-30,Electronics
5794,63,Other,47710.78,48,2022-03-03,Grocery
5795,35,Male,73206.14,75,2020-10-31,Clothing
5796,60,Male,101152.93,14,2023-09-29,Grocery
5797,44,Female,71692.09,42,2023-12-20,Grocery
5798,56,Other,104663.93,25,2020-07-18,Furniture
5799,41,Male,26534.3,41,2023-08-19,Electronics
5800,30,Male,94922.47,8,2023-06-29,Electronics
5801,22,Male,33111.32,90,2021-02-14,Sports
5802,65,Other,128722.42,67,2020-06-17,Grocery
5803,59,Female,65284.13,45,2021-01-15,Sports
5804,43,Other,100297.67,48,2022-11-06,Furniture
5805,58,Other,119489.28,5,2023-09-18,Sports
5806,27,Female,43879.32,55,2021-11-08,Electronics
5807,40,Other,118452.52,14,2020-02-03,Clothing
5808,56,Other,91630.3,37,2022-11-13,Sports
5809,36,Male,76758.15,8,2021-12-24,Grocery
5810,33,Other,141145.34,100,2021-03-26,Furniture
5811,53,Male,69116.06,34,2023-10-08,Clothing
5812,41,Other,88273.25,28,2020-08-13,Furniture
5813,66,Male,148092.55,93,2022-11-12,Electronics
5814,32,Other,76225.02,75,2020-10-10,Electronics
5815,36,Male,125204.03,93,2022-06-16,Sports
5816,27,Other,97919.77,16,2022-05-27,Clothing
5817,27,Other,62281.36,13,2022-01-31,Grocery
5818,68,Other,142791.2,80,2022-09-11,Clothing
5819,66,Male,149724.74,30,2023-05-07,Grocery
5820,52,Other,22028.3,91,2020-12-10,Grocery
5821,19,Other,143474.87,7,2023-05-13,Electronics
5822,41,Other,100268.55,40,2023-12-18,Electronics
5823,36,Female,119295.57,95,2020-09-30,Clothing
5824,58,Male,126864.5,19,2023-09-15,Grocery
5825,22,Female,121041.21,35,2022-10-08,Furniture
5826,54,Other,76683.07,6,2022-05-02,Grocery
5827,18,Female,96240.14,42,2023-01-07,Sports
5828,31,Female,108462.49,2,2023-03-03,Electronics
5829,61,Male,84589.92,24,2022-09-25,Clothing
5830,52,Female,123990.81,94,2023-03-27,Clothing
5831,34,Female,22938.05,67,2021-03-23,Furniture
5832,35,Female,84409.3,49,2020-11-02,Sports
5833,34,Female,146996.46,94,2023-02-12,Furniture
5834,31,Other,79693.71,55,2023-09-03,Electronics
5835,24,Female,92246.37,64,2022-10-10,Clothing
5836,60,Other,135371.0,27,2021-06-08,Furniture
5837,67,Other,106345.86,17,2020-12-30,Grocery
5838,60,Female,118565.67,42,2020-11-19,Grocery
5839,41,Male,75839.32,43,2021-08-30,Sports
5840,58,Female,51426.98,98,2023-08-11,Clothing
5841,68,Other,42679.78,22,2023-01-10,Grocery
5842,32,Male,83256.89,34,2021-02-25,Clothing
5843,55,Female,39154.2,51,2022-12-02,Furniture
5844,18,Other,47892.77,32,2021-06-14,Electronics
5845,58,Male,106025.06,11,2021-02-03,Electronics
5846,19,Female,20694.28,20,2020-09-20,Clothing
5847,31,Female,104861.47,96,2022-05-25,Electronics
5848,53,Male,91972.19,87,2023-01-20,Electronics
5849,46,Female,52560.55,92,2023-10-12,Electronics
5850,56,Female,49938.95,85,2022-01-30,Electronics
5851,57,Female,89281.13,30,2020-04-09,Grocery
5852,35,Male,111153.62,72,2022-01-19,Sports
5853,61,Female,48835.21,15,2023-01-01,Furniture
5854,57,Male,117025.29,86,2022-03-31,Furniture
5855,31,Other,79081.01,38,2022-01-05,Furniture
5856,26,Male,67717.18,58,2021-04-03,Clothing
5857,56,Male,90041.17,83,2022-10-23,Grocery
5858,52,Other,42939.79,2,2021-12-18,Grocery
5859,21,Male,147419.24,95,2020-02-03,Grocery
5860,35,Female,58924.11,19,2021-08-07,Clothing
5861,24,Male,145321.42,33,2022-01-12,Grocery
5862,46,Other,66208.14,3,2020-02-21,Clothing
5863,48,Male,137103.82,62,2022-12-29,Furniture
5864,19,Female,107805.78,39,2023-09-09,Furniture
5865,26,Male,124938.63,57,2023-07-24,Electronics
5866,45,Male,62199.89,98,2021-03-04,Sports
5867,60,Female,83251.6,32,2023-03-10,Furniture
5868,28,Female,89934.37,61,2023-07-26,Grocery
5869,64,Male,24885.7,99,2021-05-26,Furniture
5870,41,Male,111197.12,8,2023-10-03,Electronics
5871,31,Other,146527.48,66,2023-06-21,Sports
5872,32,Female,88300.64,78,2020-04-20,Furniture
5873,62,Male,110504.46,16,2020-07-23,Furniture
5874,18,Female,55382.91,28,2022-03-03,Grocery
5875,48,Male,67792.91,37,2022-09-13,Furniture
5876,31,Male,101212.89,68,2023-07-03,Clothing
5877,32,Other,120350.92,65,2020-02-23,Grocery
5878,30,Female,61484.21,40,2020-05-27,Grocery
5879,50,Male,143007.0,17,2022-08-24,Grocery
5880,50,Male,119125.43,38,2021-06-19,Sports
5881,26,Female,31216.0,81,2022-06-28,Furniture
5882,62,Female,114593.82,77,2023-08-12,Grocery
5883,53,Male,91071.29,64,2021-08-01,Furniture
5884,52,Other,79945.65,100,2020-04-24,Clothing
5885,27,Female,33414.25,61,2023-11-09,Grocery
5886,67,Male,141539.78,18,2022-11-27,Clothing
5887,26,Other,115986.48,38,2022-11-09,Furniture
5888,35,Female,144607.17,80,2022-07-24,Clothing
5889,55,Other,100506.33,10,2023-06-29,Furniture
5890,54,Other,84966.01,39,2021-09-08,Clothing
5891,29,Other,87316.59,52,2022-10-31,Grocery
5892,52,Other,139640.1,100,2020-02-11,Sports
5893,19,Female,100477.95,10,2020-03-08,Grocery
5894,34,Other,118979.49,88,2021-08-18,Clothing
5895,20,Female,36281.26,74,2020-01-05,Clothing
5896,50,Male,99868.52,55,2021-01-05,Electronics
5897,21,Male,107489.7,61,2020-10-24,Clothing
5898,43,Male,57339.01,3,2022-08-03,Grocery
5899,48,Male,149912.26,81,2020-03-09,Furniture
5900,59,Male,132257.1,74,2022-02-25,Sports
5901,67,Other,84479.72,23,2021-10-15,Clothing
5902,41,Other,101996.91,77,2023-01-13,Clothing
5903,61,Male,76614.64,90,2020-08-05,Grocery
5904,59,Male,95818.53,53,2021-10-04,Clothing
5905,33,Female,136465.63,98,2021-09-07,Clothing
5906,61,Other,51281.42,85,2021-05-19,Electronics
5907,28,Male,85855.72,55,2022-05-18,Sports
5908,35,Female,106700.75,17,2021-08-22,Electronics
5909,34,Male,72152.49,60,2020-01-12,Sports
5910,41,Other,39892.01,70,2020-05-13,Electronics
5911,27,Other,66483.72,14,2022-01-30,Furniture
5912,50,Other,142560.11,16,2021-03-12,Electronics
5913,67,Male,64744.78,78,2020-02-29,Furniture
5914,34,Male,64336.34,27,2020-03-30,Grocery
5915,41,Male,73225.32,3,2020-06-08,Clothing
5916,62,Female,90521.89,93,2022-01-03,Sports
5917,55,Other,89626.38,14,2021-12-11,Electronics
5918,56,Other,81059.69,87,2020-10-12,Grocery
5919,33,Female,48184.65,23,2023-11-03,Grocery
5920,41,Other,41066.39,67,2022-06-11,Furniture
5921,18,Female,89472.6,82,2023-04-12,Grocery
5922,42,Other,60400.88,46,2020-11-15,Sports
5923,26,Male,32454.75,44,2020-04-08,Grocery
5924,48,Male,44976.15,13,2022-03-08,Clothing
5925,58,Male,87754.69,45,2020-03-28,Sports
5926,20,Other,42120.49,32,2022-05-10,Sports
5927,55,Male,37256.37,86,2021-03-27,Furniture
5928,24,Female,70988.55,32,2021-03-07,Grocery
5929,61,Female,36089.17,85,2020-04-01,Grocery
5930,18,Male,28527.3,30,2022-03-29,Grocery
5931,53,Male,54595.46,98,2021-07-20,Clothing
5932,53,Male,49046.93,54,2022-07-13,Furniture
5933,36,Male,63494.49,86,2022-07-29,Furniture
5934,63,Female,112896.18,3,2021-01-28,Clothing
5935,53,Male,24209.04,52,2021-05-04,Electronics
5936,67,Male,104770.47,88,2022-11-09,Sports
5937,65,Male,22911.85,39,2023-11-03,Sports
5938,41,Female,41317.0,29,2020-09-22,Clothing
5939,52,Female,30576.45,64,2021-11-03,Electronics
5940,34,Male,143237.99,31,2023-12-23,Electronics
5941,28,Male,53068.86,85,2022-10-25,Sports
5942,28,Male,95838.3,91,2021-10-21,Furniture
5943,49,Female,27858.13,24,2022-10-09,Furniture
5944,57,Female,75632.78,78,2022-08-24,Grocery
5945,46,Female,109505.66,5,2023-11-07,Grocery
5946,40,Female,41735.96,87,2021-10-08,Furniture
5947,31,Female,94513.0,27,2020-08-26,Furniture
5948,52,Female,37084.14,90,2022-05-17,Furniture
5949,38,Female,85448.94,39,2021-11-18,Sports
5950,57,Female,107461.17,26,2022-02-26,Furniture
5951,27,Female,118004.23,64,2022-02-04,Electronics
5952,65,Female,95677.58,88,2023-03-17,Clothing
5953,61,Other,138989.82,81,2021-09-11,Sports
5954,51,Male,124827.42,8,2023-05-03,Furniture
5955,39,Other,64174.42,100,2021-07-31,Sports
5956,33,Other,42351.75,23,2022-06-10,Clothing
5957,31,Female,36864.83,18,2021-05-19,Grocery
5958,31,Female,90149.72,22,2021-03-30,Grocery
5959,45,Female,62810.99,27,2021-12-01,Sports
5960,64,Female,79398.32,90,2020-07-28,Grocery
5961,61,Other,24634.17,49,2023-01-17,Furniture
5962,20,Male,115125.74,92,2022-08-04,Furniture
5963,27,Female,119603.62,23,2021-03-02,Grocery
5964,48,Female,64664.42,25,2023-03-15,Furniture
5965,29,Female,109077.39,55,2021-03-25,Electronics
5966,28,Female,108928.4,6,2022-08-10,Grocery
5967,62,Female,65802.46,75,2021-02-10,Grocery
5968,51,Other,143495.51,39,2023-01-19,Electronics
5969,36,Female,46534.25,94,2020-01-07,Furniture
5970,54,Female,121894.97,29,2021-10-15,Electronics
5971,31,Other,68914.72,27,2023-07-30,Furniture
5972,43,Female,127739.25,89,2022-09-16,Furniture
5973,20,Female,117241.03,35,2023-04-05,Electronics
5974,52,Male,139157.48,95,2022-02-14,Grocery
5975,38,Male,136708.85,46,2023-04-20,Grocery
5976,56,Other,132828.07,40,2020-05-06,Clothing
5977,21,Female,26147.33,32,2023-01-28,Sports
5978,25,Male,48836.09,64,2021-09-10,Clothing
5979,30,Female,91226.82,98,2021-01-04,Grocery
5980,19,Other,148249.07,97,2022-11-18,Electronics
5981,66,Female,126585.87,73,2023-03-10,Clothing
5982,24,Other,78868.63,56,2020-02-07,Sports
5983,18,Female,97559.25,90,2023-05-31,Clothing
5984,50,Female,106087.99,56,2020-01-19,Furniture
5985,56,Male,68405.9,38,2021-10-18,Grocery
5986,42,Male,40907.2,12,2020-02-10,Clothing
5987,67,Female,104942.92,20,2022-03-29,Furniture
5988,27,Female,105145.11,84,2022-06-22,Sports
5989,34,Other,36894.34,3,2020-09-10,Sports
5990,47,Female,88383.21,24,2023-09-01,Electronics
5991,59,Female,54323.69,51,2021-07-17,Furniture
5992,53,Female,37446.21,61,2023-12-02,Electronics
5993,37,Male,131451.79,50,2020-12-31,Furniture
5994,52,Male,119950.48,44,2020-02-16,Furniture
5995,33,Male,98772.01,3,2020-11-21,Grocery
5996,61,Male,104211.44,24,2021-05-29,Furniture
5997,61,Male,122243.43,66,2023-04-11,Furniture
5998,49,Female,116227.42,5,2023-06-23,Grocery
5999,32,Male,148356.36,1,2023-02-23,Furniture
6000,67,Other,119564.0,33,2022-12-24,Sports
6001,48,Female,26448.8,84,2022-10-14,Electronics
6002,25,Other,34584.68,89,2023-07-22,Sports
6003,41,Male,127841.52,74,2022-09-30,Furniture
6004,39,Other,93465.9,11,2020-12-28,Grocery
6005,69,Female,118605.54,12,2023-04-30,Sports
6006,69,Male,149238.14,77,2020-07-29,Clothing
6007,47,Other,35208.77,43,2020-04-24,Furniture
6008,67,Female,73995.83,51,2022-01-31,Sports
6009,60,Other,129728.73,96,2023-10-09,Furniture
6010,55,Female,98825.7,89,2020-07-16,Grocery
6011,42,Male,108290.98,88,2020-05-23,Clothing
6012,58,Female,42374.54,55,2020-11-23,Clothing
6013,45,Other,142855.25,93,2023-09-21,Electronics
6014,32,Female,20147.33,28,2023-05-09,Electronics
6015,48,Other,57262.78,68,2021-01-02,Electronics
6016,28,Other,145425.14,37,2022-03-17,Clothing
6017,39,Other,75932.81,36,2023-07-05,Furniture
6018,24,Other,52567.07,79,2021-06-21,Grocery
6019,37,Female,148451.6,27,2023-02-17,Grocery
6020,44,Male,44084.59,16,2022-02-07,Grocery
6021,32,Male,53037.39,95,2020-03-12,Sports
6022,34,Female,69983.16,42,2023-08-13,Electronics
6023,18,Male,84047.21,15,2022-05-08,Grocery
6024,69,Female,120043.33,7,2022-07-15,Clothing
6025,63,Other,52392.3,30,2021-08-23,Grocery
6026,26,Female,21241.71,29,2022-10-08,Clothing
6027,48,Other,63701.14,57,2021-04-13,Grocery
6028,69,Other,124641.19,69,2021-10-12,Electronics
6029,48,Other,103331.45,8,2021-05-15,Sports
6030,51,Other,67186.58,37,2021-03-13,Electronics
6031,45,Male,20057.48,52,2021-09-27,Furniture
6032,44,Other,38016.44,78,2023-08-12,Grocery
6033,19,Female,128814.03,18,2023-07-09,Clothing
6034,36,Other,69408.65,57,2021-12-04,Electronics
6035,53,Other,38437.0,55,2022-10-02,Grocery
6036,67,Male,108618.85,32,2023-10-15,Furniture
6037,43,Other,80844.3,91,2022-11-15,Furniture
6038,18,Other,85774.06,30,2020-07-18,Furniture
6039,44,Female,93848.67,4,2021-02-16,Electronics
6040,20,Female,20876.1,48,2022-06-11,Electronics
6041,64,Male,133327.61,16,2021-07-03,Grocery
6042,34,Other,95635.38,50,2021-04-22,Electronics
6043,36,Male,55119.52,69,2020-05-22,Sports
6044,42,Female,115471.0,48,2023-10-25,Furniture
6045,44,Other,29544.98,78,2022-10-19,Clothing
6046,41,Other,47908.45,65,2022-02-20,Grocery
6047,49,Male,49871.16,19,2021-09-20,Grocery
6048,45,Female,105102.38,16,2021-06-11,Furniture
6049,37,Male,89883.41,72,2021-06-28,Grocery
6050,66,Other,48077.12,11,2021-05-06,Grocery
6051,27,Other,56002.57,60,2020-04-18,Clothing
6052,32,Male,137307.19,97,2021-01-15,Clothing
6053,66,Female,134254.11,47,2021-08-11,Grocery
6054,38,Female,141329.28,4,2022-05-27,Clothing
6055,53,Male,136162.49,6,2023-07-25,Grocery
6056,19,Male,48151.61,68,2021-11-22,Sports
6057,68,Other,88098.72,21,2021-05-25,Grocery
6058,31,Male,44065.53,67,2021-09-14,Grocery
6059,58,Male,23667.64,9,2021-01-06,Furniture
6060,29,Female,54461.36,38,2021-04-08,Grocery
6061,57,Male,149494.25,97,2020-04-08,Sports
6062,33,Male,31507.93,29,2023-02-17,Clothing
6063,30,Female,59780.55,98,2022-05-13,Electronics
6064,27,Female,83747.23,95,2021-03-08,Electronics
6065,28,Female,69407.75,79,2022-01-22,Sports
6066,58,Female,89893.23,4,2021-08-19,Furniture
6067,27,Other,85026.28,36,2023-01-22,Furniture
6068,57,Female,71993.76,54,2022-09-09,Sports
6069,43,Other,78196.1,2,2021-12-04,Sports
6070,65,Other,93163.64,93,2023-01-06,Furniture
6071,51,Male,111703.53,79,2021-07-06,Clothing
6072,66,Female,47066.9,36,2020-09-04,Grocery
6073,19,Male,57250.49,61,2022-07-29,Clothing
6074,45,Male,127544.42,3,2020-12-14,Grocery
6075,65,Female,147625.44,92,2022-09-13,Sports
6076,58,Female,49883.77,84,2021-02-16,Electronics
6077,43,Male,51697.17,93,2020-05-05,Electronics
6078,55,Female,123064.59,68,2021-01-08,Clothing
6079,56,Male,99029.78,50,2022-05-13,Sports
6080,26,Male,125111.7,85,2020-05-12,Clothing
6081,20,Female,37176.88,49,2021-11-05,Grocery
6082,26,Other,117496.43,24,2021-07-04,Clothing
6083,48,Male,57036.14,62,2021-12-27,Electronics
6084,49,Male,127573.45,35,2022-12-12,Furniture
6085,36,Other,87418.28,34,2023-06-25,Grocery
6086,42,Other,88541.32,3,2021-02-17,Sports
6087,53,Male,106377.46,75,2022-08-28,Electronics
6088,59,Female,56133.82,19,2020-04-13,Sports
6089,68,Female,63043.67,91,2022-10-06,Sports
6090,21,Female,93327.33,73,2020-06-19,Sports
6091,22,Female,25962.5,5,2020-06-27,Sports
6092,32,Other,86455.97,95,2023-01-10,Clothing
6093,46,Other,38131.89,81,2023-07-06,Electronics
6094,30,Male,31037.32,37,2022-10-29,Sports
6095,50,Male,82547.72,64,2021-04-01,Clothing
6096,54,Other,69658.03,78,2022-09-25,Sports
6097,50,Male,148283.25,69,2021-10-12,Clothing
6098,60,Other,101621.76,57,2021-05-30,Electronics
6099,48,Female,42583.62,67,2021-11-16,Furniture
6100,45,Male,36040.1,63,2021-08-14,Electronics
6101,27,Other,78725.99,39,2020-06-07,Sports
6102,63,Male,66761.92,20,2021-11-21,Furniture
6103,53,Other,83959.93,10,2022-09-22,Clothing
6104,39,Male,41282.24,63,2023-12-08,Electronics
6105,42,Other,99339.74,25,2022-02-14,Clothing
6106,25,Other,33651.31,67,2021-12-18,Electronics
6107,37,Other,43181.63,55,2023-08-10,Electronics
6108,34,Other,37953.88,72,2020-11-17,Clothing
6109,45,Other,40745.14,15,2022-08-01,Grocery
6110,37,Other,38134.77,88,2021-01-05,Sports
6111,25,Other,137847.14,48,2022-01-17,Grocery
6112,21,Female,109256.19,92,2022-02-17,Furniture
6113,58,Other,59175.39,11,2020-10-03,Grocery
6114,55,Female,49912.52,67,2023-03-24,Grocery
6115,67,Female,116430.09,77,2021-06-27,Electronics
6116,65,Other,87495.18,45,2020-09-20,Grocery
6117,67,Female,143484.56,32,2023-01-15,Furniture
6118,36,Other,26033.56,48,2022-06-17,Furniture
6119,66,Female,38296.56,29,2023-01-26,Furniture
6120,65,Female,24049.67,29,2021-01-13,Furniture
6121,60,Other,85334.08,68,2022-07-12,Sports
6122,42,Female,109856.34,23,2021-06-09,Furniture
6123,36,Other,91655.09,79,2022-08-24,Clothing
6124,31,Other,123284.67,3,2021-12-14,Electronics
6125,37,Other,94915.35,57,2021-05-10,Electronics
6126,25,Other,79838.34,87,2022-02-16,Electronics
6127,66,Male,41810.65,89,2020-09-27,Furniture
6128,44,Male,26095.63,41,2021-10-18,Grocery
6129,59,Male,95568.97,94,2022-01-17,Clothing
6130,39,Female,144509.54,80,2022-12-28,Electronics
6131,40,Male,135954.8,13,2022-10-22,Sports
6132,64,Female,27589.65,4,2021-11-01,Sports
6133,51,Female,55042.41,67,2021-09-15,Clothing
6134,55,Male,33773.77,26,2023-03-04,Electronics
6135,18,Male,98588.26,66,2022-03-07,Furniture
6136,28,Female,65867.1,5,2020-10-09,Clothing
6137,57,Male,111002.85,52,2023-02-06,Sports
6138,63,Other,36836.01,88,2021-04-21,Grocery
6139,63,Male,21746.14,95,2021-11-24,Grocery
6140,61,Other,64781.78,40,2023-09-13,Grocery
6141,51,Female,104578.33,82,2020-03-08,Electronics
6142,31,Female,115875.08,91,2020-12-21,Clothing
6143,38,Female,129010.85,45,2021-05-13,Clothing
6144,19,Male,78544.6,18,2021-06-24,Clothing
6145,37,Male,131613.38,84,2020-02-12,Sports
6146,55,Female,78741.83,8,2021-01-02,Grocery
6147,45,Male,28439.61,74,2023-05-05,Electronics
6148,62,Male,26734.43,67,2022-09-29,Electronics
6149,21,Other,74796.98,63,2022-07-10,Sports
6150,42,Male,101872.32,77,2021-06-20,Electronics
6151,45,Other,85897.98,43,2020-12-14,Furniture
6152,64,Male,81614.15,54,2023-07-13,Sports
6153,24,Male,89022.26,89,2020-01-20,Electronics
6154,64,Female,22446.37,13,2022-01-30,Grocery
6155,59,Other,96243.62,4,2023-04-07,Sports
6156,66,Other,72732.02,50,2020-08-16,Clothing
6157,32,Other,20021.08,58,2020-05-03,Furniture
6158,43,Male,65833.67,61,2021-12-03,Clothing
6159,47,Female,83994.27,12,2021-05-10,Electronics
6160,39,Female,62193.53,26,2023-07-07,Furniture
6161,36,Male,103446.23,60,2020-08-06,Sports
6162,55,Female,142321.17,56,2020-09-14,Sports
6163,29,Other,70826.93,65,2020-06-16,Sports
6164,20,Female,111245.2,76,2023-07-29,Sports
6165,32,Other,110897.16,38,2022-02-01,Grocery
6166,68,Female,59473.33,82,2020-12-21,Grocery
6167,33,Other,81617.33,68,2021-10-16,Electronics
6168,51,Female,71779.82,43,2020-04-05,Clothing
6169,19,Female,58410.95,4,2022-01-01,Grocery
6170,47,Other,109585.53,32,2022-11-13,Clothing
6171,28,Other,63779.59,12,2022-02-18,Furniture
6172,34,Female,126252.2,27,2022-10-15,Electronics
6173,40,Female,94831.03,30,2022-05-20,Sports
6174,47,Other,79849.3,60,2021-08-14,Electronics
6175,63,Male,53457.41,7,2023-08-17,Clothing
6176,21,Other,28181.17,31,2020-03-18,Furniture
6177,30,Male,112450.16,33,2021-12-23,Clothing
6178,37,Other,65124.93,94,2022-07-01,Sports
6179,52,Female,131652.68,28,2022-08-24,Electronics
6180,32,Male,40472.43,92,2023-04-15,Clothing
6181,53,Male,31800.12,22,2020-10-03,Clothing
6182,58,Female,65967.47,61,2020-09-09,Sports
6183,54,Other,97656.67,21,2023-12-26,Electronics
6184,69,Male,66015.51,9,2022-09-18,Furniture
6185,65,Female,86231.59,37,2023-01-29,Grocery
6186,50,Other,75007.81,48,2022-09-07,Sports
6187,62,Other,136954.62,19,2020-10-31,Sports
6188,35,Male,20279.61,93,2023-01-27,Grocery
6189,40,Other,127169.49,51,2021-07-23,Sports
6190,51,Female,136106.36,73,2021-09-24,Sports
6191,55,Male,111809.11,71,2023-06-27,Furniture
6192,18,Male,57023.23,32,2022-11-11,Furniture
6193,54,Female,71941.39,43,2023-05-08,Sports
6194,48,Male,120329.22,99,2023-10-25,Furniture
6195,32,Male,103156.87,26,2021-04-08,Electronics
6196,48,Female,118762.81,98,2022-05-15,Electronics
6197,65,Male,53455.79,62,2022-06-05,Grocery
6198,29,Male,141941.0,56,2022-11-02,Furniture
6199,36,Other,144989.05,96,2022-01-22,Grocery
6200,48,Female,111898.12,21,2022-08-18,Electronics
6201,24,Male,60862.62,52,2020-09-23,Furniture
6202,26,Female,20467.37,25,2020-04-18,Sports
6203,63,Female,129357.21,29,2022-01-10,Clothing
6204,63,Female,47949.0,85,2022-10-18,Electronics
6205,21,Female,92288.21,28,2022-06-29,Grocery
6206,42,Female,121906.1,77,2021-08-11,Electronics
6207,42,Male,24939.12,32,2022-02-28,Furniture
6208,40,Male,82605.67,45,2021-06-01,Clothing
6209,57,Female,40891.03,81,2022-11-19,Clothing
6210,54,Male,100005.17,51,2022-08-01,Furniture
6211,46,Other,59647.63,23,2022-10-29,Sports
6212,19,Male,64790.73,72,2022-10-29,Electronics
6213,42,Male,110001.72,24,2023-12-25,Clothing
6214,69,Male,119709.72,59,2021-01-09,Electronics
6215,45,Other,105832.57,66,2023-11-18,Furniture
6216,39,Other,147247.41,11,2021-05-13,Electronics
6217,33,Male,92683.68,95,2021-08-09,Sports
6218,54,Male,119883.27,55,2021-12-03,Sports
6219,22,Male,53297.93,34,2020-10-04,Grocery
6220,44,Female,119866.65,28,2023-01-30,Electronics
6221,48,Male,116317.36,19,2023-11-22,Electronics
6222,36,Female,130514.92,6,2022-11-18,Sports
6223,34,Male,99610.07,65,2021-03-06,Grocery
6224,56,Other,64946.98,66,2023-04-12,Grocery
6225,64,Male,100700.82,95,2022-08-07,Furniture
6226,33,Other,38582.04,88,2021-03-01,Electronics
6227,34,Other,42768.5,1,2023-07-13,Sports
6228,40,Female,125872.35,24,2022-11-27,Electronics
6229,44,Female,143383.62,19,2022-12-19,Grocery
6230,39,Other,131203.78,46,2022-04-09,Grocery
6231,32,Other,136872.91,9,2020-12-14,Clothing
6232,39,Male,114636.03,22,2021-10-10,Furniture
6233,26,Male,107611.88,16,2022-08-11,Electronics
6234,41,Other,113499.88,11,2022-05-01,Electronics
6235,37,Male,129561.94,49,2022-10-29,Furniture
6236,26,Female,50805.23,48,2023-05-24,Electronics
6237,60,Female,108096.46,4,2021-11-17,Furniture
6238,43,Other,117277.62,70,2022-01-16,Electronics
6239,49,Female,63445.05,37,2020-09-11,Electronics
6240,22,Female,69439.17,98,2023-03-01,Furniture
6241,32,Female,98555.25,3,2020-01-24,Furniture
6242,29,Male,78790.03,3,2023-02-23,Furniture
6243,68,Male,46256.18,68,2022-09-26,Electronics
6244,23,Male,139837.56,40,2023-12-19,Sports
6245,51,Female,132189.99,26,2022-10-12,Electronics
6246,63,Other,34058.0,99,2022-09-13,Sports
6247,65,Female,146670.42,64,2020-02-03,Sports
6248,37,Female,105512.74,93,2021-08-04,Clothing
6249,68,Female,68305.14,71,2021-01-16,Furniture
6250,61,Other,132033.33,46,2023-04-04,Grocery
6251,59,Male,124345.24,38,2022-07-02,Electronics
6252,63,Male,134452.38,72,2021-03-17,Clothing
6253,61,Other,114471.3,18,2023-05-22,Furniture
6254,39,Other,35880.19,30,2021-05-31,Grocery
6255,68,Male,121167.07,77,2020-04-14,Sports
6256,25,Female,29579.76,88,2023-09-02,Furniture
6257,48,Female,125179.53,93,2023-11-22,Sports
6258,42,Female,92039.36,58,2020-03-19,Furniture
6259,46,Male,131062.42,70,2021-05-06,Grocery
6260,20,Other,136560.25,50,2023-03-01,Electronics
6261,53,Male,51861.63,60,2020-01-06,Furniture
6262,67,Male,113051.3,16,2022-07-02,Electronics
6263,57,Other,126962.65,26,2021-01-05,Sports
6264,37,Male,111804.72,67,2021-12-10,Electronics
6265,49,Male,87156.77,10,2023-12-12,Furniture
6266,41,Male,33388.74,23,2023-07-14,Grocery
6267,62,Female,134015.29,77,2020-04-03,Furniture
6268,29,Female,113644.19,75,2021-03-30,Electronics
6269,20,Male,60039.05,15,2021-12-17,Grocery
6270,38,Male,129439.53,74,2021-08-31,Sports
6271,51,Male,62565.05,62,2022-04-17,Clothing
6272,22,Other,61703.55,1,2023-07-09,Clothing
6273,60,Female,37316.25,54,2020-07-08,Clothing
6274,55,Male,118454.54,95,2020-10-15,Sports
6275,50,Female,79323.72,93,2020-06-05,Electronics
6276,32,Female,73288.63,23,2020-08-04,Sports
6277,51,Other,63638.06,47,2020-05-08,Grocery
6278,41,Male,51091.71,61,2021-04-27,Electronics
6279,45,Female,117825.29,26,2023-06-20,Electronics
6280,42,Female,129478.98,42,2022-07-31,Furniture
6281,51,Female,138984.15,55,2023-01-05,Grocery
6282,23,Female,86321.46,1,2021-09-03,Furniture
6283,35,Female,24543.22,93,2020-11-16,Furniture
6284,22,Other,140100.61,34,2020-02-12,Electronics
6285,27,Other,23592.65,94,2020-12-30,Sports
6286,30,Female,125235.37,4,2021-10-12,Electronics
6287,42,Other,120141.98,19,2023-04-06,Grocery
6288,67,Female,131684.12,6,2023-07-12,Sports
6289,69,Other,101256.98,12,2020-02-19,Grocery
6290,67,Male,92574.13,6,2022-02-06,Clothing
6291,56,Other,96540.09,69,2022-06-10,Electronics
6292,63,Male,72038.44,18,2020-04-18,Electronics
6293,60,Other,24160.29,11,2023-03-12,Furniture
6294,69,Other,113424.86,50,2023-04-08,Sports
6295,21,Other,45227.33,30,2020-11-12,Grocery
6296,41,Male,45184.8,3,2020-08-15,Sports
6297,39,Other,60759.86,13,2020-09-05,Grocery
6298,35,Female,50818.13,92,2023-12-26,Furniture
6299,18,Female,60922.26,68,2020-12-11,Clothing
6300,62,Male,71068.64,73,2022-09-02,Sports
6301,39,Female,61342.47,71,2020-11-07,Electronics
6302,36,Female,20822.2,92,2023-08-15,Electronics
6303,55,Female,42887.8,51,2022-09-04,Electronics
6304,39,Other,40337.92,79,2020-11-19,Clothing
6305,41,Other,103169.66,40,2023-04-23,Sports
6306,32,Female,83649.85,77,2021-02-15,Clothing
6307,18,Male,41935.28,28,2021-01-26,Electronics
6308,62,Male,77138.87,41,2022-12-02,Grocery
6309,25,Female,27323.9,54,2022-09-02,Furniture
6310,24,Male,48680.39,21,2020-12-12,Clothing
6311,32,Male,108807.26,5,2020-03-24,Sports
6312,45,Other,128784.88,21,2020-12-13,Grocery
6313,55,Male,143608.75,94,2020-12-18,Clothing
6314,28,Female,127823.27,56,2023-03-01,Grocery
6315,29,Male,49237.89,41,2021-08-26,Sports
6316,50,Female,55703.28,61,2022-11-18,Grocery
6317,67,Female,35512.22,80,2020-01-26,Clothing
6318,55,Male,136139.39,84,2023-06-05,Furniture
6319,52,Other,81554.13,49,2020-05-07,Furniture
6320,22,Other,137711.28,27,2020-03-30,Furniture
6321,56,Other,137431.55,82,2023-07-02,Sports
6322,60,Other,78924.7,33,2022-09-15,Furniture
6323,43,Male,116222.83,8,2022-05-25,Clothing
6324,44,Female,107667.8,2,2020-02-10,Grocery
6325,25,Female,58050.77,35,2022-09-30,Clothing
6326,50,Other,49633.05,45,2023-04-05,Grocery
6327,32,Female,91179.09,52,2021-07-09,Grocery
6328,25,Male,141082.41,73,2021-07-20,Furniture
6329,65,Other,63510.73,62,2022-08-05,Electronics
6330,30,Male,20979.55,1,2020-11-24,Clothing
6331,49,Other,118876.97,1,2020-04-23,Sports
6332,37,Female,80960.56,54,2023-10-28,Electronics
6333,54,Other,67988.55,27,2021-04-06,Sports
6334,23,Other,120118.46,48,2020-04-11,Clothing
6335,25,Female,24072.11,15,2020-03-07,Clothing
6336,36,Female,66593.38,88,2020-02-25,Grocery
6337,65,Male,61868.55,14,2021-03-20,Electronics
6338,61,Other,20913.93,57,2022-11-14,Clothing
6339,61,Other,131121.95,75,2023-05-25,Sports
6340,28,Other,135336.75,52,2021-07-05,Furniture
6341,45,Other,26629.45,59,2023-10-18,Furniture
6342,61,Other,104279.55,59,2020-10-28,Sports
6343,25,Male,30143.6,43,2023-06-04,Electronics
6344,48,Male,41317.18,83,2021-10-30,Furniture
6345,41,Female,123219.95,18,2022-01-07,Grocery
6346,30,Female,94096.03,37,2020-10-06,Sports
6347,42,Other,118555.01,84,2020-05-17,Clothing
6348,51,Female,105431.4,28,2020-11-24,Electronics
6349,41,Male,111847.91,58,2021-12-21,Sports
6350,26,Other,142742.6,90,2020-05-05,Clothing
6351,29,Male,60868.1,97,2022-01-08,Furniture
6352,29,Female,53499.2,79,2020-08-08,Furniture
6353,68,Female,87021.09,55,2023-09-19,Furniture
6354,55,Male,85494.49,75,2021-07-19,Clothing
6355,27,Female,76257.8,72,2021-12-17,Sports
6356,22,Female,122071.74,86,2023-10-25,Clothing
6357,30,Female,70043.17,67,2022-08-02,Electronics
6358,67,Male,140920.71,41,2020-06-10,Grocery
6359,69,Male,93919.66,29,2022-02-07,Grocery
6360,60,Other,52401.53,39,2021-06-28,Furniture
6361,55,Male,120874.61,73,2020-10-07,Clothing
6362,52,Female,51465.42,78,2020-07-31,Furniture
6363,19,Male,32220.3,98,2022-05-05,Sports
6364,32,Female,53251.2,53,2020-09-15,Sports
6365,57,Female,128761.2,100,2023-04-07,Clothing
6366,51,Other,112927.4,57,2021-08-19,Furniture
6367,29,Female,85432.1,72,2023-06-16,Electronics
6368,40,Male,141644.34,8,2023-11-23,Furniture
6369,43,Male,115175.71,23,2022-12-16,Clothing
6370,49,Male,109853.81,52,2023-12-11,Sports
6371,66,Other,101908.92,82,2023-04-01,Clothing
6372,55,Female,92254.2,28,2022-09-01,Electronics
6373,31,Female,51659.08,97,2023-10-29,Electronics
6374,20,Other,54172.86,77,2022-06-18,Clothing
6375,22,Male,68275.33,37,2023-11-25,Sports
6376,27,Male,75564.71,100,2022-04-22,Grocery
6377,69,Female,117567.53,48,2021-08-31,Grocery
6378,20,Male,58861.11,84,2020-04-29,Grocery
6379,40,Female,109796.1,21,2021-05-24,Electronics
6380,26,Other,114208.8,70,2022-12-19,Electronics
6381,56,Male,147142.76,41,2020-05-20,Grocery
6382,49,Other,87009.67,3,2020-07-28,Furniture
6383,21,Female,132203.74,43,2020-05-08,Clothing
6384,49,Male,32985.1,37,2021-05-17,Furniture
6385,26,Female,142097.33,97,2020-09-15,Sports
6386,53,Female,22225.72,18,2022-07-14,Furniture
6387,43,Female,79895.62,75,2021-02-26,Electronics
6388,56,Male,90349.4,10,2022-05-11,Clothing
6389,35,Female,70744.92,92,2022-06-25,Clothing
6390,62,Other,73086.97,29,2023-07-29,Sports
6391,20,Female,20578.99,85,2021-02-17,Electronics
6392,69,Male,140146.09,69,2022-08-05,Electronics
6393,59,Female,67417.15,1,2021-01-20,Grocery
6394,26,Other,103191.49,23,2020-12-11,Electronics
6395,47,Male,94433.04,64,2020-12-09,Furniture
6396,45,Female,81094.3,76,2020-07-10,Grocery
6397,43,Other,45620.78,22,2021-10-02,Electronics
6398,58,Female,90099.8,22,2022-10-13,Clothing
6399,53,Female,122458.89,4,2020-10-04,Grocery
6400,54,Female,139811.29,8,2020-02-02,Clothing
6401,44,Other,85461.52,4,2020-11-03,Sports
6402,67,Male,143044.96,93,2020-05-24,Sports
6403,19,Other,42613.53,46,2021-03-13,Sports
6404,21,Other,54479.45,94,2023-04-10,Sports
6405,67,Female,45303.02,97,2020-12-29,Sports
6406,56,Female,100058.71,88,2021-01-07,Grocery
6407,46,Other,140057.87,60,2021-01-13,Clothing
6408,34,Male,127532.0,3,2023-03-04,Furniture
6409,41,Female,44344.26,98,2022-10-19,Clothing
6410,37,Male,67839.66,62,2020-09-20,Furniture
6411,60,Male,61216.0,27,2022-12-05,Clothing
6412,37,Female,55968.84,13,2021-10-19,Clothing
6413,28,Male,22378.47,10,2021-01-02,Furniture
6414,40,Male,138356.13,28,2021-02-12,Electronics
6415,51,Other,59392.12,60,2023-01-22,Clothing
6416,64,Other,33347.0,42,2023-09-10,Electronics
6417,51,Male,88209.64,90,2021-06-22,Electronics
6418,58,Other,42299.0,16,2022-10-04,Electronics
6419,53,Other,60723.25,6,2023-01-11,Clothing
6420,36,Male,115112.63,33,2021-12-11,Clothing
6421,30,Other,23051.15,3,2020-11-11,Sports
6422,18,Other,107633.91,44,2022-03-11,Clothing
6423,24,Female,34665.06,6,2023-02-20,Grocery
6424,53,Female,90521.7,100,2021-09-18,Electronics
6425,47,Female,63930.03,35,2023-01-21,Grocery
6426,60,Male,24173.69,72,2021-08-09,Sports
6427,37,Female,59503.71,77,2020-08-10,Furniture
6428,44,Other,136083.99,18,2023-06-30,Electronics
6429,67,Female,45246.33,22,2020-01-12,Furniture
6430,67,Female,135512.82,72,2020-10-29,Sports
6431,47,Male,133884.45,70,2020-02-21,Clothing
6432,22,Male,25233.41,67,2023-05-02,Electronics
6433,23,Female,132923.57,68,2022-12-04,Electronics
6434,31,Male,52147.44,31,2021-01-31,Electronics
6435,18,Other,100323.31,65,2020-05-03,Electronics
6436,42,Other,125886.51,77,2023-05-19,Grocery
6437,47,Other,105139.91,67,2023-06-11,Electronics
6438,55,Other,58958.17,41,2023-09-01,Clothing
6439,51,Male,136700.17,69,2020-01-05,Sports
6440,51,Female,36137.49,44,2023-09-09,Furniture
6441,64,Other,83889.93,58,2021-07-17,Furniture
6442,61,Male,50076.54,73,2022-05-15,Clothing
6443,21,Male,63490.53,24,2022-02-02,Clothing
6444,33,Male,91261.35,38,2021-09-20,Clothing
6445,39,Female,60059.72,90,2022-01-29,Grocery
6446,31,Other,20553.07,88,2020-03-02,Furniture
6447,34,Other,44699.88,99,2020-03-21,Clothing
6448,51,Male,28614.8,8,2022-10-17,Sports
6449,49,Female,91450.03,42,2022-06-19,Grocery
6450,18,Other,42412.65,54,2020-12-20,Clothing
6451,31,Other,102157.24,76,2021-03-15,Furniture
6452,33,Female,31639.66,19,2021-08-23,Sports
6453,63,Other,113284.46,58,2023-05-28,Sports
6454,23,Female,142257.58,99,2023-02-17,Grocery
6455,68,Other,51457.79,44,2023-05-30,Grocery
6456,18,Female,88756.28,57,2020-11-06,Clothing
6457,61,Female,105444.03,34,2020-10-01,Furniture
6458,61,Female,94541.48,25,2020-10-03,Electronics
6459,58,Female,31903.95,21,2023-05-23,Sports
6460,42,Male,92908.85,75,2020-02-04,Furniture
6461,66,Other,40347.23,51,2022-08-22,Grocery
6462,39,Male,83879.17,73,2021-03-07,Grocery
6463,50,Female,78208.87,79,2021-06-28,Sports
6464,61,Other,48582.05,93,2021-07-11,Furniture
6465,68,Other,81166.8,87,2021-11-25,Furniture
6466,55,Other,140572.25,89,2020-04-29,Sports
6467,56,Other,54499.39,73,2023-07-15,Grocery
6468,39,Male,135564.66,41,2020-08-28,Clothing
6469,37,Other,145971.29,29,2022-04-07,Clothing
6470,54,Female,29087.38,28,2020-12-05,Sports
6471,39,Male,115970.16,2,2022-07-26,Sports
6472,52,Other,146280.04,21,2021-10-09,Furniture
6473,39,Female,52646.42,66,2022-01-17,Sports
6474,50,Male,145685.38,23,2020-03-02,Furniture
6475,66,Male,67146.16,36,2020-09-28,Grocery
6476,26,Other,62590.66,82,2023-02-21,Furniture
6477,19,Other,37304.32,64,2021-06-04,Clothing
6478,19,Other,78322.33,6,2023-08-08,Grocery
6479,41,Male,77772.86,22,2021-07-08,Electronics
6480,61,Female,43055.94,25,2022-03-07,Electronics
6481,20,Male,107514.8,47,2023-08-23,Clothing
6482,35,Male,93829.89,56,2020-06-01,Electronics
6483,30,Male,102504.95,45,2021-09-22,Grocery
6484,48,Male,21775.0,44,2021-09-04,Electronics
6485,19,Male,31943.27,4,2023-12-21,Clothing
6486,20,Female,129753.48,67,2021-12-20,Clothing
6487,25,Male,80784.22,35,2020-01-26,Grocery
6488,26,Male,62409.87,61,2021-08-30,Electronics
6489,63,Male,33980.88,89,2022-05-08,Electronics
6490,20,Other,75101.81,58,2020-09-01,Furniture
6491,60,Male,105865.1,71,2023-07-14,Sports
6492,23,Other,49910.56,97,2020-10-18,Clothing
6493,51,Other,99917.73,33,2022-02-25,Electronics
6494,31,Female,145102.3,47,2022-02-10,Electronics
6495,21,Other,116822.61,8,2020-04-08,Clothing
6496,51,Female,130848.23,100,2020-03-03,Electronics
6497,19,Other,40495.05,17,2022-05-18,Grocery
6498,56,Female,32837.43,99,2021-08-10,Grocery
6499,62,Male,109675.03,47,2023-09-25,Furniture
6500,32,Male,125080.3,57,2022-06-29,Furniture
6501,48,Male,47741.47,64,2022-06-04,Grocery
6502,66,Male,58972.77,43,2022-01-17,Sports
6503,59,Male,20389.53,55,2021-03-21,Furniture
6504,51,Female,48676.38,92,2021-05-06,Grocery
6505,48,Other,20289.41,90,2021-10-25,Electronics
6506,52,Other,108611.92,48,2021-03-09,Clothing
6507,60,Female,84029.84,86,2022-08-29,Furniture
6508,60,Other,135708.73,23,2021-07-13,Grocery
6509,53,Other,76684.28,63,2023-11-14,Sports
6510,22,Other,96606.17,46,2023-11-08,Sports
6511,55,Male,64980.23,3,2022-08-30,Electronics
6512,23,Male,37007.56,88,2022-05-08,Furniture
6513,59,Male,95845.99,24,2020-04-27,Clothing
6514,59,Female,107049.24,84,2023-01-06,Furniture
6515,53,Female,104698.17,94,2021-10-28,Clothing
6516,45,Female,58059.25,32,2021-02-14,Electronics
6517,55,Other,145670.06,67,2020-07-03,Furniture
6518,20,Other,89305.99,89,2022-08-22,Grocery
6519,63,Male,134176.62,83,2021-12-06,Sports
6520,48,Male,52060.55,72,2023-10-18,Clothing
6521,19,Female,88224.87,20,2023-09-30,Electronics
6522,49,Male,92453.94,82,2022-12-23,Sports
6523,46,Female,70432.44,43,2021-11-13,Furniture
6524,36,Male,141197.95,89,2021-12-08,Electronics
6525,40,Other,106544.69,87,2023-10-26,Furniture
6526,26,Female,63119.75,52,2022-03-03,Clothing
6527,25,Female,121554.84,23,2021-08-09,Clothing
6528,29,Female,101877.5,67,2021-05-29,Sports
6529,52,Female,26063.5,78,2020-10-17,Grocery
6530,55,Female,42772.83,83,2022-10-27,Sports
6531,57,Female,109775.85,97,2022-12-20,Sports
6532,67,Male,89978.21,5,2020-10-11,Grocery
6533,45,Female,85540.02,30,2023-11-22,Clothing
6534,27,Other,86085.16,88,2022-08-31,Grocery
6535,47,Male,34120.14,52,2023-06-05,Clothing
6536,34,Female,80156.59,20,2022-02-28,Grocery
6537,35,Male,119409.21,84,2023-09-26,Grocery
6538,44,Male,127681.05,17,2021-03-08,Electronics
6539,64,Male,113171.77,75,2020-02-16,Sports
6540,41,Female,93400.37,26,2021-12-31,Electronics
6541,68,Male,50322.75,6,2021-10-04,Electronics
6542,45,Female,38769.23,80,2020-03-12,Electronics
6543,56,Male,39785.54,13,2020-08-01,Sports
6544,24,Female,119969.14,47,2022-05-23,Grocery
6545,36,Male,89703.27,15,2021-05-12,Furniture
6546,39,Other,33366.64,5,2021-01-28,Electronics
6547,54,Other,90281.21,81,2022-05-17,Grocery
6548,60,Other,140999.87,67,2023-05-22,Electronics
6549,50,Female,106084.48,96,2023-12-20,Furniture
6550,41,Female,49918.37,97,2022-09-24,Electronics
6551,51,Female,69004.07,81,2020-10-22,Furniture
6552,67,Female,127836.29,24,2022-04-27,Clothing
6553,35,Other,113804.31,86,2022-09-18,Grocery
6554,32,Male,99157.5,24,2023-10-30,Grocery
6555,34,Male,23017.24,63,2023-08-17,Electronics
6556,37,Female,149348.41,70,2021-03-24,Furniture
6557,31,Male,27374.79,24,2021-02-13,Grocery
6558,34,Other,35113.16,1,2023-12-26,Furniture
6559,47,Female,22486.24,76,2021-04-07,Furniture
6560,27,Male,89654.97,12,2023-03-19,Furniture
6561,46,Female,130644.13,74,2021-04-16,Furniture
6562,30,Female,120218.72,11,2020-04-17,Grocery
6563,37,Female,93107.08,56,2022-11-30,Grocery
6564,68,Male,50559.57,38,2023-05-27,Grocery
6565,59,Other,69984.38,20,2023-04-08,Sports
6566,19,Female,32754.04,78,2023-11-18,Electronics
6567,27,Male,59140.1,42,2020-07-26,Grocery
6568,46,Other,146477.72,25,2020-07-05,Grocery
6569,30,Male,131457.2,1,2021-10-05,Grocery
6570,52,Female,147155.55,73,2020-12-18,Grocery
6571,54,Other,132994.13,63,2021-07-21,Clothing
6572,63,Other,80423.24,14,2020-01-26,Grocery
6573,21,Other,44123.04,49,2021-05-21,Sports
6574,40,Other,108883.73,69,2020-12-27,Furniture
6575,23,Female,143723.44,62,2023-04-07,Grocery
6576,40,Other,41065.7,75,2020-08-11,Sports
6577,25,Female,103018.43,66,2020-06-05,Clothing
6578,31,Other,95211.75,60,2022-01-04,Sports
6579,41,Other,137989.11,25,2021-09-12,Furniture
6580,66,Male,43150.45,20,2022-04-13,Clothing
6581,57,Male,58866.28,1,2022-01-02,Grocery
6582,35,Male,111269.76,38,2022-11-06,Sports
6583,24,Male,80260.68,39,2023-06-10,Clothing
6584,53,Other,79302.94,73,2020-01-18,Furniture
6585,49,Other,38193.58,47,2022-07-05,Furniture
6586,61,Female,84070.65,3,2022-07-13,Clothing
6587,69,Male,93676.89,100,2021-01-16,Sports
6588,45,Male,43423.26,70,2021-08-19,Furniture
6589,54,Male,82673.27,7,2021-11-07,Clothing
6590,46,Male,149662.09,59,2022-07-02,Grocery
6591,36,Male,54230.23,9,2020-07-24,Grocery
6592,65,Other,86766.93,24,2023-01-29,Sports
6593,44,Other,30973.71,25,2022-08-30,Grocery
6594,24,Female,107912.73,7,2023-04-05,Clothing
6595,69,Male,40031.8,30,2023-06-18,Furniture
6596,29,Other,112008.83,81,2022-12-28,Furniture
6597,32,Male,43801.88,59,2022-12-12,Sports
6598,63,Other,116575.83,37,2023-11-12,Sports
6599,65,Male,22847.79,22,2022-12-22,Clothing
6600,27,Male,108546.25,12,2020-11-12,Electronics
6601,40,Other,54513.16,56,2020-02-07,Sports
6602,39,Female,111943.02,34,2020-01-26,Sports
6603,66,Male,149488.38,31,2022-06-07,Grocery
6604,53,Female,46429.52,43,2021-01-06,Sports
6605,67,Female,122312.25,13,2023-08-10,Electronics
6606,38,Male,119655.47,74,2022-02-04,Grocery
6607,69,Female,52770.92,25,2020-10-25,Sports
6608,58,Other,140195.78,23,2023-08-23,Grocery
6609,46,Male,20587.78,59,2023-10-21,Grocery
6610,20,Male,106102.52,20,2023-11-01,Clothing
6611,68,Female,27557.08,60,2022-05-06,Grocery
6612,51,Female,66519.44,4,2020-01-09,Grocery
6613,29,Other,99256.0,1,2021-01-03,Grocery
6614,54,Other,90426.67,32,2022-08-09,Grocery
6615,27,Other,130185.99,84,2020-08-27,Sports
6616,23,Female,23753.31,1,2022-03-08,Grocery
6617,41,Male,129495.47,5,2023-12-07,Electronics
6618,56,Female,132901.45,86,2021-02-04,Sports
6619,20,Male,117803.55,67,2020-07-13,Furniture
6620,19,Other,117538.03,91,2023-02-16,Electronics
6621,53,Male,128358.42,65,2020-07-16,Clothing
6622,47,Other,124516.04,8,2021-08-20,Grocery
6623,38,Female,43383.01,52,2022-04-11,Grocery
6624,65,Female,142372.64,62,2020-03-05,Electronics
6625,33,Other,148802.16,33,2020-08-11,Grocery
6626,20,Male,61950.14,36,2021-05-04,Furniture
6627,59,Female,56117.04,25,2022-06-10,Electronics
6628,56,Female,118217.36,45,2020-01-27,Electronics
6629,24,Male,96533.65,91,2023-10-25,Furniture
6630,55,Female,146461.06,81,2020-02-08,Grocery
6631,20,Female,105330.18,82,2020-11-05,Clothing
6632,34,Other,27122.65,93,2023-10-21,Sports
6633,42,Male,59941.0,15,2021-10-01,Clothing
6634,21,Other,113203.93,17,2023-04-01,Sports
6635,60,Male,131811.77,46,2023-12-15,Electronics
6636,21,Female,44667.25,66,2022-04-29,Electronics
6637,59,Other,113728.43,38,2023-02-16,Furniture
6638,53,Other,82694.27,3,2021-11-04,Electronics
6639,40,Female,120358.88,49,2020-11-26,Sports
6640,20,Male,75064.63,10,2022-11-10,Sports
6641,23,Other,67644.78,87,2020-05-12,Clothing
6642,63,Female,121239.19,83,2023-02-16,Clothing
6643,45,Female,35228.83,76,2021-09-23,Clothing
6644,44,Female,41836.64,44,2020-08-03,Sports
6645,19,Male,113793.0,70,2021-06-15,Sports
6646,64,Male,86232.97,87,2021-05-10,Sports
6647,56,Male,64279.41,96,2022-01-30,Grocery
6648,24,Male,59367.09,18,2023-01-04,Grocery
6649,28,Other,97797.93,62,2021-05-31,Electronics
6650,42,Male,145599.08,6,2020-05-11,Clothing
6651,19,Other,38736.42,98,2021-09-06,Grocery
6652,40,Male,33672.02,15,2021-12-27,Clothing
6653,49,Male,25512.03,53,2020-05-15,Sports
6654,37,Female,86077.46,35,2023-01-01,Electronics
6655,42,Male,117286.09,58,2022-02-23,Furniture
6656,22,Male,70568.3,69,2022-11-30,Electronics
6657,35,Female,24799.98,69,2021-09-20,Electronics
6658,22,Female,131676.1,51,2023-01-20,Electronics
6659,60,Male,56724.13,41,2020-05-19,Grocery
6660,54,Male,135564.51,86,2020-12-09,Sports
6661,67,Female,114652.92,50,2021-07-17,Clothing
6662,32,Male,91758.72,17,2021-03-17,Electronics
6663,35,Male,101966.45,89,2021-05-27,Grocery
6664,64,Male,52490.63,83,2022-02-28,Furniture
6665,60,Female,94459.88,9,2021-08-01,Grocery
6666,66,Male,58316.32,71,2022-11-14,Furniture
6667,50,Male,101096.06,29,2022-07-15,Furniture
6668,65,Female,55120.08,2,2023-03-22,Electronics
6669,66,Other,29619.24,97,2022-10-09,Electronics
6670,45,Female,39473.34,35,2021-09-30,Electronics
6671,69,Female,130667.76,72,2023-06-28,Furniture
6672,48,Male,23868.51,96,2021-07-28,Clothing
6673,60,Male,113332.84,84,2020-02-13,Clothing
6674,48,Female,30121.91,52,2023-04-10,Grocery
6675,48,Male,120944.71,54,2020-02-05,Grocery
6676,55,Other,26161.51,69,2023-06-03,Electronics
6677,28,Male,97022.82,78,2021-09-25,Clothing
6678,60,Other,102439.28,60,2020-05-15,Furniture
6679,42,Female,146145.43,92,2021-01-13,Grocery
6680,25,Other,120726.46,12,2022-10-25,Electronics
6681,35,Female,142126.35,11,2022-07-09,Grocery
6682,67,Male,82900.25,37,2021-10-19,Sports
6683,44,Male,124581.66,55,2020-11-17,Grocery
6684,42,Other,109717.27,47,2023-05-27,Grocery
6685,28,Male,108478.11,29,2022-10-09,Electronics
6686,34,Female,133977.96,30,2021-08-03,Electronics
6687,47,Other,71922.63,29,2023-10-15,Grocery
6688,49,Female,24190.84,39,2021-08-01,Grocery
6689,56,Male,55022.36,17,2021-09-17,Furniture
6690,58,Male,70023.91,94,2020-09-01,Grocery
6691,22,Other,54995.09,6,2021-10-27,Grocery
6692,45,Female,36806.77,85,2022-04-18,Grocery
6693,19,Other,54522.11,52,2020-05-15,Clothing
6694,51,Male,49215.21,44,2023-03-08,Clothing
6695,26,Female,122167.11,61,2023-06-05,Grocery
6696,21,Female,41897.65,62,2022-07-10,Electronics
6697,22,Female,38289.89,91,2022-09-30,Sports
6698,43,Other,108767.96,21,2023-03-31,Furniture
6699,54,Male,50899.91,15,2021-08-17,Clothing
6700,58,Male,95141.75,50,2022-06-30,Furniture
6701,40,Other,26325.0,13,2020-08-18,Electronics
6702,65,Male,26978.1,50,2022-03-03,Clothing
6703,52,Male,86874.76,73,2023-09-03,Electronics
6704,59,Male,85200.29,35,2023-12-04,Sports
6705,58,Other,124908.07,81,2021-08-29,Furniture
6706,23,Other,106177.22,52,2021-01-29,Sports
6707,47,Other,95790.45,35,2021-04-08,Electronics
6708,69,Female,84661.89,74,2023-11-09,Electronics
6709,45,Other,91585.26,2,2021-06-05,Sports
6710,50,Male,96108.61,39,2021-01-21,Sports
6711,63,Other,126420.56,97,2020-03-22,Electronics
6712,42,Other,43801.98,40,2021-02-21,Furniture
6713,63,Male,99944.08,89,2021-06-13,Grocery
6714,45,Female,105461.7,35,2022-08-07,Furniture
6715,31,Other,139457.18,49,2022-01-29,Electronics
6716,44,Female,86850.82,55,2022-06-22,Sports
6717,67,Female,35824.62,17,2020-01-30,Electronics
6718,66,Male,56825.47,36,2021-10-13,Furniture
6719,41,Male,136818.23,78,2023-02-27,Sports
6720,59,Other,95349.55,82,2020-02-26,Electronics
6721,38,Female,137712.19,2,2023-12-05,Grocery
6722,39,Other,59672.09,29,2023-11-11,Sports
6723,51,Other,58101.94,49,2021-05-08,Electronics
6724,26,Female,119585.7,21,2023-08-29,Clothing
6725,18,Other,95584.06,22,2022-08-09,Grocery
6726,59,Male,36117.67,33,2022-10-07,Electronics
6727,20,Other,110391.8,6,2021-07-04,Grocery
6728,64,Male,143810.73,83,2020-11-11,Sports
6729,47,Other,106386.27,99,2023-02-25,Sports
6730,58,Male,88668.22,36,2021-03-25,Clothing
6731,39,Female,68653.86,90,2021-10-17,Grocery
6732,25,Female,130178.14,15,2022-08-05,Electronics
6733,22,Female,98025.21,25,2023-07-06,Clothing
6734,38,Male,58675.53,1,2021-04-25,Electronics
6735,24,Other,70868.57,5,2023-05-03,Electronics
6736,65,Other,77517.32,2,2022-02-12,Sports
6737,25,Female,135989.2,98,2023-06-28,Sports
6738,27,Male,47734.18,21,2022-07-12,Sports
6739,29,Female,79919.59,72,2020-09-24,Electronics
6740,25,Female,120056.29,22,2021-10-10,Electronics
6741,24,Male,41964.53,100,2022-09-04,Sports
6742,22,Male,61691.25,65,2022-02-16,Furniture
6743,18,Other,36405.06,100,2022-05-15,Sports
6744,39,Male,95724.47,26,2022-01-10,Grocery
6745,34,Male,38973.98,24,2022-10-06,Sports
6746,67,Male,146196.14,27,2020-09-17,Furniture
6747,45,Other,116878.86,10,2022-11-05,Clothing
6748,36,Male,57898.75,77,2020-11-01,Clothing
6749,44,Male,74270.93,64,2023-12-11,Grocery
6750,58,Male,104000.88,8,2021-08-09,Clothing
6751,25,Female,100567.63,2,2021-09-25,Sports
6752,29,Male,66217.52,67,2023-06-26,Furniture
6753,43,Female,103194.05,46,2022-08-30,Grocery
6754,52,Other,132473.39,10,2022-04-21,Electronics
6755,21,Other,64036.83,36,2023-07-10,Grocery
6756,65,Other,39873.6,91,2022-09-28,Electronics
6757,69,Female,49628.1,65,2021-03-15,Electronics
6758,48,Female,72639.72,31,2021-06-01,Sports
6759,65,Female,129366.24,62,2021-01-05,Clothing
6760,47,Male,134663.61,97,2020-09-19,Grocery
6761,55,Other,96858.3,54,2023-02-11,Sports
6762,46,Other,105828.61,30,2021-03-30,Sports
6763,34,Other,98277.21,89,2023-08-06,Clothing
6764,50,Male,106585.16,70,2023-09-06,Grocery
6765,41,Male,127055.49,89,2021-01-04,Electronics
6766,64,Other,47544.59,97,2023-04-24,Electronics
6767,49,Female,61192.99,78,2022-03-23,Clothing
6768,62,Other,36842.71,42,2022-09-10,Sports
6769,45,Female,107518.28,29,2022-09-22,Clothing
6770,37,Other,70335.67,58,2021-01-07,Clothing
6771,34,Male,138081.06,61,2021-05-16,Clothing
6772,51,Male,141606.25,51,2022-01-01,Sports
6773,35,Other,72680.8,91,2022-11-14,Electronics
6774,25,Male,28027.12,23,2022-11-23,Grocery
6775,43,Male,145394.14,72,2020-02-19,Grocery
6776,59,Male,90472.45,99,2020-06-12,Clothing
6777,26,Male,129432.03,41,2022-05-02,Sports
6778,32,Male,142271.54,93,2020-12-20,Furniture
6779,50,Female,87315.14,84,2022-01-14,Electronics
6780,33,Male,112487.99,15,2023-11-22,Electronics
6781,26,Female,129239.63,22,2020-11-26,Grocery
6782,38,Male,81361.79,14,2021-01-26,Grocery
6783,20,Female,105754.31,61,2023-03-04,Clothing
6784,55,Male,72012.29,63,2021-08-06,Furniture
6785,60,Male,48619.71,22,2021-10-20,Furniture
6786,57,Female,42751.92,32,2020-10-11,Grocery
6787,60,Other,104625.23,19,2021-06-19,Electronics
6788,57,Male,44280.73,53,2023-07-07,Sports
6789,48,Female,55709.3,33,2021-12-31,Electronics
6790,47,Female,28860.78,17,2023-05-21,Furniture
6791,57,Other,146568.13,56,2021-05-02,Furniture
6792,56,Female,81237.86,63,2020-12-04,Sports
6793,57,Male,129964.54,66,2023-07-29,Sports
6794,42,Other,92216.57,49,2023-02-23,Electronics
6795,48,Female,110581.06,57,2021-07-30,Furniture
6796,55,Other,27235.94,82,2022-04-11,Clothing
6797,60,Other,94866.69,78,2020-04-21,Electronics
6798,45,Male,31842.21,72,2023-06-14,Electronics
6799,40,Other,34036.24,79,2023-11-24,Grocery
6800,19,Other,113002.62,85,2020-05-30,Furniture
6801,35,Male,116449.62,67,2020-08-18,Clothing
6802,45,Male,42468.41,3,2021-02-03,Sports
6803,67,Female,133143.96,96,2022-06-12,Electronics
6804,35,Female,120896.25,15,2022-03-04,Sports
6805,39,Male,123931.4,51,2021-11-22,Sports
6806,26,Male,94973.55,1,2023-02-19,Clothing
6807,37,Other,129808.08,89,2020-08-27,Sports
6808,47,Male,71282.8,31,2020-02-17,Clothing
6809,63,Male,45027.97,57,2023-05-14,Sports
6810,44,Other,35748.09,83,2021-04-03,Grocery
6811,39,Other,37796.47,19,2021-01-31,Electronics
6812,33,Female,136648.62,58,2021-05-09,Sports
6813,57,Male,67841.7,80,2022-10-09,Furniture
6814,68,Male,47870.33,89,2021-11-18,Sports
6815,30,Female,139168.86,43,2022-07-30,Grocery
6816,64,Female,109353.34,1,2021-03-01,Sports
6817,51,Male,50394.59,29,2023-12-04,Sports
6818,48,Other,39206.23,26,2022-03-23,Electronics
6819,68,Female,124888.22,68,2022-02-17,Sports
6820,28,Other,128014.51,41,2020-03-05,Grocery
6821,65,Other,138663.01,74,2020-04-07,Furniture
6822,21,Male,147634.35,93,2021-05-06,Electronics
6823,33,Male,73281.78,62,2020-02-29,Clothing
6824,39,Other,69781.76,69,2020-03-31,Furniture
6825,18,Male,129947.24,29,2021-12-22,Furniture
6826,67,Female,144908.02,32,2021-02-04,Sports
6827,48,Male,61259.61,93,2021-09-19,Furniture
6828,56,Other,83226.4,32,2021-09-07,Furniture
6829,60,Male,132656.14,57,2021-04-24,Grocery
6830,56,Female,68237.79,57,2022-03-17,Furniture
6831,45,Male,85378.64,48,2023-10-27,Grocery
6832,49,Female,149824.52,42,2023-07-21,Furniture
6833,37,Male,37894.83,98,2022-04-19,Sports
6834,45,Male,25811.61,84,2020-06-24,Sports
6835,35,Male,30420.25,68,2021-11-12,Electronics
6836,28,Other,52129.49,4,2023-06-05,Clothing
6837,68,Other,134484.79,66,2021-08-03,Grocery
6838,35,Male,148204.99,47,2022-04-30,Sports
6839,34,Other,54340.01,99,2021-06-25,Sports
6840,47,Other,66012.8,55,2022-09-16,Sports
6841,25,Female,98987.51,44,2020-03-18,Grocery
6842,37,Other,144313.64,30,2023-09-04,Sports
6843,69,Female,81033.48,67,2023-12-26,Furniture
6844,49,Male,45353.25,33,2020-10-14,Electronics
6845,49,Other,114756.42,48,2022-09-02,Electronics
6846,56,Male,92695.14,15,2021-10-15,Clothing
6847,49,Other,136350.27,42,2020-07-22,Grocery
6848,68,Female,60213.14,41,2020-03-17,Furniture
6849,67,Male,66353.57,89,2020-07-09,Furniture
6850,35,Other,123070.57,79,2020-05-29,Electronics
6851,46,Male,39840.46,35,2022-05-31,Furniture
6852,57,Male,134222.83,44,2020-03-12,Clothing
6853,24,Male,20098.41,29,2022-02-09,Furniture
6854,52,Other,44242.44,40,2023-08-18,Sports
6855,38,Other,61701.24,10,2021-08-26,Electronics
6856,48,Female,56521.54,67,2022-07-31,Furniture
6857,49,Male,102587.28,72,2021-07-23,Sports
6858,46,Male,29963.72,12,2023-04-13,Grocery
6859,36,Female,93326.34,56,2023-04-28,Clothing
6860,52,Female,64336.67,53,2020-07-07,Sports
6861,41,Other,132886.41,46,2021-01-24,Clothing
6862,63,Other,122849.59,65,2020-02-22,Electronics
6863,31,Male,144694.18,80,2023-09-17,Electronics
6864,25,Other,66694.82,68,2021-04-17,Electronics
6865,18,Female,118550.96,11,2023-01-07,Grocery
6866,27,Female,147924.06,48,2020-04-26,Sports
6867,23,Female,99442.0,12,2022-12-05,Clothing
6868,24,Male,60370.89,9,2023-10-23,Clothing
6869,23,Other,31664.54,13,2021-10-24,Electronics
6870,33,Male,83049.08,76,2023-08-25,Furniture
6871,53,Male,84289.3,52,2022-12-05,Clothing
6872,65,Other,89990.92,2,2021-06-26,Electronics
6873,60,Female,87624.28,95,2023-02-23,Electronics
6874,65,Male,101865.11,89,2022-05-30,Clothing
6875,31,Male,115063.54,6,2023-11-23,Clothing
6876,21,Female,90477.12,52,2023-11-03,Clothing
6877,48,Male,92872.65,86,2021-04-27,Sports
6878,63,Other,29334.07,49,2020-05-08,Electronics
6879,59,Female,70567.4,55,2020-06-30,Clothing
6880,47,Female,75408.08,25,2022-12-06,Grocery
6881,27,Male,121540.87,8,2020-03-29,Furniture
6882,39,Other,95561.73,99,2020-11-27,Sports
6883,35,Female,123627.23,71,2023-03-30,Clothing
6884,37,Male,147027.81,60,2020-03-22,Furniture
6885,51,Male,124350.76,100,2023-09-11,Furniture
6886,18,Other,102270.18,43,2023-07-30,Sports
6887,27,Female,36506.72,50,2023-10-07,Electronics
6888,48,Male,50235.78,36,2020-07-14,Sports
6889,34,Male,81465.11,63,2022-12-22,Electronics
6890,50,Male,105723.71,96,2020-09-30,Clothing
6891,55,Female,131927.98,23,2023-06-23,Grocery
6892,53,Male,80193.52,50,2023-12-17,Electronics
6893,25,Other,22501.5,56,2023-07-14,Sports
6894,38,Male,133402.34,31,2020-11-01,Grocery
6895,67,Other,30550.88,66,2020-01-15,Furniture
6896,58,Male,102741.35,19,2021-12-01,Sports
6897,33,Male,27434.5,42,2022-02-03,Furniture
6898,35,Female,22495.02,67,2020-12-31,Clothing
6899,60,Male,31680.07,58,2022-03-16,Sports
6900,60,Other,130816.24,29,2021-03-16,Furniture
6901,52,Male,123364.67,18,2020-10-23,Clothing
6902,61,Other,69582.85,75,2020-07-03,Sports
6903,50,Other,149899.59,20,2021-08-10,Electronics
6904,58,Female,45630.61,49,2022-11-14,Sports
6905,19,Female,102766.22,76,2023-12-13,Furniture
6906,43,Male,133983.29,60,2021-08-29,Electronics
6907,23,Female,112253.8,13,2023-12-31,Furniture
6908,63,Other,139858.0,73,2022-05-13,Furniture
6909,56,Other,85574.69,36,2022-04-29,Furniture
6910,58,Male,100664.81,66,2023-06-23,Sports
6911,49,Other,98126.21,61,2022-01-20,Grocery
6912,61,Male,21827.94,70,2023-12-04,Electronics
6913,41,Female,85187.45,51,2020-06-05,Sports
6914,26,Other,131408.2,73,2021-01-11,Furniture
6915,28,Other,142132.79,41,2021-07-22,Sports
6916,47,Other,29569.64,15,2021-12-30,Furniture
6917,69,Female,25287.6,93,2023-12-17,Furniture
6918,29,Other,45685.05,64,2020-08-18,Electronics
6919,59,Male,46747.26,39,2023-04-08,Furniture
6920,46,Male,21830.02,42,2021-05-04,Furniture
6921,53,Male,72125.68,98,2022-05-05,Clothing
6922,43,Male,60473.26,46,2022-05-14,Sports
6923,56,Other,137224.06,43,2020-03-22,Furniture
6924,42,Female,146352.11,70,2022-04-29,Grocery
6925,62,Other,62764.56,77,2022-10-15,Grocery
6926,47,Female,59000.02,46,2023-05-31,Electronics
6927,52,Male,107893.85,99,2023-09-17,Sports
6928,47,Other,132942.29,80,2022-02-16,Clothing
6929,25,Other,60273.93,45,2022-12-28,Clothing
6930,58,Male,46427.06,90,2021-12-05,Grocery
6931,48,Female,27760.6,9,2023-06-19,Grocery
6932,36,Male,102463.18,34,2020-11-30,Sports
6933,34,Other,29242.37,64,2023-08-23,Furniture
6934,66,Female,106365.33,66,2021-09-23,Electronics
6935,26,Other,135152.55,59,2020-09-02,Grocery
6936,46,Male,111522.85,23,2021-02-18,Clothing
6937,22,Female,112442.85,68,2020-09-15,Sports
6938,32,Male,118462.68,3,2020-02-07,Furniture
6939,32,Male,44708.45,94,2020-12-04,Sports
6940,51,Male,97644.59,29,2021-03-08,Grocery
6941,33,Other,119422.15,1,2022-05-01,Clothing
6942,42,Male,29894.48,51,2021-02-08,Electronics
6943,31,Female,136457.59,37,2020-03-05,Electronics
6944,58,Female,24374.19,35,2022-04-22,Clothing
6945,48,Male,58563.64,18,2020-04-14,Grocery
6946,30,Female,114453.72,42,2023-10-10,Furniture
6947,52,Male,131940.25,68,2021-10-11,Grocery
6948,31,Male,110345.43,25,2022-10-24,Furniture
6949,44,Other,102122.86,92,2020-11-05,Furniture
6950,59,Female,98272.0,96,2020-01-26,Sports
6951,63,Female,77534.65,68,2023-04-06,Sports
6952,18,Male,31928.97,33,2023-04-02,Furniture
6953,27,Other,44294.58,99,2020-03-11,Electronics
6954,50,Male,103410.35,77,2021-08-15,Furniture
6955,23,Male,86122.23,86,2021-12-14,Grocery
6956,40,Other,41869.1,100,2023-05-16,Grocery
6957,54,Female,142445.25,40,2020-02-18,Grocery
6958,65,Other,136221.27,56,2020-07-18,Furniture
6959,52,Male,43034.2,46,2021-11-05,Grocery
6960,47,Female,58293.97,36,2020-08-16,Clothing
6961,21,Female,113976.94,26,2022-09-13,Clothing
6962,41,Male,30985.96,11,2023-10-05,Grocery
6963,65,Other,126742.92,73,2020-06-06,Electronics
6964,34,Female,51659.7,25,2020-02-17,Electronics
6965,55,Male,121502.03,63,2020-04-02,Clothing
6966,55,Other,38327.65,31,2023-05-11,Clothing
6967,37,Other,85807.62,93,2020-06-13,Grocery
6968,20,Female,39608.67,72,2020-01-14,Clothing
6969,47,Female,50279.17,18,2022-12-06,Furniture
6970,26,Female,68042.95,44,2022-11-25,Electronics
6971,39,Male,99199.06,81,2021-07-03,Furniture
6972,51,Female,138422.28,38,2021-08-25,Grocery
6973,28,Other,97018.3,40,2020-02-01,Grocery
6974,56,Female,55989.87,6,2020-10-14,Furniture
6975,37,Female,139994.28,45,2021-05-15,Sports
6976,66,Other,67212.43,46,2021-01-30,Furniture
6977,25,Male,90066.81,69,2021-10-29,Clothing
6978,53,Other,36445.43,16,2020-08-22,Grocery
6979,55,Other,102377.23,79,2021-11-21,Sports
6980,52,Other,43294.91,49,2022-05-05,Electronics
6981,52,Female,107047.82,86,2021-09-30,Clothing
6982,45,Female,75741.86,72,2022-03-01,Furniture
6983,61,Other,118635.87,24,2023-06-16,Sports
6984,54,Female,38545.37,87,2021-01-17,Grocery
6985,41,Other,20232.93,3,2021-06-02,Electronics
6986,67,Other,86330.48,81,2023-06-11,Grocery
6987,44,Female,65105.08,31,2021-01-28,Clothing
6988,28,Female,66356.65,32,2020-08-19,Sports
6989,31,Male,148592.74,66,2021-09-02,Clothing
6990,18,Female,102942.83,82,2022-12-13,Furniture
6991,62,Other,74712.43,45,2023-01-27,Clothing
6992,31,Male,20977.01,2,2020-09-08,Sports
6993,28,Female,110982.69,75,2022-04-24,Sports
6994,59,Male,33996.66,15,2021-10-19,Clothing
6995,45,Other,40143.63,33,2022-12-02,Furniture
6996,38,Other,32321.48,12,2022-01-28,Furniture
6997,30,Other,129224.85,15,2023-10-08,Electronics
6998,30,Male,26246.87,27,2021-08-03,Furniture
6999,33,Female,63593.43,58,2020-10-28,Furniture
7000,42,Male,50794.17,51,2023-02-28,Grocery
7001,52,Other,145468.81,67,2023-07-07,Electronics
7002,60,Female,44857.49,43,2021-02-04,Electronics
7003,53,Male,75150.88,33,2020-04-06,Furniture
7004,47,Other,102714.45,66,2020-08-21,Grocery
7005,53,Female,69471.72,61,2020-11-27,Electronics
7006,24,Other,148092.31,89,2020-02-21,Sports
7007,28,Other,21716.64,81,2020-09-30,Grocery
7008,34,Male,90372.98,93,2022-10-31,Furniture
7009,65,Female,61350.92,99,2023-04-19,Clothing
7010,64,Other,107371.54,67,2023-01-05,Sports
7011,66,Other,135729.86,66,2022-09-13,Sports
7012,60,Male,49090.97,2,2022-06-19,Grocery
7013,33,Other,83332.91,18,2021-09-19,Sports
7014,40,Other,38244.7,68,2021-02-05,Clothing
7015,45,Other,138262.43,71,2022-05-27,Grocery
7016,58,Other,25716.66,12,2023-10-21,Clothing
7017,47,Other,148007.41,25,2022-06-09,Clothing
7018,43,Female,104513.94,13,2021-12-25,Sports
7019,55,Other,131424.91,28,2022-09-14,Clothing
7020,45,Female,23940.06,8,2022-11-25,Clothing
7021,54,Other,53355.58,94,2022-07-09,Clothing
7022,36,Other,30304.75,60,2022-07-17,Clothing
7023,20,Male,118258.75,99,2021-01-21,Furniture
7024,54,Female,28846.68,84,2020-05-03,Sports
7025,23,Male,85830.93,81,2022-04-26,Clothing
7026,19,Female,125818.03,64,2021-08-09,Grocery
7027,30,Female,61133.91,94,2020-03-29,Sports
7028,34,Male,47874.0,48,2020-08-30,Electronics
7029,69,Male,96953.83,62,2021-12-15,Sports
7030,23,Male,72208.79,2,2020-07-13,Clothing
7031,43,Female,44126.75,28,2022-04-12,Clothing
7032,30,Female,49438.08,69,2020-07-18,Electronics
7033,22,Female,36118.62,65,2021-07-06,Grocery
7034,69,Female,101764.65,3,2023-07-15,Grocery
7035,56,Female,72947.7,85,2020-01-08,Sports
7036,50,Male,114702.58,16,2022-04-17,Clothing
7037,45,Other,32429.96,42,2023-04-02,Sports
7038,35,Male,108078.53,33,2021-11-24,Electronics
7039,42,Male,47541.06,71,2021-05-05,Grocery
7040,22,Other,26020.43,18,2023-12-19,Grocery
7041,37,Other,54500.25,82,2023-01-12,Grocery
7042,20,Other,135245.6,98,2023-12-31,Furniture
7043,45,Other,125442.17,50,2022-06-27,Clothing
7044,62,Other,126844.88,40,2022-09-30,Furniture
7045,27,Male,23370.29,26,2022-09-25,Clothing
7046,26,Other,121421.91,74,2022-06-10,Sports
7047,27,Other,69358.01,14,2023-07-17,Grocery
7048,63,Other,109139.08,92,2022-03-02,Electronics
7049,41,Other,71569.46,58,2022-06-11,Furniture
7050,54,Female,117139.07,1,2023-11-01,Electronics
7051,36,Female,23042.5,31,2020-03-27,Sports
7052,65,Male,33428.92,65,2020-05-05,Grocery
7053,55,Male,88181.71,84,2021-01-21,Electronics
7054,41,Female,112558.52,6,2023-03-06,Furniture
7055,23,Female,36867.73,68,2020-06-08,Furniture
7056,63,Other,113815.1,57,2021-02-25,Sports
7057,68,Male,136006.15,47,2023-06-10,Electronics
7058,22,Female,96356.38,85,2023-06-24,Electronics
7059,60,Male,91238.01,75,2020-07-20,Furniture
7060,63,Female,40563.56,60,2022-09-16,Sports
7061,45,Male,63236.86,67,2022-10-03,Grocery
7062,54,Female,57776.11,58,2020-05-23,Furniture
7063,19,Other,120907.02,79,2020-05-03,Clothing
7064,38,Female,102726.76,60,2022-11-23,Clothing
7065,19,Other,56904.07,93,2023-11-05,Furniture
7066,31,Other,133635.98,81,2023-05-01,Sports
7067,27,Female,132964.37,28,2020-11-15,Grocery
7068,27,Other,65589.28,8,2021-05-17,Sports
7069,36,Male,58948.46,97,2020-05-28,Electronics
7070,66,Male,54581.08,18,2020-08-27,Electronics
7071,68,Other,110286.97,34,2023-03-26,Electronics
7072,42,Female,135996.62,33,2022-05-09,Sports
7073,28,Other,83318.1,41,2020-01-12,Sports
7074,64,Male,41433.21,29,2022-12-28,Grocery
7075,65,Male,147518.5,39,2022-05-16,Furniture
7076,18,Female,79361.13,76,2022-01-27,Sports
7077,59,Other,135514.34,99,2020-09-13,Sports
7078,29,Other,34271.18,15,2023-10-12,Furniture
7079,20,Male,125891.2,74,2020-03-27,Grocery
7080,37,Other,29605.49,100,2021-03-19,Furniture
7081,53,Female,129585.58,43,2021-10-07,Clothing
7082,34,Other,40185.08,64,2021-09-12,Grocery
7083,35,Other,134849.71,15,2021-05-24,Grocery
7084,40,Female,58546.11,43,2022-11-25,Sports
7085,42,Male,21969.77,100,2022-06-03,Furniture
7086,47,Male,140802.33,31,2021-06-15,Clothing
7087,59,Female,94238.68,38,2023-03-18,Furniture
7088,68,Other,56337.13,60,2021-04-27,Electronics
7089,40,Other,134536.13,33,2023-01-04,Grocery
7090,22,Male,66454.25,18,2022-08-29,Furniture
7091,22,Male,142375.34,22,2020-09-23,Electronics
7092,22,Female,46354.94,96,2022-10-10,Sports
7093,40,Other,90218.39,27,2022-12-13,Electronics
7094,68,Female,126293.26,6,2020-03-22,Grocery
7095,68,Female,141629.0,56,2022-12-01,Grocery
7096,36,Male,113773.4,36,2023-07-01,Sports
7097,64,Female,25622.34,24,2021-02-01,Electronics
7098,57,Other,143095.11,27,2020-11-08,Electronics
7099,56,Other,47304.94,39,2023-02-10,Electronics
7100,40,Male,121901.79,37,2022-03-02,Furniture
7101,20,Other,93116.9,67,2023-03-14,Sports
7102,29,Female,28369.87,96,2023-12-12,Sports
7103,39,Male,148019.3,38,2022-09-29,Clothing
7104,39,Male,74460.78,23,2023-04-11,Sports
7105,20,Female,144998.7,41,2020-04-03,Furniture
7106,42,Other,132915.77,78,2023-02-01,Grocery
7107,19,Other,142391.51,98,2022-11-30,Electronics
7108,53,Male,36606.66,96,2023-11-29,Furniture
7109,19,Other,56125.62,100,2020-11-17,Clothing
7110,18,Male,87833.82,55,2023-04-09,Electronics
7111,58,Female,31965.65,86,2022-02-25,Furniture
7112,35,Male,91972.95,17,2022-12-10,Electronics
7113,58,Female,118761.81,83,2022-07-25,Clothing
7114,69,Female,34354.22,58,2023-10-16,Clothing
7115,61,Other,39386.58,81,2020-09-06,Sports
7116,59,Other,113432.65,36,2023-01-16,Clothing
7117,35,Male,35677.29,58,2021-09-10,Furniture
7118,52,Male,28331.22,45,2022-10-04,Grocery
7119,43,Other,29040.32,66,2020-03-11,Electronics
7120,67,Female,64282.96,51,2021-11-10,Furniture
7121,28,Other,71108.49,33,2020-09-07,Sports
7122,46,Female,90423.93,53,2021-04-28,Grocery
7123,31,Female,93574.44,89,2023-04-24,Grocery
7124,65,Male,106379.28,66,2021-09-21,Sports
7125,57,Other,139317.09,37,2021-06-07,Clothing
7126,29,Male,104364.88,9,2023-02-27,Sports
7127,56,Other,100836.02,11,2022-11-20,Sports
7128,22,Male,30849.18,88,2021-05-09,Electronics
7129,69,Other,127770.62,61,2023-02-19,Grocery
7130,53,Other,110777.55,36,2020-09-07,Sports
7131,26,Male,28658.07,80,2020-09-05,Furniture
7132,39,Male,70743.1,15,2023-02-24,Electronics
7133,62,Female,96038.92,81,2022-04-25,Clothing
7134,63,Male,106433.11,25,2021-04-18,Clothing
7135,42,Female,108357.04,67,2021-03-28,Electronics
7136,49,Male,54173.64,26,2022-02-28,Grocery
7137,69,Male,148988.37,90,2021-01-03,Sports
7138,69,Female,47595.99,67,2020-05-29,Sports
7139,52,Male,23541.77,81,2022-09-04,Grocery
7140,31,Male,95054.39,20,2022-08-05,Clothing
7141,26,Other,143065.42,68,2023-10-28,Furniture
7142,68,Male,71905.7,43,2023-06-27,Electronics
7143,69,Female,73549.97,53,2021-10-06,Electronics
7144,59,Other,74351.19,86,2022-02-18,Clothing
7145,50,Female,107158.56,90,2021-01-06,Electronics
7146,30,Male,145909.33,5,2022-10-29,Grocery
7147,21,Female,76218.7,21,2020-11-30,Furniture
7148,53,Female,129031.66,76,2023-02-07,Grocery
7149,26,Female,98565.84,50,2020-09-30,Clothing
7150,28,Other,121698.49,44,2023-10-09,Electronics
7151,39,Other,139288.08,48,2021-08-20,Sports
7152,63,Male,92935.69,7,2020-03-26,Electronics
7153,34,Other,116834.84,69,2021-04-08,Electronics
7154,18,Other,78243.53,63,2020-01-21,Furniture
7155,49,Male,103075.7,21,2023-03-29,Electronics
7156,63,Male,67057.99,48,2022-03-10,Furniture
7157,43,Male,138487.94,95,2020-01-05,Furniture
7158,27,Other,115854.94,16,2023-09-02,Sports
7159,39,Female,75865.28,40,2023-08-10,Clothing
7160,47,Female,48296.25,54,2020-03-15,Furniture
7161,65,Male,36339.45,87,2023-02-24,Furniture
7162,63,Other,120264.88,24,2020-10-29,Electronics
7163,41,Female,142946.49,9,2021-05-28,Clothing
7164,27,Male,69951.38,3,2020-09-27,Furniture
7165,22,Male,53950.94,91,2020-03-22,Electronics
7166,44,Other,42992.44,44,2023-01-24,Furniture
7167,53,Male,78073.51,15,2020-02-28,Furniture
7168,65,Other,103756.97,1,2020-07-19,Electronics
7169,22,Male,147738.53,29,2021-11-01,Electronics
7170,24,Female,134058.79,21,2022-10-21,Grocery
7171,60,Female,34221.79,36,2022-12-16,Sports
7172,41,Male,59307.95,50,2021-11-04,Electronics
7173,35,Male,105124.03,38,2022-03-08,Sports
7174,38,Other,36043.36,45,2021-10-20,Electronics
7175,19,Female,58833.53,63,2020-12-17,Grocery
7176,37,Other,59326.87,50,2022-08-08,Clothing
7177,31,Other,56053.3,51,2023-12-18,Sports
7178,18,Male,83962.1,77,2021-10-27,Clothing
7179,63,Female,69913.42,18,2020-03-14,Clothing
7180,64,Female,36584.97,99,2021-12-16,Furniture
7181,39,Male,112688.02,24,2022-12-17,Clothing
7182,27,Other,67052.15,84,2021-11-18,Electronics
7183,27,Female,143721.21,7,2023-04-27,Sports
7184,55,Female,110425.68,74,2021-03-19,Furniture
7185,58,Female,81970.05,53,2020-12-30,Sports
7186,43,Male,130992.42,9,2020-01-03,Clothing
7187,46,Other,27924.47,13,2022-10-13,Electronics
7188,35,Female,139331.76,75,2022-02-06,Clothing
7189,46,Male,29795.15,71,2020-02-10,Clothing
7190,52,Other,110117.59,74,2023-08-05,Sports
7191,64,Male,26032.13,3,2022-05-30,Furniture
7192,60,Female,29359.7,8,2023-06-28,Sports
7193,23,Female,149425.97,21,2022-11-28,Furniture
7194,31,Female,141813.16,84,2020-01-13,Grocery
7195,21,Female,124788.3,66,2023-08-16,Furniture
7196,29,Male,49261.85,40,2021-09-04,Furniture
7197,40,Male,45494.99,71,2022-12-11,Sports
7198,66,Female,80031.05,61,2023-11-24,Sports
7199,40,Female,90801.39,31,2023-11-17,Sports
7200,43,Male,132191.97,19,2022-10-11,Furniture
7201,22,Female,35115.68,67,2022-01-10,Clothing
7202,25,Male,137136.02,57,2022-09-23,Clothing
7203,36,Male,55798.29,57,2022-08-22,Grocery
7204,28,Male,135465.93,24,2021-08-31,Clothing
7205,32,Female,22326.87,92,2022-10-19,Furniture
7206,52,Female,83716.75,70,2023-03-21,Electronics
7207,57,Male,87276.87,26,2023-10-18,Clothing
7208,55,Female,131829.14,13,2023-06-16,Grocery
7209,48,Female,110293.88,65,2022-09-14,Furniture
7210,57,Female,29120.23,90,2020-01-01,Sports
7211,64,Male,105288.34,35,2021-04-14,Sports
7212,53,Male,71232.01,75,2022-03-19,Electronics
7213,18,Other,101838.36,35,2022-11-15,Clothing
7214,63,Male,145645.8,42,2020-04-25,Furniture
7215,68,Female,74619.24,72,2022-02-04,Sports
7216,29,Female,135417.4,6,2020-09-29,Clothing
7217,43,Female,29858.55,98,2020-09-28,Furniture
7218,48,Other,125070.48,38,2023-08-15,Grocery
7219,66,Male,43060.3,20,2021-06-01,Electronics
7220,58,Female,139557.44,30,2023-12-26,Furniture
7221,63,Female,101211.22,51,2021-03-17,Sports
7222,65,Male,118277.75,95,2023-01-20,Grocery
7223,22,Male,143746.83,12,2023-05-10,Electronics
7224,27,Female,143881.25,30,2021-09-04,Sports
7225,26,Female,92146.41,49,2023-08-14,Clothing
7226,42,Other,140321.87,31,2020-09-05,Sports
7227,29,Male,107705.01,2,2021-05-18,Grocery
7228,60,Male,116243.97,58,2022-06-28,Electronics
7229,29,Other,127312.02,47,2021-09-22,Electronics
7230,38,Other,55070.28,25,2020-08-07,Clothing
7231,66,Male,132694.42,87,2020-08-01,Grocery
7232,44,Male,39868.37,75,2020-11-06,Electronics
7233,61,Other,132735.38,4,2022-03-15,Grocery
7234,36,Female,123274.25,35,2023-08-19,Sports
7235,57,Other,45915.14,43,2020-12-20,Electronics
7236,39,Male,140645.59,66,2020-02-23,Grocery
7237,19,Male,66546.86,31,2020-02-07,Grocery
7238,36,Female,71565.75,63,2022-06-08,Electronics
7239,19,Male,60935.44,44,2020-10-04,Grocery
7240,54,Female,23262.23,86,2020-07-07,Grocery
7241,42,Female,21592.9,37,2022-02-25,Clothing
7242,54,Male,32644.17,41,2020-01-25,Sports
7243,50,Male,98925.24,92,2022-10-15,Sports
7244,19,Female,115005.16,100,2020-11-18,Clothing
7245,23,Male,43733.26,86,2020-02-13,Electronics
7246,59,Female,52768.32,3,2021-02-09,Grocery
7247,61,Male,119901.87,68,2021-05-16,Grocery
7248,64,Male,50811.95,41,2020-01-03,Furniture
7249,49,Female,78169.03,47,2023-03-11,Clothing
7250,21,Male,136131.07,68,2023-10-08,Electronics
7251,56,Female,35968.11,35,2021-12-01,Sports
7252,32,Other,145327.39,15,2022-03-04,Clothing
7253,58,Other,50238.69,65,2023-03-20,Furniture
7254,24,Female,141774.48,11,2022-06-03,Sports
7255,29,Other,82013.85,96,2022-10-11,Sports
7256,53,Female,146873.06,18,2023-04-14,Electronics
7257,63,Other,95832.39,25,2023-06-20,Sports
7258,63,Other,44943.71,31,2023-08-22,Grocery
7259,48,Male,27836.28,84,2022-04-20,Grocery
7260,24,Male,43550.13,83,2021-05-12,Furniture
7261,42,Other,94879.57,97,2020-11-03,Furniture
7262,19,Other,27444.4,37,2020-07-28,Furniture
7263,40,Other,105956.36,25,2023-11-10,Furniture
7264,19,Male,59545.64,55,2023-02-08,Sports
7265,25,Female,22418.75,44,2022-10-10,Grocery
7266,30,Female,46276.35,29,2021-09-07,Furniture
7267,61,Male,85565.83,47,2023-12-05,Clothing
7268,54,Female,64810.63,74,2023-06-12,Electronics
7269,18,Other,125674.3,43,2020-11-28,Sports
7270,30,Female,72671.14,99,2020-07-24,Clothing
7271,31,Other,103369.73,47,2021-03-16,Sports
7272,32,Male,141877.7,90,2020-06-14,Clothing
7273,29,Male,100211.02,54,2023-12-03,Furniture
7274,44,Other,89427.48,50,2020-10-12,Sports
7275,69,Female,91425.23,63,2020-07-19,Furniture
7276,33,Male,71749.18,82,2021-05-29,Electronics
7277,33,Female,50929.31,15,2023-08-02,Clothing
7278,45,Male,44715.93,44,2020-09-15,Electronics
7279,20,Female,23666.12,11,2022-11-26,Sports
7280,22,Female,56267.7,58,2021-02-12,Grocery
7281,21,Male,131446.79,30,2021-02-03,Sports
7282,53,Other,95126.58,58,2021-06-25,Grocery
7283,56,Male,83117.27,95,2021-02-25,Furniture
7284,39,Female,91347.24,72,2022-01-14,Sports
7285,24,Female,91883.26,51,2021-06-23,Clothing
7286,45,Female,148899.36,66,2023-07-05,Electronics
7287,23,Male,94372.48,81,2021-03-17,Sports
7288,44,Male,104119.8,40,2020-12-26,Sports
7289,33,Male,102364.07,99,2023-10-10,Sports
7290,31,Other,72402.8,41,2022-10-18,Sports
7291,62,Male,143282.55,81,2022-12-14,Electronics
7292,26,Other,31598.21,36,2020-04-15,Grocery
7293,40,Other,51645.72,27,2023-08-12,Clothing
7294,36,Female,61650.73,30,2023-05-19,Electronics
7295,24,Female,139732.92,4,2021-04-19,Grocery
7296,37,Male,28728.05,96,2020-09-07,Clothing
7297,39,Other,90042.94,52,2021-08-06,Furniture
7298,22,Female,120552.52,82,2022-05-28,Furniture
7299,28,Female,110456.26,11,2023-04-25,Electronics
7300,67,Other,92024.19,72,2021-01-18,Clothing
7301,50,Other,80416.93,66,2020-11-15,Sports
7302,37,Female,106803.0,70,2020-01-03,Clothing
7303,36,Female,60422.55,1,2021-02-20,Furniture
7304,18,Female,100287.96,81,2023-10-11,Sports
7305,40,Male,139862.73,32,2022-10-29,Clothing
7306,40,Female,39370.94,31,2021-02-02,Grocery
7307,20,Female,34227.67,37,2020-11-28,Furniture
7308,53,Female,146664.5,18,2023-12-28,Sports
7309,36,Other,40751.7,63,2021-04-18,Electronics
7310,41,Female,41647.01,98,2023-04-10,Sports
7311,61,Other,87071.18,17,2020-09-03,Clothing
7312,31,Other,52109.98,21,2020-05-27,Clothing
7313,32,Male,124717.33,71,2020-06-19,Grocery
7314,46,Male,70515.22,54,2022-01-31,Furniture
7315,24,Other,34919.51,90,2020-07-05,Furniture
7316,25,Other,56257.3,78,2022-08-07,Clothing
7317,44,Female,120153.25,39,2020-05-10,Electronics
7318,63,Female,124165.66,16,2022-01-08,Electronics
7319,29,Female,61129.17,82,2022-02-27,Furniture
7320,50,Other,81252.48,85,2021-12-22,Grocery
7321,66,Male,92024.26,9,2021-07-22,Grocery
7322,36,Female,143471.74,79,2020-08-28,Grocery
7323,18,Female,45445.32,28,2022-12-03,Electronics
7324,49,Male,146421.67,52,2020-11-01,Electronics
7325,46,Male,139136.39,41,2023-03-08,Grocery
7326,58,Female,105601.45,34,2020-11-23,Furniture
7327,41,Male,108684.58,51,2021-06-19,Sports
7328,36,Female,135932.6,5,2021-11-20,Grocery
7329,22,Male,104686.43,11,2022-09-06,Grocery
7330,50,Other,139054.45,48,2023-05-24,Sports
7331,24,Male,135369.55,62,2022-05-15,Grocery
7332,30,Male,105125.14,95,2023-10-25,Grocery
7333,18,Male,36166.29,47,2020-02-29,Electronics
7334,50,Female,49807.74,10,2020-07-19,Sports
7335,58,Female,35013.82,44,2020-07-19,Sports
7336,29,Other,28216.6,1,2022-07-19,Electronics
7337,20,Other,111938.0,53,2021-04-19,Furniture
7338,57,Male,99143.9,92,2022-01-10,Clothing
7339,68,Male,30495.13,23,2021-09-14,Clothing
7340,36,Male,31918.42,49,2020-07-25,Furniture
7341,60,Female,112419.08,37,2020-11-05,Clothing
7342,64,Male,77036.39,12,2023-06-19,Clothing
7343,50,Male,56588.18,70,2020-05-29,Grocery
7344,47,Female,121561.84,9,2023-02-23,Furniture
7345,44,Male,72758.99,71,2023-04-08,Electronics
7346,46,Other,32129.85,6,2023-09-05,Clothing
7347,54,Other,94429.71,55,2021-09-20,Sports
7348,29,Male,106321.97,14,2020-03-19,Clothing
7349,43,Other,122785.02,74,2021-09-29,Furniture
7350,42,Male,93602.35,30,2021-11-04,Furniture
7351,64,Other,69882.68,45,2020-01-26,Grocery
7352,21,Female,124055.9,56,2021-01-09,Grocery
7353,25,Male,97732.2,2,2021-09-13,Furniture
7354,31,Other,136985.09,51,2020-04-12,Electronics
7355,44,Other,136141.69,12,2021-02-15,Clothing
7356,47,Female,27375.23,100,2022-10-24,Furniture
7357,46,Female,59480.41,96,2022-01-31,Furniture
7358,39,Male,127772.39,73,2023-05-09,Clothing
7359,28,Other,88235.9,9,2021-01-31,Clothing
7360,42,Other,57825.83,10,2021-06-26,Clothing
7361,32,Male,134423.2,79,2021-06-07,Sports
7362,19,Male,35704.67,56,2020-05-02,Furniture
7363,21,Male,109574.72,30,2021-05-25,Electronics
7364,67,Other,85143.65,91,2022-05-02,Grocery
7365,19,Female,149686.82,29,2021-11-20,Electronics
7366,21,Other,69260.74,87,2023-10-07,Sports
7367,22,Other,130048.46,26,2022-11-13,Electronics
7368,55,Male,25444.57,55,2022-06-30,Furniture
7369,62,Female,148729.29,55,2022-12-06,Sports
7370,65,Male,29686.61,8,2020-10-18,Clothing
7371,52,Male,109004.01,98,2021-01-18,Clothing
7372,43,Female,29082.23,53,2020-11-28,Clothing
7373,26,Male,64630.03,7,2022-09-10,Furniture
7374,18,Male,56725.15,1,2022-07-21,Furniture
7375,57,Other,82107.46,49,2020-07-02,Grocery
7376,30,Other,96352.92,83,2023-10-24,Grocery
7377,67,Other,45946.38,21,2020-06-29,Furniture
7378,57,Female,61373.91,64,2020-08-06,Electronics
7379,41,Female,46743.22,48,2022-02-11,Furniture
7380,38,Female,74611.33,30,2021-12-06,Furniture
7381,44,Female,94281.43,12,2020-01-14,Furniture
7382,35,Other,120021.64,74,2020-01-13,Grocery
7383,22,Male,85340.69,25,2022-10-27,Grocery
7384,25,Female,109838.81,77,2023-02-01,Sports
7385,53,Female,73163.78,72,2021-02-15,Electronics
7386,48,Female,45697.07,47,2020-02-08,Furniture
7387,48,Other,62282.66,49,2021-02-17,Clothing
7388,52,Male,30044.32,19,2022-08-15,Sports
7389,26,Female,31373.83,15,2023-04-01,Clothing
7390,64,Female,73398.71,10,2020-07-20,Electronics
7391,23,Male,91191.71,49,2020-08-15,Grocery
7392,53,Male,100395.4,91,2021-09-01,Clothing
7393,69,Male,82696.6,14,2020-08-19,Grocery
7394,20,Male,113341.5,81,2021-05-17,Clothing
7395,43,Female,87218.57,62,2021-02-06,Electronics
7396,34,Female,96810.83,50,2023-04-02,Furniture
7397,21,Male,57645.9,29,2023-01-23,Furniture
7398,37,Male,61912.44,3,2020-04-21,Furniture
7399,46,Male,125124.26,12,2023-06-09,Clothing
7400,34,Male,81559.01,68,2021-06-13,Furniture
7401,33,Male,92570.31,96,2021-06-08,Sports
7402,50,Female,99012.07,16,2022-03-15,Sports
7403,68,Male,44600.8,94,2021-11-26,Furniture
7404,67,Female,29072.7,55,2021-06-02,Electronics
7405,19,Female,146968.17,85,2020-01-22,Sports
7406,59,Other,88468.43,58,2023-02-25,Grocery
7407,48,Other,138978.58,13,2023-04-01,Electronics
7408,20,Male,31148.33,43,2021-09-10,Electronics
7409,20,Other,84617.48,5,2020-11-26,Furniture
7410,37,Female,55661.27,8,2020-02-09,Sports
7411,31,Other,82200.78,56,2021-04-23,Furniture
7412,45,Female,32258.67,90,2020-09-11,Furniture
7413,45,Female,110393.87,72,2021-11-27,Grocery
7414,59,Other,69861.38,81,2023-11-18,Clothing
7415,46,Other,144273.05,69,2021-04-03,Sports
7416,19,Female,51651.12,8,2022-03-22,Electronics
7417,21,Male,124132.91,56,2022-03-07,Furniture
7418,31,Male,144311.58,76,2020-07-29,Sports
7419,35,Other,70911.8,87,2023-06-01,Furniture
7420,51,Other,147138.28,90,2022-02-14,Grocery
7421,51,Other,35640.23,83,2021-12-04,Sports
7422,58,Other,134469.29,34,2021-02-01,Sports
7423,20,Female,122857.51,18,2023-07-03,Electronics
7424,20,Female,21554.25,29,2022-10-28,Furniture
7425,50,Male,116397.1,26,2021-05-30,Sports
7426,61,Female,47594.86,33,2022-03-27,Sports
7427,22,Male,47286.28,2,2022-01-18,Sports
7428,39,Other,51637.58,65,2020-09-06,Furniture
7429,31,Female,81376.65,4,2021-08-14,Furniture
7430,47,Male,132867.09,72,2020-12-20,Grocery
7431,38,Male,112335.44,11,2020-04-25,Clothing
7432,53,Female,127545.08,17,2020-12-29,Clothing
7433,52,Other,65443.68,67,2021-05-24,Furniture
7434,18,Other,135109.57,60,2020-02-03,Electronics
7435,19,Male,74863.3,65,2022-03-11,Furniture
7436,30,Male,125491.0,2,2020-09-03,Furniture
7437,47,Male,124961.62,11,2020-12-17,Electronics
7438,61,Female,134530.54,89,2021-06-19,Furniture
7439,68,Male,129168.41,17,2022-01-30,Sports
7440,66,Male,27566.14,29,2021-07-03,Furniture
7441,52,Other,54651.93,23,2020-03-26,Electronics
7442,43,Male,37579.32,51,2021-10-12,Clothing
7443,31,Female,26848.71,54,2020-03-24,Clothing
7444,34,Female,91172.46,16,2021-01-14,Grocery
7445,43,Male,144059.25,14,2021-08-05,Furniture
7446,61,Male,106170.34,93,2020-09-10,Sports
7447,32,Other,71233.65,69,2020-02-16,Clothing
7448,46,Male,69863.65,71,2020-04-01,Grocery
7449,62,Male,21124.14,71,2023-06-08,Furniture
7450,66,Female,40915.85,40,2020-05-16,Furniture
7451,21,Other,122827.26,21,2023-01-15,Furniture
7452,42,Other,76149.96,44,2022-05-08,Furniture
7453,57,Female,142094.14,92,2021-03-02,Sports
7454,25,Female,134531.45,57,2021-12-14,Clothing
7455,65,Other,146626.6,87,2021-11-23,Grocery
7456,21,Female,74524.6,43,2020-12-26,Furniture
7457,37,Other,73440.07,34,2020-06-30,Electronics
7458,30,Male,80236.72,90,2022-08-04,Sports
7459,66,Male,49967.42,86,2023-08-06,Clothing
7460,42,Female,137188.32,69,2022-02-27,Furniture
7461,26,Female,30007.6,90,2021-04-06,Furniture
7462,64,Male,111348.5,40,2020-01-15,Electronics
7463,42,Female,119300.45,89,2022-12-03,Furniture
7464,69,Female,25994.16,50,2023-02-07,Furniture
7465,34,Female,80728.65,48,2021-04-19,Electronics
7466,21,Other,119371.71,32,2020-04-22,Sports
7467,62,Other,36739.5,100,2021-11-20,Electronics
7468,60,Female,101918.65,41,2022-12-07,Clothing
7469,49,Male,65220.99,83,2023-02-15,Clothing
7470,51,Male,74198.77,85,2023-01-29,Furniture
7471,50,Female,137440.18,50,2023-07-01,Grocery
7472,49,Male,74069.18,96,2023-06-13,Grocery
7473,52,Male,121796.55,37,2022-07-19,Electronics
7474,51,Male,20462.51,84,2021-10-02,Grocery
7475,51,Male,140729.29,33,2021-03-12,Sports
7476,63,Other,46046.0,33,2023-06-14,Clothing
7477,33,Female,147178.98,50,2020-03-17,Clothing
7478,54,Other,50211.38,14,2021-11-09,Sports
7479,63,Other,147890.88,86,2023-01-23,Clothing
7480,44,Female,54217.53,71,2020-12-23,Clothing
7481,44,Male,40388.1,13,2020-08-06,Grocery
7482,52,Other,112378.17,90,2022-05-21,Electronics
7483,44,Male,67665.49,70,2023-12-15,Sports
7484,24,Female,116827.89,1,2023-11-03,Clothing
7485,56,Other,50728.65,23,2022-11-06,Electronics
7486,43,Female,130102.15,23,2020-03-04,Electronics
7487,18,Male,126182.38,92,2022-07-18,Furniture
7488,54,Other,113719.58,66,2020-03-04,Sports
7489,29,Other,59597.27,63,2022-07-20,Clothing
7490,63,Other,41780.54,20,2022-04-19,Sports
7491,32,Female,38366.0,73,2022-04-09,Sports
7492,39,Male,124089.0,17,2021-02-17,Electronics
7493,33,Female,74261.74,29,2022-12-06,Clothing
7494,31,Other,67332.13,52,2023-11-12,Clothing
7495,27,Female,116356.69,53,2021-12-07,Furniture
7496,60,Male,68499.26,67,2023-06-01,Grocery
7497,60,Other,115902.23,89,2023-04-13,Grocery
7498,21,Male,146455.57,78,2020-08-24,Furniture
7499,37,Other,29789.27,62,2022-05-12,Sports
7500,40,Female,99899.26,73,2023-09-25,Electronics
7501,52,Female,122424.5,76,2022-11-15,Electronics
7502,55,Female,69288.34,18,2022-10-07,Grocery
7503,58,Female,79594.97,5,2022-04-25,Grocery
7504,51,Male,98043.95,19,2022-05-06,Clothing
7505,18,Male,92216.91,81,2023-04-30,Sports
7506,53,Other,37941.63,64,2020-07-14,Electronics
7507,50,Male,114737.14,12,2021-10-20,Clothing
7508,34,Other,104375.96,54,2021-06-26,Furniture
7509,42,Other,48374.97,66,2021-05-12,Electronics
7510,60,Other,126288.95,96,2021-12-25,Grocery
7511,21,Female,64212.47,32,2021-04-25,Grocery
7512,55,Female,108540.2,89,2023-02-22,Clothing
7513,66,Female,33277.57,24,2023-05-31,Furniture
7514,33,Other,37580.68,91,2023-04-18,Sports
7515,49,Other,148098.36,24,2020-10-26,Sports
7516,63,Female,45705.75,24,2022-10-05,Furniture
7517,21,Male,129905.57,75,2023-12-22,Electronics
7518,58,Female,131129.11,29,2022-05-27,Furniture
7519,23,Other,73621.04,2,2021-06-14,Grocery
7520,20,Male,127212.42,64,2023-11-25,Grocery
7521,23,Male,85458.85,38,2021-01-02,Grocery
7522,36,Male,74167.98,95,2022-08-18,Electronics
7523,58,Female,20313.98,30,2021-02-19,Electronics
7524,55,Other,89527.43,70,2021-03-22,Furniture
7525,61,Other,137489.13,74,2022-05-12,Sports
7526,49,Other,109019.02,11,2020-11-08,Clothing
7527,58,Male,54507.96,90,2021-04-01,Furniture
7528,31,Other,64500.62,81,2021-10-09,Clothing
7529,31,Female,30613.25,88,2021-12-10,Sports
7530,64,Male,25480.08,33,2022-08-30,Clothing
7531,39,Male,148381.08,88,2020-07-20,Electronics
7532,18,Other,80162.13,49,2022-03-17,Electronics
7533,26,Male,54598.05,26,2022-03-07,Electronics
7534,27,Other,32580.52,85,2020-01-21,Electronics
7535,38,Male,41801.61,64,2023-04-10,Clothing
7536,52,Male,131323.02,97,2022-11-11,Furniture
7537,42,Female,99047.5,89,2021-11-21,Grocery
7538,53,Female,78547.46,36,2022-04-17,Furniture
7539,64,Female,55103.46,88,2022-12-29,Grocery
7540,50,Female,27788.11,84,2023-05-30,Grocery
7541,39,Female,69667.7,35,2020-02-10,Electronics
7542,66,Male,146362.23,72,2021-01-09,Grocery
7543,58,Female,94217.46,38,2020-04-04,Clothing
7544,36,Male,121075.33,45,2020-10-24,Furniture
7545,65,Other,122600.89,41,2020-09-03,Furniture
7546,68,Other,141615.2,4,2023-04-30,Grocery
7547,57,Female,49092.29,79,2023-12-30,Clothing
7548,37,Female,124835.98,42,2023-08-11,Furniture
7549,30,Male,71496.33,24,2022-08-03,Furniture
7550,47,Other,114555.13,24,2021-01-09,Grocery
7551,35,Female,128180.83,45,2022-09-07,Grocery
7552,55,Other,64019.54,66,2020-12-24,Grocery
7553,53,Female,47408.62,86,2022-03-12,Clothing
7554,38,Other,117391.72,85,2023-06-08,Clothing
7555,55,Other,20033.44,63,2023-02-21,Grocery
7556,69,Male,52365.11,29,2020-09-02,Furniture
7557,38,Female,50816.59,90,2020-03-15,Furniture
7558,27,Male,21549.96,22,2020-03-31,Grocery
7559,23,Female,31527.6,15,2021-07-29,Furniture
7560,30,Other,145717.84,86,2022-09-30,Clothing
7561,30,Male,137135.01,54,2021-04-19,Sports
7562,18,Male,82918.36,18,2022-04-26,Furniture
7563,25,Other,56186.94,20,2020-12-07,Grocery
7564,49,Male,93270.48,82,2021-01-11,Sports
7565,35,Female,89242.76,36,2022-01-23,Electronics
7566,60,Female,53004.14,19,2022-07-02,Grocery
7567,19,Female,24516.45,21,2023-09-17,Grocery
7568,36,Other,64431.26,92,2020-03-09,Furniture
7569,19,Other,120572.06,65,2023-12-11,Furniture
7570,66,Male,144721.95,87,2021-12-07,Sports
7571,58,Female,117518.13,100,2023-08-13,Clothing
7572,38,Other,71262.4,68,2023-04-15,Sports
7573,67,Female,94845.3,45,2022-09-23,Clothing
7574,63,Female,149785.82,15,2023-06-11,Grocery
7575,69,Male,102274.72,4,2021-06-11,Electronics
7576,28,Male,127538.32,29,2021-03-23,Electronics
7577,63,Female,113993.17,94,2023-03-17,Grocery
7578,27,Other,149951.07,2,2022-05-29,Clothing
7579,46,Male,69029.69,3,2023-11-21,Electronics
7580,58,Other,147995.77,10,2020-01-08,Sports
7581,64,Male,70785.96,66,2020-01-27,Furniture
7582,25,Male,42314.1,74,2021-07-16,Electronics
7583,28,Male,81390.1,47,2020-12-22,Electronics
7584,49,Other,109985.27,35,2020-08-04,Electronics
7585,64,Female,126616.06,89,2021-04-16,Furniture
7586,43,Other,148041.94,66,2023-05-15,Clothing
7587,55,Male,38975.94,39,2022-05-19,Electronics
7588,47,Other,130331.21,97,2021-09-03,Electronics
7589,43,Female,85651.52,34,2021-08-30,Sports
7590,36,Female,117654.53,14,2020-01-29,Clothing
7591,51,Male,136917.33,19,2023-06-30,Clothing
7592,62,Female,56377.5,22,2021-09-12,Grocery
7593,20,Male,149291.76,94,2020-06-24,Grocery
7594,43,Male,144226.6,81,2020-04-01,Sports
7595,33,Other,72048.23,59,2021-12-13,Grocery
7596,41,Female,134589.15,5,2020-06-24,Sports
7597,69,Other,52662.43,20,2023-06-23,Furniture
7598,52,Female,138314.11,11,2022-07-10,Furniture
7599,39,Male,98571.69,66,2021-10-24,Clothing
7600,57,Other,125346.57,51,2020-02-11,Furniture
7601,27,Male,44278.45,64,2021-01-24,Sports
7602,69,Other,98688.07,30,2023-05-20,Sports
7603,33,Female,124851.27,16,2023-02-01,Grocery
7604,52,Other,73059.16,66,2022-11-11,Clothing
7605,67,Male,141876.98,10,2023-04-22,Clothing
7606,20,Other,105366.29,96,2022-05-02,Sports
7607,50,Male,51925.32,77,2023-12-17,Sports
7608,37,Female,126021.55,34,2022-03-04,Clothing
7609,27,Other,129088.55,8,2022-08-03,Grocery
7610,66,Female,64976.27,77,2022-04-22,Furniture
7611,24,Other,102293.0,55,2023-01-18,Grocery
7612,32,Female,84577.83,20,2022-10-15,Sports
7613,38,Female,114443.32,56,2021-07-01,Grocery
7614,42,Other,102702.79,4,2021-04-27,Grocery
7615,40,Other,82128.06,86,2021-06-29,Clothing
7616,44,Other,116128.62,19,2020-11-24,Electronics
7617,23,Female,48304.14,43,2020-06-14,Grocery
7618,36,Other,63225.5,51,2020-10-22,Grocery
7619,25,Female,42024.3,39,2020-06-13,Electronics
7620,42,Male,31491.53,25,2023-02-05,Electronics
7621,55,Other,116786.9,39,2022-02-06,Clothing
7622,47,Other,70944.6,40,2022-05-14,Grocery
7623,18,Male,110130.89,63,2020-11-21,Clothing
7624,65,Female,99769.51,78,2022-10-21,Clothing
7625,42,Female,67933.27,42,2022-06-19,Furniture
7626,37,Other,47321.78,16,2022-07-22,Furniture
7627,42,Male,46631.61,87,2023-03-25,Sports
7628,19,Other,126920.59,94,2023-10-03,Clothing
7629,34,Female,26760.2,80,2020-06-21,Sports
7630,31,Female,125981.42,62,2023-08-14,Grocery
7631,46,Male,37744.64,74,2020-09-29,Grocery
7632,28,Other,59374.42,72,2023-06-03,Furniture
7633,32,Other,21232.28,93,2020-12-27,Electronics
7634,26,Male,144990.41,80,2022-10-29,Grocery
7635,27,Female,41570.05,21,2021-02-27,Sports
7636,68,Other,111320.43,24,2020-09-12,Grocery
7637,37,Male,68154.0,45,2022-05-14,Grocery
7638,52,Male,26167.44,75,2020-09-08,Grocery
7639,47,Male,117191.95,25,2022-07-08,Electronics
7640,23,Male,24256.06,27,2021-06-08,Sports
7641,54,Other,141876.79,92,2020-05-23,Electronics
7642,52,Male,63656.87,80,2021-04-11,Furniture
7643,28,Other,137254.43,25,2022-10-10,Furniture
7644,27,Female,141927.14,11,2021-09-27,Sports
7645,29,Other,64259.58,83,2023-03-23,Grocery
7646,32,Other,69585.94,38,2023-02-09,Sports
7647,61,Other,45146.38,36,2023-02-21,Furniture
7648,24,Male,132372.47,49,2023-06-25,Clothing
7649,40,Male,63994.65,38,2023-04-28,Clothing
7650,59,Male,20754.0,47,2020-02-10,Grocery
7651,65,Female,42535.53,70,2023-08-23,Clothing
7652,32,Male,44089.73,20,2021-04-02,Electronics
7653,45,Male,38346.8,34,2023-08-16,Grocery
7654,40,Other,119417.62,37,2023-01-25,Sports
7655,24,Male,80635.82,55,2023-10-25,Furniture
7656,24,Male,52963.42,44,2020-12-06,Sports
7657,18,Female,20829.8,35,2022-06-08,Clothing
7658,20,Female,64747.1,51,2022-05-31,Sports
7659,18,Female,103777.89,97,2020-03-05,Sports
7660,60,Other,28902.47,94,2022-12-12,Grocery
7661,20,Male,87459.69,59,2023-02-21,Grocery
7662,59,Male,84994.74,46,2021-08-08,Furniture
7663,21,Other,123129.47,82,2020-03-06,Clothing
7664,57,Other,45278.83,44,2022-07-09,Electronics
7665,68,Male,135637.06,63,2022-09-24,Clothing
7666,20,Other,31712.58,49,2023-05-03,Grocery
7667,33,Other,95081.55,68,2021-03-17,Sports
7668,69,Female,118195.18,51,2021-03-12,Grocery
7669,35,Other,146002.13,72,2021-11-02,Clothing
7670,31,Female,134610.97,16,2021-01-09,Grocery
7671,20,Male,133781.65,62,2023-08-11,Sports
7672,69,Other,78392.52,65,2023-04-02,Sports
7673,65,Male,138341.11,7,2022-02-07,Sports
7674,54,Male,43332.57,4,2022-06-05,Clothing
7675,40,Other,28505.54,80,2023-07-19,Electronics
7676,67,Female,25914.29,9,2021-12-12,Grocery
7677,54,Other,53129.01,65,2023-09-08,Sports
7678,33,Female,24403.5,41,2020-09-21,Sports
7679,20,Female,104208.34,68,2021-06-11,Furniture
7680,42,Female,24395.8,81,2023-05-05,Furniture
7681,47,Female,93573.2,65,2020-06-24,Sports
7682,37,Other,144923.55,6,2022-10-07,Furniture
7683,38,Male,33722.6,68,2022-05-12,Electronics
7684,23,Female,142071.94,53,2022-03-05,Electronics
7685,22,Female,105595.62,99,2023-01-19,Electronics
7686,30,Other,144409.29,36,2021-01-19,Furniture
7687,31,Male,148605.14,39,2023-03-21,Clothing
7688,42,Female,84113.41,13,2022-03-03,Electronics
7689,46,Female,20763.46,74,2021-01-11,Grocery
7690,25,Other,143999.59,20,2020-02-17,Electronics
7691,50,Female,122139.25,97,2021-04-25,Clothing
7692,48,Other,93690.72,99,2020-04-22,Clothing
7693,58,Female,48267.86,20,2023-07-13,Clothing
7694,69,Female,80080.51,87,2020-02-10,Clothing
7695,67,Male,81606.13,84,2021-07-03,Sports
7696,69,Male,34633.77,97,2021-03-11,Grocery
7697,22,Female,119908.35,73,2023-08-04,Sports
7698,51,Female,38526.02,90,2022-11-13,Electronics
7699,69,Male,128605.34,22,2020-09-01,Sports
7700,53,Male,76756.21,90,2023-02-16,Grocery
7701,62,Female,92171.42,89,2022-09-29,Sports
7702,28,Other,56929.66,34,2022-12-14,Grocery
7703,66,Female,36762.07,74,2023-01-10,Grocery
7704,49,Female,138933.13,55,2021-11-05,Sports
7705,28,Male,105630.0,40,2023-04-08,Furniture
7706,66,Male,112604.12,63,2022-08-21,Clothing
7707,48,Other,61520.11,50,2022-11-16,Clothing
7708,65,Male,126746.13,29,2020-03-25,Electronics
7709,34,Male,49400.76,7,2023-04-02,Electronics
7710,64,Male,85084.23,18,2020-05-29,Grocery
7711,58,Female,76813.55,90,2021-10-16,Grocery
7712,48,Female,97356.43,36,2020-03-21,Electronics
7713,35,Other,59073.32,44,2023-06-04,Grocery
7714,19,Female,48983.65,64,2021-11-13,Sports
7715,69,Other,121927.26,95,2021-05-20,Sports
7716,18,Male,43990.69,78,2020-11-13,Sports
7717,39,Male,122092.18,30,2020-01-22,Sports
7718,38,Female,41913.95,52,2022-03-04,Clothing
7719,56,Female,148626.2,86,2023-12-25,Clothing
7720,43,Female,126987.03,96,2020-02-01,Sports
7721,33,Other,147604.37,63,2023-09-02,Grocery
7722,66,Female,59487.43,10,2022-03-13,Sports
7723,34,Female,107918.35,6,2021-09-03,Grocery
7724,19,Other,127466.78,70,2023-11-23,Sports
7725,28,Other,24451.33,18,2020-07-05,Furniture
7726,29,Other,44475.57,82,2022-11-22,Clothing
7727,55,Other,22453.39,83,2023-10-11,Sports
7728,64,Female,49016.32,7,2020-02-17,Clothing
7729,69,Male,57050.28,93,2021-10-07,Grocery
7730,48,Other,111098.98,11,2021-03-06,Electronics
7731,62,Other,120828.36,19,2021-04-09,Electronics
7732,31,Male,123631.68,7,2022-09-25,Clothing
7733,34,Other,84391.0,41,2023-03-04,Electronics
7734,24,Female,50533.44,73,2022-02-11,Furniture
7735,61,Female,87922.13,27,2023-04-25,Clothing
7736,59,Other,25746.46,89,2021-06-04,Furniture
7737,47,Male,114124.21,6,2023-11-13,Grocery
7738,22,Male,87563.74,36,2020-08-27,Clothing
7739,45,Female,43106.23,33,2022-07-17,Furniture
7740,46,Male,35755.74,60,2023-02-08,Grocery
7741,26,Male,141640.67,31,2020-07-09,Electronics
7742,54,Male,75954.07,87,2023-12-11,Clothing
7743,49,Other,97118.87,69,2023-01-24,Grocery
7744,35,Female,139444.65,100,2022-02-21,Clothing
7745,30,Male,35844.39,15,2022-10-04,Electronics
7746,57,Male,116852.01,61,2020-08-23,Clothing
7747,20,Female,58613.22,60,2023-05-26,Sports
7748,62,Female,121554.13,1,2022-09-01,Electronics
7749,18,Male,87180.28,45,2020-01-22,Electronics
7750,38,Other,90524.85,15,2021-12-25,Electronics
7751,50,Female,75486.47,32,2022-05-22,Sports
7752,50,Female,92494.85,79,2022-12-31,Clothing
7753,61,Other,85590.18,24,2022-07-01,Sports
7754,21,Female,50535.69,93,2023-07-13,Grocery
7755,25,Female,136979.02,63,2023-09-19,Electronics
7756,68,Female,55309.99,66,2020-06-10,Electronics
7757,54,Female,48207.64,25,2022-09-09,Clothing
7758,64,Female,96440.53,25,2021-03-05,Furniture
7759,64,Male,38651.55,96,2023-08-31,Grocery
7760,40,Female,131671.18,41,2023-03-02,Furniture
7761,47,Other,54622.59,7,2020-11-01,Clothing
7762,51,Male,62625.47,48,2020-02-15,Sports
7763,27,Other,75518.38,92,2021-08-12,Grocery
7764,36,Female,63702.37,39,2022-05-02,Furniture
7765,59,Female,130132.6,61,2022-03-08,Clothing
7766,41,Female,70970.27,33,2023-01-28,Furniture
7767,53,Other,86322.51,43,2020-11-01,Electronics
7768,37,Other,120268.46,9,2023-06-03,Electronics
7769,21,Male,96207.84,18,2021-03-30,Grocery
7770,66,Female,46071.05,16,2020-03-23,Sports
7771,33,Male,42078.08,25,2020-06-01,Sports
7772,30,Other,73597.97,23,2023-03-31,Clothing
7773,30,Male,59456.15,83,2023-01-16,Electronics
7774,32,Female,133942.04,29,2022-04-02,Electronics
7775,31,Female,34768.69,100,2023-04-13,Clothing
7776,61,Other,108316.64,12,2023-08-24,Clothing
7777,59,Male,47395.92,82,2023-04-26,Sports
7778,64,Female,80612.74,98,2023-07-28,Sports
7779,57,Female,29547.28,77,2021-02-24,Electronics
7780,37,Male,134162.17,80,2023-05-01,Electronics
7781,44,Other,95984.94,68,2023-08-24,Electronics
7782,19,Other,95690.0,58,2023-12-29,Grocery
7783,44,Male,69362.24,84,2023-08-11,Furniture
7784,24,Other,144611.85,50,2021-04-24,Clothing
7785,30,Other,20791.45,58,2021-09-24,Clothing
7786,30,Other,46614.04,74,2021-04-07,Electronics
7787,41,Male,97010.4,81,2021-10-13,Furniture
7788,69,Female,117045.66,84,2023-07-29,Clothing
7789,46,Other,120448.56,71,2020-10-06,Electronics
7790,49,Female,77692.62,41,2021-10-12,Sports
7791,59,Male,80735.89,24,2021-10-27,Grocery
7792,23,Female,45805.72,60,2020-01-12,Grocery
7793,53,Male,146859.36,53,2023-01-09,Electronics
7794,55,Male,58042.12,28,2022-05-03,Electronics
7795,56,Male,82590.99,48,2023-08-13,Sports
7796,38,Female,67115.83,54,2022-07-25,Grocery
7797,53,Other,98211.22,62,2022-06-29,Electronics
7798,35,Female,110717.54,21,2021-03-02,Electronics
7799,18,Female,128769.17,79,2022-05-30,Grocery
7800,68,Other,80585.93,8,2023-12-30,Electronics
7801,51,Female,107745.82,22,2021-09-14,Sports
7802,29,Male,127064.06,64,2023-01-05,Electronics
7803,34,Male,53769.09,23,2020-10-15,Electronics
7804,60,Other,125508.29,20,2022-04-30,Furniture
7805,21,Female,49282.52,90,2020-11-15,Electronics
7806,48,Female,35769.62,77,2023-11-29,Electronics
7807,44,Female,144562.24,72,2022-05-08,Grocery
7808,39,Male,33906.53,96,2020-02-28,Sports
7809,39,Female,55759.54,9,2022-10-06,Furniture
7810,25,Other,145804.4,58,2023-08-01,Clothing
7811,34,Female,133037.92,82,2021-12-17,Sports
7812,18,Other,103271.15,61,2020-05-16,Clothing
7813,43,Male,134835.85,73,2021-08-10,Clothing
7814,52,Male,30004.21,65,2020-07-11,Grocery
7815,36,Other,108566.29,76,2020-08-24,Electronics
7816,18,Female,112729.37,72,2022-02-26,Electronics
7817,55,Female,62400.8,62,2020-03-20,Clothing
7818,38,Female,108057.85,25,2022-02-18,Electronics
7819,41,Female,70254.72,67,2021-01-12,Clothing
7820,39,Other,71466.03,77,2022-04-06,Clothing
7821,38,Female,44601.17,98,2022-09-11,Furniture
7822,29,Male,124506.61,82,2023-08-02,Electronics
7823,51,Male,57422.93,45,2020-04-29,Electronics
7824,46,Female,122652.64,96,2023-05-04,Sports
7825,36,Female,145211.29,26,2022-12-18,Sports
7826,33,Other,75332.24,84,2023-03-13,Electronics
7827,47,Male,47033.12,15,2022-02-06,Grocery
7828,32,Other,21837.47,49,2021-10-18,Furniture
7829,44,Female,74340.46,90,2022-07-12,Sports
7830,33,Male,65879.95,38,2023-04-24,Furniture
7831,64,Other,86724.93,80,2020-06-06,Clothing
7832,69,Male,54055.97,97,2021-01-11,Furniture
7833,21,Other,149230.65,96,2023-09-27,Furniture
7834,67,Male,69683.76,89,2023-09-08,Furniture
7835,46,Other,96031.85,15,2021-12-23,Grocery
7836,64,Other,34789.08,55,2020-03-12,Electronics
7837,63,Other,82484.04,12,2023-03-23,Sports
7838,22,Male,79322.47,78,2020-10-25,Clothing
7839,31,Male,43595.5,79,2020-06-23,Grocery
7840,66,Female,29741.32,64,2023-12-08,Electronics
7841,28,Female,95969.54,100,2021-10-29,Electronics
7842,31,Other,133335.12,67,2023-02-12,Grocery
7843,42,Female,46297.59,70,2022-01-27,Furniture
7844,60,Female,23085.68,36,2021-01-22,Grocery
7845,56,Male,112397.65,32,2021-12-31,Grocery
7846,22,Other,34171.2,91,2020-07-28,Electronics
7847,29,Female,136016.0,31,2020-05-08,Grocery
7848,63,Other,86400.82,84,2020-12-15,Furniture
7849,48,Female,109967.37,89,2022-06-20,Clothing
7850,40,Female,60772.06,31,2020-08-29,Electronics
7851,40,Female,106919.81,20,2021-08-20,Clothing
7852,61,Female,141823.85,48,2021-04-13,Grocery
7853,57,Other,93061.03,50,2020-02-10,Electronics
7854,43,Male,39346.46,51,2022-01-06,Furniture
7855,58,Male,137368.07,94,2020-11-22,Grocery
7856,32,Other,119503.46,41,2020-08-28,Sports
7857,39,Other,66424.11,94,2023-09-13,Sports
7858,46,Female,54477.14,79,2020-05-05,Grocery
7859,33,Male,127239.67,26,2021-08-20,Clothing
7860,24,Male,127223.39,60,2022-02-15,Furniture
7861,26,Male,126374.94,27,2023-08-10,Sports
7862,38,Male,60959.12,40,2023-08-14,Grocery
7863,39,Male,69112.5,20,2023-03-21,Clothing
7864,68,Male,58062.8,49,2021-04-22,Furniture
7865,54,Male,122910.09,73,2020-12-26,Clothing
7866,69,Female,81268.36,29,2022-07-12,Grocery
7867,36,Male,119874.37,74,2021-05-20,Furniture
7868,50,Male,41919.26,17,2022-06-10,Sports
7869,30,Female,138144.88,39,2020-06-11,Clothing
7870,44,Female,116729.0,62,2022-04-01,Electronics
7871,68,Male,66710.08,2,2021-08-30,Sports
7872,53,Male,45830.61,51,2020-08-22,Clothing
7873,67,Female,147660.97,23,2023-06-12,Clothing
7874,64,Other,111357.28,1,2021-10-17,Clothing
7875,18,Other,136099.24,89,2020-01-06,Furniture
7876,69,Other,79466.46,30,2023-11-30,Grocery
7877,48,Female,65569.24,27,2020-01-16,Sports
7878,61,Other,118016.12,98,2020-03-04,Clothing
7879,23,Other,138968.93,19,2021-06-02,Sports
7880,53,Male,27102.77,13,2021-10-23,Furniture
7881,22,Male,118118.11,14,2021-07-07,Electronics
7882,58,Female,93345.8,6,2021-01-10,Sports
7883,56,Female,145087.95,63,2021-11-26,Sports
7884,62,Male,51586.94,34,2022-06-11,Electronics
7885,62,Female,118985.32,35,2021-04-03,Furniture
7886,30,Other,148850.82,87,2023-02-23,Clothing
7887,60,Male,109831.07,41,2021-09-28,Grocery
7888,22,Male,127628.81,21,2023-03-17,Grocery
7889,52,Other,127266.51,63,2023-04-26,Sports
7890,35,Male,125223.77,76,2023-01-21,Grocery
7891,66,Male,32805.27,40,2021-03-05,Furniture
7892,23,Male,75245.54,46,2023-05-23,Grocery
7893,46,Female,27931.95,22,2023-06-24,Furniture
7894,67,Other,70805.63,61,2021-01-01,Clothing
7895,23,Male,77848.98,83,2023-06-08,Grocery
7896,45,Female,28348.5,63,2023-10-12,Electronics
7897,42,Male,41286.07,15,2020-04-21,Grocery
7898,36,Male,106450.95,13,2022-07-11,Sports
7899,25,Other,80442.08,40,2022-02-22,Grocery
7900,50,Male,72861.34,58,2023-07-25,Furniture
7901,55,Other,26172.63,59,2021-11-07,Clothing
7902,46,Female,39532.03,37,2022-01-29,Grocery
7903,41,Female,96089.45,59,2023-12-13,Furniture
7904,50,Male,113910.17,11,2020-11-09,Furniture
7905,34,Other,123161.88,24,2021-03-07,Clothing
7906,42,Male,114939.44,63,2022-02-22,Furniture
7907,50,Other,126747.47,99,2023-05-04,Sports
7908,57,Female,113008.43,43,2020-11-23,Electronics
7909,31,Other,120913.99,55,2023-09-20,Furniture
7910,69,Other,105450.36,96,2022-06-11,Clothing
7911,66,Male,60587.43,90,2020-01-08,Clothing
7912,20,Other,44717.06,9,2023-03-21,Clothing
7913,48,Other,38281.68,98,2023-10-25,Furniture
7914,47,Male,113875.27,46,2020-01-04,Grocery
7915,27,Other,54127.43,14,2021-11-17,Grocery
7916,20,Other,55980.69,83,2023-05-23,Clothing
7917,23,Female,80573.45,53,2023-07-09,Grocery
7918,56,Other,64019.79,69,2020-01-21,Furniture
7919,37,Female,119652.58,23,2020-01-01,Furniture
7920,50,Other,100338.07,19,2020-09-18,Grocery
7921,51,Male,104502.6,29,2022-07-20,Electronics
7922,23,Other,97714.62,1,2022-12-04,Grocery
7923,66,Male,37854.09,29,2022-04-22,Electronics
7924,38,Male,122444.59,93,2020-07-12,Electronics
7925,66,Female,139334.68,4,2020-07-07,Sports
7926,20,Male,44148.85,76,2020-02-13,Grocery
7927,42,Male,30204.41,65,2023-08-29,Grocery
7928,38,Male,65666.93,64,2020-10-03,Grocery
7929,66,Other,35309.42,76,2022-04-16,Furniture
7930,37,Other,21531.76,74,2023-05-21,Sports
7931,44,Female,44189.73,82,2020-07-05,Grocery
7932,36,Other,44846.99,90,2022-08-30,Clothing
7933,24,Male,100478.52,35,2022-11-13,Grocery
7934,55,Male,126346.62,67,2020-08-09,Electronics
7935,62,Female,117161.65,1,2022-09-01,Grocery
7936,52,Male,47548.54,64,2020-10-02,Sports
7937,61,Other,129539.97,18,2023-06-19,Grocery
7938,69,Other,149899.14,79,2022-01-31,Clothing
7939,60,Female,133467.28,43,2020-08-30,Grocery
7940,41,Male,80053.29,7,2022-11-13,Grocery
7941,61,Female,143536.07,27,2020-01-04,Clothing
7942,25,Male,59537.49,30,2021-11-30,Furniture
7943,26,Male,128769.71,98,2022-09-02,Clothing
7944,41,Female,139175.36,45,2022-12-16,Electronics
7945,48,Male,74311.05,5,2022-05-13,Grocery
7946,36,Other,65365.26,23,2020-04-23,Sports
7947,48,Other,67164.81,70,2023-04-19,Electronics
7948,62,Other,76660.56,72,2022-12-30,Electronics
7949,36,Male,84929.07,25,2020-10-11,Clothing
7950,46,Female,63893.0,38,2020-04-11,Sports
7951,59,Male,136405.89,38,2021-04-07,Furniture
7952,53,Female,73361.09,68,2023-11-06,Furniture
7953,50,Other,26912.86,70,2021-02-25,Sports
7954,29,Other,77720.71,36,2022-06-13,Sports
7955,56,Other,29993.4,15,2022-12-21,Furniture
7956,53,Female,23201.24,76,2023-03-27,Sports
7957,30,Female,149834.62,30,2020-09-23,Clothing
7958,38,Female,74896.68,83,2023-06-07,Clothing
7959,36,Other,96872.69,12,2022-06-25,Grocery
7960,52,Female,28978.43,71,2021-07-23,Furniture
7961,55,Male,57707.72,71,2023-06-23,Sports
7962,69,Male,42008.18,8,2020-11-01,Electronics
7963,38,Male,56863.86,33,2021-12-02,Grocery
7964,63,Female,26540.37,34,2022-11-24,Electronics
7965,55,Female,123942.67,87,2020-09-12,Clothing
7966,45,Other,61382.83,43,2023-05-05,Furniture
7967,50,Female,108816.19,4,2021-09-22,Electronics
7968,34,Male,66324.43,72,2023-07-12,Sports
7969,56,Male,77169.76,2,2021-04-06,Electronics
7970,18,Male,133811.05,98,2023-05-27,Sports
7971,19,Other,119651.51,92,2022-08-07,Electronics
7972,69,Male,134718.31,14,2022-05-22,Clothing
7973,69,Male,63499.45,23,2021-01-17,Grocery
7974,25,Female,45145.39,23,2021-10-09,Electronics
7975,30,Male,52075.22,8,2020-06-16,Electronics
7976,36,Other,63564.71,85,2020-06-11,Electronics
7977,19,Male,80631.39,81,2022-08-01,Electronics
7978,51,Female,80892.36,53,2020-05-23,Sports
7979,31,Other,119441.6,51,2023-09-22,Electronics
7980,34,Female,132576.57,57,2020-07-07,Grocery
7981,49,Female,36437.65,69,2022-01-19,Clothing
7982,51,Male,110261.73,4,2022-09-08,Clothing
7983,40,Male,117507.52,69,2023-04-17,Sports
7984,52,Male,101287.12,44,2022-10-21,Clothing
7985,37,Male,79422.58,80,2020-02-29,Furniture
7986,19,Other,112321.59,85,2022-02-01,Grocery
7987,53,Female,100685.2,21,2020-02-29,Furniture
7988,52,Other,125062.1,87,2020-12-09,Electronics
7989,42,Male,30880.73,57,2023-01-06,Electronics
7990,23,Female,99885.43,40,2023-07-23,Furniture
7991,22,Female,23065.51,67,2022-09-19,Furniture
7992,59,Other,67337.82,65,2022-07-13,Electronics
7993,19,Other,41338.66,85,2023-09-25,Electronics
7994,55,Male,39324.64,100,2022-01-20,Clothing
7995,36,Male,31221.74,93,2021-11-08,Electronics
7996,45,Other,55540.65,35,2022-09-08,Furniture
7997,65,Female,145022.15,62,2022-08-20,Sports
7998,68,Male,54840.17,51,2021-05-27,Grocery
7999,50,Other,42365.86,49,2020-08-27,Clothing
8000,45,Female,24516.93,36,2022-06-10,Electronics
8001,50,Male,120637.57,28,2023-12-08,Electronics
8002,54,Female,128273.92,49,2020-10-23,Clothing
8003,28,Female,43413.4,57,2021-11-23,Sports
8004,41,Other,40164.88,58,2023-01-13,Grocery
8005,36,Female,124818.98,21,2023-03-31,Grocery
8006,39,Female,68543.53,22,2022-11-25,Grocery
8007,39,Male,76181.72,80,2020-08-14,Clothing
8008,58,Other,137474.92,47,2020-04-06,Furniture
8009,60,Female,74408.23,20,2023-08-26,Furniture
8010,40,Male,50944.07,80,2022-10-24,Sports
8011,39,Male,132159.63,62,2021-04-04,Electronics
8012,30,Female,118843.25,99,2021-10-10,Grocery
8013,19,Male,30146.74,46,2020-04-20,Grocery
8014,33,Female,134772.92,74,2021-08-07,Furniture
8015,63,Female,89614.86,55,2020-02-22,Clothing
8016,55,Female,142949.64,31,2020-12-23,Furniture
8017,38,Male,70723.31,84,2020-05-26,Grocery
8018,41,Other,146839.43,35,2023-09-16,Sports
8019,41,Male,113428.99,17,2020-03-06,Grocery
8020,63,Other,148953.58,57,2020-11-11,Electronics
8021,33,Male,34164.48,73,2023-06-03,Sports
8022,37,Female,37134.13,90,2022-07-06,Grocery
8023,38,Male,27143.09,29,2023-11-27,Grocery
8024,55,Female,103016.01,1,2023-01-10,Furniture
8025,27,Female,41326.19,24,2021-12-31,Electronics
8026,68,Other,44586.29,67,2021-07-13,Grocery
8027,29,Female,75080.68,35,2020-01-26,Grocery
8028,53,Other,147625.18,16,2023-01-30,Grocery
8029,33,Other,33407.22,32,2022-02-25,Clothing
8030,28,Other,53860.13,85,2023-06-02,Electronics
8031,55,Female,142608.82,54,2021-02-21,Furniture
8032,51,Female,73112.83,33,2021-05-22,Electronics
8033,66,Other,71898.42,69,2023-11-19,Sports
8034,23,Other,106609.34,61,2022-08-16,Clothing
8035,51,Male,64418.7,68,2020-12-26,Electronics
8036,64,Other,62648.88,32,2021-09-02,Furniture
8037,23,Male,23771.9,59,2022-03-01,Grocery
8038,30,Male,79082.0,46,2023-06-27,Clothing
8039,55,Male,115701.3,59,2021-07-20,Clothing
8040,50,Male,80139.49,100,2023-07-18,Clothing
8041,39,Male,24619.04,62,2022-06-16,Sports
8042,35,Male,145524.74,42,2020-11-05,Furniture
8043,45,Female,107390.45,63,2020-11-10,Sports
8044,28,Other,55774.68,26,2021-02-21,Electronics
8045,37,Female,59200.12,6,2020-12-18,Clothing
8046,64,Female,58087.85,67,2023-05-26,Sports
8047,54,Male,132318.27,89,2020-03-22,Clothing
8048,36,Male,135492.5,85,2023-06-08,Furniture
8049,37,Other,33365.86,58,2022-12-12,Furniture
8050,35,Male,67744.64,33,2022-04-19,Clothing
8051,29,Male,52342.15,60,2023-08-09,Clothing
8052,23,Male,97987.26,34,2023-04-16,Electronics
8053,34,Male,48493.91,48,2021-07-01,Clothing
8054,33,Other,120189.13,82,2021-09-05,Furniture
8055,40,Male,97529.29,33,2022-02-04,Furniture
8056,18,Other,130856.3,16,2023-03-02,Clothing
8057,48,Other,106585.19,68,2023-08-14,Grocery
8058,63,Female,48035.82,78,2021-02-02,Furniture
8059,47,Male,20859.24,4,2022-09-28,Clothing
8060,42,Other,50311.85,2,2023-09-05,Electronics
8061,56,Other,67466.88,23,2020-11-16,Furniture
8062,39,Other,79654.32,15,2021-12-22,Sports
8063,24,Other,51089.72,15,2021-04-01,Furniture
8064,68,Other,137885.77,62,2021-09-07,Furniture
8065,19,Other,116137.53,82,2022-05-24,Furniture
8066,24,Female,53782.36,33,2021-02-02,Electronics
8067,37,Male,74839.73,24,2021-08-26,Grocery
8068,27,Female,74496.24,26,2022-11-15,Electronics
8069,53,Male,124534.05,45,2020-11-24,Electronics
8070,48,Other,90037.99,57,2021-12-14,Sports
8071,26,Male,100670.27,68,2020-10-29,Sports
8072,56,Other,91883.23,14,2022-03-27,Furniture
8073,45,Other,112428.8,2,2023-12-02,Furniture
8074,57,Male,87700.53,6,2023-10-13,Electronics
8075,58,Female,138200.76,28,2021-05-11,Electronics
8076,37,Male,60015.72,33,2022-05-27,Grocery
8077,26,Other,64104.35,11,2021-12-15,Electronics
8078,48,Other,85533.6,55,2020-05-14,Electronics
8079,65,Female,90707.3,93,2023-12-12,Sports
8080,36,Female,35553.11,33,2020-06-07,Sports
8081,62,Other,120442.6,7,2023-11-20,Furniture
8082,35,Female,35478.92,29,2020-02-08,Electronics
8083,26,Male,140096.42,32,2023-12-10,Sports
8084,31,Other,136331.26,9,2021-04-08,Grocery
8085,46,Female,105902.42,63,2021-12-23,Furniture
8086,26,Female,47806.46,22,2023-12-31,Grocery
8087,32,Male,143302.02,40,2023-06-07,Clothing
8088,69,Male,78224.02,83,2021-06-26,Electronics
8089,62,Female,126958.36,70,2023-11-01,Clothing
8090,67,Other,75781.03,90,2023-02-03,Clothing
8091,32,Female,146909.42,87,2023-02-11,Electronics
8092,25,Other,90096.28,85,2023-07-02,Grocery
8093,31,Other,73860.75,6,2020-04-28,Electronics
8094,56,Female,44681.0,75,2023-08-26,Clothing
8095,68,Female,80446.37,67,2023-02-18,Grocery
8096,69,Male,74092.08,18,2022-02-07,Furniture
8097,19,Other,98373.85,7,2021-11-07,Sports
8098,32,Male,105466.96,55,2022-10-20,Clothing
8099,43,Female,135236.02,70,2023-02-24,Sports
8100,35,Other,41637.58,42,2021-11-30,Sports
8101,18,Other,89791.19,5,2021-02-04,Grocery
8102,25,Female,37896.58,7,2023-10-19,Furniture
8103,40,Female,69797.99,41,2020-10-21,Grocery
8104,28,Male,67430.46,75,2022-12-09,Clothing
8105,26,Female,85932.39,94,2023-07-19,Electronics
8106,67,Other,55897.23,17,2021-02-28,Grocery
8107,46,Other,41458.32,15,2023-09-15,Sports
8108,56,Female,55319.66,70,2023-12-22,Clothing
8109,31,Male,106551.49,44,2021-01-07,Electronics
8110,52,Other,125501.16,68,2021-07-06,Electronics
8111,33,Male,33792.67,25,2020-11-22,Electronics
8112,33,Other,143995.94,19,2023-09-09,Grocery
8113,30,Female,50880.44,82,2023-12-24,Sports
8114,29,Male,122529.71,66,2023-05-15,Furniture
8115,58,Female,109926.66,89,2022-09-08,Sports
8116,22,Other,147321.44,9,2023-11-26,Furniture
8117,44,Male,127789.61,61,2020-08-04,Clothing
8118,31,Male,144724.85,89,2023-10-29,Grocery
8119,53,Female,62455.17,71,2020-07-09,Grocery
8120,37,Male,28364.69,57,2021-04-22,Grocery
8121,55,Female,67248.57,36,2021-07-31,Sports
8122,51,Male,44170.67,22,2020-07-03,Sports
8123,61,Other,119263.15,93,2023-11-18,Furniture
8124,68,Female,100569.8,30,2021-06-18,Grocery
8125,42,Male,74851.32,76,2023-07-14,Sports
8126,25,Female,22897.44,86,2021-06-28,Furniture
8127,63,Other,106433.37,78,2023-09-21,Electronics
8128,44,Male,71210.27,22,2020-06-23,Sports
8129,52,Female,94032.12,88,2022-06-09,Sports
8130,58,Female,64647.85,32,2020-10-24,Furniture
8131,26,Other,105206.86,86,2021-09-09,Clothing
8132,38,Female,21290.85,23,2021-12-30,Electronics
8133,59,Other,53023.13,46,2021-02-02,Furniture
8134,61,Female,89714.49,20,2020-01-24,Sports
8135,45,Other,52607.64,99,2021-10-10,Sports
8136,47,Other,30090.87,95,2020-08-13,Clothing
8137,37,Male,96456.58,42,2020-01-29,Furniture
8138,64,Male,53086.33,30,2022-01-20,Clothing
8139,35,Male,62502.08,60,2020-09-11,Clothing
8140,47,Female,105008.36,87,2023-11-07,Electronics
8141,64,Other,102542.85,16,2022-09-06,Sports
8142,23,Female,93058.54,79,2022-04-18,Furniture
8143,50,Other,141632.74,22,2021-01-17,Electronics
8144,33,Male,65189.12,79,2023-02-11,Sports
8145,46,Other,54194.98,70,2023-02-21,Furniture
8146,19,Female,36552.67,7,2021-01-15,Grocery
8147,34,Male,66969.98,21,2022-01-23,Electronics
8148,58,Other,52615.05,39,2022-06-30,Furniture
8149,20,Female,106131.43,98,2023-07-14,Furniture
8150,49,Male,67733.65,20,2023-10-25,Sports
8151,40,Female,85213.88,5,2023-07-03,Grocery
8152,69,Female,81127.8,18,2021-01-04,Clothing
8153,50,Male,56719.39,96,2022-08-16,Clothing
8154,47,Male,120701.18,95,2020-01-31,Clothing
8155,30,Female,31682.23,98,2022-11-18,Grocery
8156,26,Other,109982.53,79,2023-08-15,Electronics
8157,22,Other,40930.24,70,2023-01-07,Sports
8158,60,Other,38093.56,66,2023-10-02,Furniture
8159,32,Other,124715.42,67,2021-06-26,Grocery
8160,53,Male,121788.59,71,2021-08-24,Furniture
8161,18,Female,52807.22,18,2021-12-15,Sports
8162,20,Male,46562.97,87,2022-09-06,Electronics
8163,19,Other,57669.53,51,2020-09-06,Clothing
8164,47,Male,77282.26,6,2022-03-22,Electronics
8165,42,Other,23889.0,4,2022-10-19,Clothing
8166,37,Male,36506.81,70,2023-05-14,Clothing
8167,44,Male,43034.46,13,2022-08-03,Grocery
8168,38,Female,99907.4,25,2020-03-17,Sports
8169,23,Male,54332.9,72,2020-12-02,Electronics
8170,53,Male,29984.51,3,2020-08-05,Clothing
8171,41,Female,95252.7,74,2022-04-17,Grocery
8172,58,Male,149776.02,5,2020-07-28,Furniture
8173,33,Other,67446.72,14,2022-08-02,Sports
8174,39,Male,22598.1,10,2020-02-25,Sports
8175,29,Female,72440.45,61,2021-12-20,Electronics
8176,42,Other,68432.99,60,2023-08-07,Furniture
8177,38,Male,137483.36,66,2021-05-18,Sports
8178,64,Male,81843.29,56,2020-04-20,Clothing
8179,39,Other,73130.54,7,2022-11-14,Sports
8180,23,Male,142882.34,38,2023-06-06,Grocery
8181,29,Other,77282.17,6,2022-05-23,Sports
8182,19,Female,77729.34,70,2020-01-06,Furniture
8183,24,Male,118295.44,79,2020-12-10,Clothing
8184,63,Male,138557.81,7,2022-12-26,Sports
8185,55,Other,62379.56,63,2022-02-19,Electronics
8186,50,Female,117968.91,32,2023-03-23,Electronics
8187,64,Other,96046.42,67,2020-08-12,Electronics
8188,29,Female,43880.4,19,2020-03-24,Furniture
8189,54,Other,84602.96,63,2023-07-02,Sports
8190,29,Male,106834.71,47,2020-09-22,Furniture
8191,25,Female,95016.22,90,2021-11-09,Clothing
8192,57,Other,73196.26,34,2023-08-21,Electronics
8193,63,Other,59978.52,19,2023-08-09,Grocery
8194,62,Male,30653.56,93,2020-09-25,Sports
8195,48,Female,51806.76,90,2023-03-11,Sports
8196,49,Other,94388.86,8,2020-12-24,Clothing
8197,58,Male,103423.1,100,2020-10-07,Sports
8198,26,Other,106249.45,20,2021-06-27,Electronics
8199,43,Other,88391.26,9,2020-11-18,Grocery
8200,52,Other,86625.53,4,2020-06-03,Grocery
8201,25,Female,20487.02,69,2021-09-05,Clothing
8202,51,Male,133941.45,57,2023-01-10,Electronics
8203,40,Female,149130.95,46,2020-12-14,Sports
8204,30,Female,100449.75,74,2023-06-10,Electronics
8205,39,Other,131361.36,53,2022-05-11,Clothing
8206,64,Male,87735.07,95,2020-02-21,Clothing
8207,34,Male,137404.91,19,2023-05-04,Clothing
8208,27,Other,136918.89,43,2022-04-03,Clothing
8209,41,Male,71507.89,14,2023-04-09,Electronics
8210,34,Female,122596.52,5,2021-02-27,Grocery
8211,28,Male,46388.37,31,2022-12-26,Clothing
8212,59,Other,146254.87,7,2023-02-03,Grocery
8213,35,Male,62939.7,49,2021-02-17,Electronics
8214,36,Male,76718.88,72,2022-07-07,Furniture
8215,23,Male,27619.61,68,2021-10-29,Furniture
8216,46,Male,122644.4,52,2023-03-30,Furniture
8217,26,Male,57898.47,37,2021-10-16,Furniture
8218,68,Other,30403.28,63,2022-10-18,Furniture
8219,28,Female,98981.19,18,2021-07-27,Furniture
8220,66,Male,72894.6,84,2020-10-31,Sports
8221,23,Other,41900.65,46,2020-01-30,Electronics
8222,50,Male,144910.4,54,2021-11-20,Electronics
8223,30,Other,81919.81,63,2020-09-11,Sports
8224,62,Female,57436.21,3,2020-11-22,Furniture
8225,64,Male,64690.89,3,2022-06-15,Clothing
8226,20,Male,97407.46,1,2023-09-27,Sports
8227,32,Male,59514.82,96,2021-06-17,Electronics
8228,57,Other,66345.97,15,2021-03-19,Clothing
8229,49,Other,32921.0,64,2023-02-16,Furniture
8230,48,Male,42816.81,60,2023-01-30,Clothing
8231,27,Other,42472.55,5,2021-09-16,Clothing
8232,29,Female,98668.28,66,2021-01-22,Sports
8233,19,Other,75271.81,92,2020-02-12,Grocery
8234,43,Female,46916.8,20,2023-10-24,Grocery
8235,25,Male,27600.72,1,2023-06-18,Electronics
8236,50,Male,133882.56,12,2023-04-21,Furniture
8237,26,Female,51393.34,60,2020-05-19,Electronics
8238,33,Male,134100.35,45,2021-08-20,Grocery
8239,27,Male,45318.08,97,2021-06-17,Furniture
8240,69,Female,59071.44,52,2023-01-12,Electronics
8241,56,Female,149334.73,23,2023-10-25,Grocery
8242,69,Male,73209.54,47,2022-08-06,Electronics
8243,47,Male,91613.68,54,2021-10-02,Electronics
8244,64,Other,95573.38,71,2021-03-27,Clothing
8245,59,Female,127986.98,45,2023-09-21,Electronics
8246,26,Male,95043.13,10,2020-01-28,Clothing
8247,43,Female,100097.53,47,2023-09-09,Furniture
8248,26,Male,40285.65,82,2023-05-27,Electronics
8249,46,Male,76406.0,69,2021-12-25,Furniture
8250,48,Other,141639.8,84,2022-07-11,Electronics
8251,27,Male,107483.79,78,2021-12-13,Sports
8252,22,Other,93591.67,55,2020-09-29,Furniture
8253,40,Male,26790.97,76,2021-12-05,Electronics
8254,69,Other,130075.46,11,2022-07-08,Grocery
8255,42,Male,146803.68,92,2021-12-21,Grocery
8256,50,Female,131593.03,20,2022-03-09,Furniture
8257,28,Female,104351.71,51,2020-12-23,Electronics
8258,39,Other,116278.78,66,2023-03-22,Grocery
8259,61,Female,117253.95,40,2021-03-01,Electronics
8260,60,Other,111124.34,27,2020-12-31,Furniture
8261,32,Female,126507.33,79,2021-10-19,Clothing
8262,45,Other,134264.12,30,2021-09-01,Clothing
8263,60,Other,28679.71,62,2023-10-14,Clothing
8264,28,Female,87855.98,46,2020-02-27,Clothing
8265,50,Male,78067.89,97,2022-06-03,Grocery
8266,41,Male,119528.93,6,2020-02-22,Furniture
8267,60,Male,148622.97,85,2020-07-15,Furniture
8268,18,Male,125491.57,72,2021-07-21,Furniture
8269,22,Female,32175.21,30,2022-02-27,Clothing
8270,35,Other,26177.25,71,2020-09-15,Sports
8271,29,Other,74478.76,34,2020-07-16,Clothing
8272,62,Female,133024.84,55,2022-04-14,Electronics
8273,65,Female,57781.25,62,2022-12-05,Clothing
8274,47,Female,107443.95,96,2020-01-21,Clothing
8275,42,Female,32761.88,95,2023-02-16,Sports
8276,18,Female,113218.75,36,2022-10-26,Furniture
8277,39,Male,121636.68,94,2021-10-22,Furniture
8278,39,Other,42797.2,51,2023-11-11,Sports
8279,30,Female,57323.5,49,2023-09-01,Electronics
8280,39,Other,94091.62,40,2023-04-05,Grocery
8281,29,Female,109653.69,28,2023-11-21,Clothing
8282,46,Male,104558.96,60,2023-03-10,Electronics
8283,54,Other,57665.66,24,2020-06-09,Grocery
8284,39,Other,102633.5,42,2022-04-23,Clothing
8285,40,Male,149473.61,15,2023-11-24,Clothing
8286,64,Male,76567.21,80,2023-08-01,Sports
8287,56,Male,67948.3,71,2022-12-28,Furniture
8288,22,Female,29132.99,49,2020-03-10,Electronics
8289,28,Male,72826.2,77,2023-04-03,Clothing
8290,36,Other,55362.62,76,2023-04-24,Furniture
8291,64,Other,36368.08,70,2021-08-31,Sports
8292,45,Other,102069.97,62,2021-07-24,Sports
8293,58,Male,148949.29,91,2020-05-04,Clothing
8294,33,Female,29444.74,86,2021-01-02,Furniture
8295,27,Other,38910.29,53,2023-04-29,Electronics
8296,42,Male,139281.61,83,2022-09-08,Clothing
8297,38,Female,46350.51,43,2023-06-26,Furniture
8298,62,Male,112251.99,27,2021-01-25,Grocery
8299,68,Male,84752.51,43,2020-02-09,Clothing
8300,44,Male,42201.59,30,2023-09-29,Clothing
8301,45,Female,64951.8,97,2023-03-13,Clothing
8302,66,Female,57820.23,100,2020-03-01,Furniture
8303,31,Female,148858.78,81,2022-02-09,Electronics
8304,25,Female,78883.21,99,2023-04-27,Furniture
8305,66,Other,74719.37,70,2022-06-22,Sports
8306,66,Male,118098.6,3,2021-07-22,Electronics
8307,66,Other,137013.26,43,2021-05-30,Electronics
8308,42,Female,123791.67,44,2023-12-20,Clothing
8309,48,Other,32205.12,9,2021-11-27,Clothing
8310,43,Male,53683.58,81,2022-04-20,Clothing
8311,68,Male,33871.4,94,2022-04-02,Clothing
8312,65,Other,118176.97,63,2021-12-18,Sports
8313,49,Other,66974.09,87,2020-06-02,Grocery
8314,54,Other,21340.77,32,2020-09-18,Electronics
8315,36,Other,145625.33,98,2021-07-16,Sports
8316,60,Female,52983.54,45,2020-06-28,Sports
8317,37,Female,21964.71,47,2021-05-07,Electronics
8318,48,Other,73544.53,9,2020-07-21,Clothing
8319,33,Female,126623.1,19,2020-01-01,Clothing
8320,61,Female,40860.37,40,2022-01-18,Electronics
8321,45,Female,63630.32,46,2022-01-28,Furniture
8322,41,Other,48496.41,57,2020-04-21,Electronics
8323,39,Other,85773.52,72,2022-01-28,Furniture
8324,44,Male,29929.52,84,2020-06-22,Furniture
8325,61,Male,90025.67,29,2022-06-08,Sports
8326,61,Female,100888.39,70,2023-12-14,Electronics
8327,54,Male,75102.93,49,2020-03-06,Electronics
8328,51,Male,136122.48,67,2023-07-23,Sports
8329,67,Female,91968.61,40,2021-08-30,Grocery
8330,44,Other,106839.74,33,2020-02-02,Clothing
8331,23,Female,80778.85,62,2021-02-07,Clothing
8332,61,Male,127795.95,31,2021-09-10,Sports
8333,53,Other,109676.97,28,2020-10-22,Sports
8334,21,Male,79940.51,99,2020-12-21,Furniture
8335,49,Other,72775.2,62,2022-05-28,Furniture
8336,49,Male,145877.94,85,2022-12-14,Clothing
8337,63,Male,69288.52,90,2023-04-21,Electronics
8338,19,Other,21811.8,60,2023-08-09,Grocery
8339,34,Male,40467.85,72,2022-12-22,Furniture
8340,23,Female,24642.26,43,2021-09-11,Clothing
8341,66,Female,138174.15,55,2021-11-21,Sports
8342,68,Other,103437.7,37,2023-10-18,Sports
8343,38,Other,111873.58,55,2020-06-05,Sports
8344,20,Female,110239.25,24,2021-12-11,Electronics
8345,39,Male,145930.7,53,2020-12-23,Sports
8346,54,Female,142005.73,16,2020-12-28,Sports
8347,24,Male,98595.71,89,2020-12-13,Grocery
8348,52,Female,30834.73,99,2023-04-02,Clothing
8349,30,Male,33165.98,58,2020-05-13,Electronics
8350,57,Other,33780.01,5,2020-11-08,Sports
8351,43,Other,86419.57,68,2021-09-19,Grocery
8352,65,Other,64964.47,81,2023-04-02,Electronics
8353,19,Male,87429.51,25,2023-11-06,Furniture
8354,20,Male,62915.76,42,2020-03-14,Electronics
8355,40,Female,55918.46,54,2021-03-11,Clothing
8356,50,Other,45569.38,31,2022-11-15,Sports
8357,54,Male,21133.14,49,2020-10-23,Sports
8358,57,Other,113532.99,13,2022-08-21,Grocery
8359,41,Other,123315.46,57,2023-08-02,Sports
8360,50,Other,87390.45,7,2022-05-23,Sports
8361,53,Male,97974.79,80,2020-11-10,Grocery
8362,19,Other,91971.32,89,2020-01-25,Furniture
8363,33,Female,108624.42,28,2021-09-16,Grocery
8364,23,Male,65024.84,18,2021-04-17,Electronics
8365,58,Other,119892.34,20,2020-06-12,Grocery
8366,27,Other,48594.81,5,2022-10-01,Sports
8367,63,Male,114268.66,6,2023-01-04,Clothing
8368,60,Male,112875.44,13,2020-12-07,Electronics
8369,45,Male,51625.82,35,2022-04-07,Furniture
8370,26,Other,142113.91,39,2020-10-31,Furniture
8371,67,Female,27528.07,89,2023-12-23,Furniture
8372,41,Female,60453.87,17,2020-06-06,Furniture
8373,41,Female,79005.57,56,2020-09-23,Electronics
8374,69,Other,67298.38,28,2023-10-10,Sports
8375,57,Other,132823.38,55,2020-06-11,Electronics
8376,63,Female,69147.83,83,2020-10-07,Furniture
8377,41,Male,48628.63,82,2023-03-27,Furniture
8378,41,Female,76393.61,40,2020-05-12,Clothing
8379,31,Male,41261.2,25,2020-11-20,Grocery
8380,42,Other,124967.71,95,2023-07-21,Grocery
8381,69,Female,122497.39,84,2022-08-22,Electronics
8382,38,Other,40049.14,22,2020-06-05,Clothing
8383,36,Female,149885.15,39,2021-11-29,Grocery
8384,43,Male,134906.61,80,2022-03-18,Furniture
8385,51,Male,115452.52,54,2023-03-13,Grocery
8386,41,Male,116060.68,41,2023-01-01,Sports
8387,21,Other,23127.88,24,2023-05-15,Clothing
8388,59,Male,68560.88,33,2022-04-22,Furniture
8389,21,Female,140112.44,64,2022-06-04,Grocery
8390,23,Female,76840.15,58,2023-01-01,Furniture
8391,27,Other,27169.81,55,2021-12-07,Furniture
8392,68,Female,66438.62,88,2021-10-28,Sports
8393,34,Male,116131.01,82,2021-03-31,Furniture
8394,67,Female,132426.48,72,2020-05-17,Sports
8395,45,Male,28480.07,28,2021-05-24,Furniture
8396,35,Female,62384.89,58,2021-03-15,Sports
8397,28,Male,30469.18,85,2023-10-02,Grocery
8398,23,Female,59357.94,31,2023-10-15,Clothing
8399,33,Female,114449.74,93,2021-10-10,Clothing
8400,34,Male,32995.54,87,2022-12-09,Sports
8401,25,Female,60955.95,15,2023-01-20,Grocery
8402,28,Female,38740.82,79,2020-03-16,Grocery
8403,38,Other,139056.71,90,2022-08-20,Electronics
8404,23,Female,22978.17,39,2023-08-21,Sports
8405,63,Male,128146.76,89,2021-10-27,Clothing
8406,30,Male,48619.78,98,2021-02-11,Sports
8407,59,Female,53164.57,61,2021-01-10,Furniture
8408,50,Other,33508.5,59,2023-01-13,Furniture
8409,54,Female,32720.32,39,2020-02-18,Electronics
8410,35,Other,60563.92,50,2023-05-05,Grocery
8411,51,Other,82972.62,26,2021-01-12,Grocery
8412,52,Male,63847.09,81,2022-06-18,Sports
8413,57,Other,42691.88,59,2023-07-02,Electronics
8414,52,Male,62311.56,91,2022-09-10,Grocery
8415,20,Other,135685.27,48,2020-04-17,Sports
8416,18,Female,88292.08,30,2020-01-19,Clothing
8417,49,Other,84351.64,73,2020-01-22,Furniture
8418,41,Male,32732.33,99,2022-06-27,Furniture
8419,51,Female,109996.09,63,2022-03-13,Grocery
8420,38,Male,89172.43,95,2021-06-14,Clothing
8421,36,Other,29970.99,13,2020-04-28,Furniture
8422,61,Other,139106.73,24,2021-07-30,Sports
8423,37,Female,66949.22,58,2021-05-14,Electronics
8424,32,Male,40039.79,31,2021-12-27,Sports
8425,35,Other,60176.19,71,2020-08-12,Grocery
8426,49,Female,79868.49,83,2023-01-29,Sports
8427,41,Other,125989.46,25,2023-09-01,Furniture
8428,29,Other,92591.61,39,2022-04-02,Sports
8429,50,Female,66830.4,98,2022-11-07,Furniture
8430,54,Male,26213.66,50,2022-10-11,Clothing
8431,53,Female,52380.14,54,2020-12-27,Clothing
8432,32,Other,129760.47,49,2021-03-11,Electronics
8433,52,Other,146832.05,51,2020-11-01,Clothing
8434,31,Other,48507.74,62,2020-02-04,Furniture
8435,57,Female,78219.13,35,2021-11-21,Grocery
8436,43,Female,34791.03,25,2022-01-06,Electronics
8437,60,Male,38254.77,17,2020-12-22,Sports
8438,38,Male,93200.48,27,2021-06-19,Furniture
8439,62,Female,114393.44,49,2023-07-05,Clothing
8440,31,Female,41043.47,36,2020-11-20,Sports
8441,23,Female,90015.16,75,2021-11-17,Electronics
8442,68,Other,97355.91,20,2020-05-17,Furniture
8443,67,Other,52844.19,53,2022-11-14,Sports
8444,22,Other,49568.1,66,2023-10-31,Grocery
8445,23,Male,26423.54,77,2022-10-25,Clothing
8446,53,Female,70060.62,27,2023-12-24,Sports
8447,53,Other,109993.8,78,2020-09-26,Grocery
8448,66,Female,35546.68,21,2023-04-30,Electronics
8449,47,Female,88580.81,72,2020-06-10,Sports
8450,65,Female,96555.87,3,2022-09-22,Sports
8451,19,Other,95363.6,30,2022-09-19,Furniture
8452,36,Male,36277.16,99,2022-05-25,Furniture
8453,50,Male,91607.83,49,2021-09-10,Sports
8454,20,Female,104047.46,75,2023-02-28,Grocery
8455,65,Female,49708.04,48,2022-10-06,Clothing
8456,52,Other,101353.52,59,2023-02-27,Clothing
8457,25,Other,94228.19,82,2021-05-05,Furniture
8458,61,Male,103722.67,78,2021-07-25,Grocery
8459,21,Female,45810.54,38,2023-11-17,Electronics
8460,69,Other,36345.68,77,2022-11-13,Sports
8461,51,Female,119447.3,28,2020-02-14,Grocery
8462,54,Female,118939.66,44,2020-04-05,Grocery
8463,35,Female,24363.04,43,2021-12-04,Sports
8464,63,Female,22734.31,55,2020-11-15,Furniture
8465,31,Male,96903.6,13,2022-12-25,Clothing
8466,40,Male,65689.2,41,2022-01-06,Furniture
8467,59,Other,23315.63,42,2020-08-12,Grocery
8468,32,Male,39592.18,26,2022-05-13,Grocery
8469,37,Other,105287.72,69,2023-05-08,Furniture
8470,42,Female,89103.83,50,2020-08-05,Grocery
8471,61,Other,21124.99,32,2020-01-06,Electronics
8472,38,Male,36562.41,4,2022-03-01,Furniture
8473,52,Female,131572.26,74,2022-05-16,Furniture
8474,22,Female,49657.81,97,2023-01-11,Clothing
8475,36,Female,41240.76,23,2021-09-29,Electronics
8476,41,Female,87168.85,96,2022-02-20,Furniture
8477,40,Male,62857.87,88,2021-08-27,Furniture
8478,18,Female,134796.65,16,2020-04-10,Electronics
8479,67,Male,24178.75,37,2023-04-08,Electronics
8480,65,Other,93768.37,28,2020-11-09,Sports
8481,46,Other,122515.59,93,2020-03-12,Electronics
8482,63,Other,28573.26,95,2021-10-29,Sports
8483,31,Other,100999.38,47,2020-10-31,Clothing
8484,65,Male,97217.53,76,2020-04-16,Clothing
8485,68,Male,121463.45,35,2020-10-23,Electronics
8486,40,Male,68899.65,28,2021-03-05,Grocery
8487,69,Female,124250.78,38,2021-11-23,Sports
8488,30,Other,147096.5,4,2023-06-27,Electronics
8489,27,Other,65346.83,25,2023-08-16,Clothing
8490,40,Female,139918.46,68,2021-02-03,Clothing
8491,36,Other,74780.24,74,2021-09-03,Grocery
8492,18,Male,60620.35,67,2021-02-13,Clothing
8493,54,Male,68099.72,2,2023-07-15,Furniture
8494,33,Other,61872.27,58,2021-06-01,Sports
8495,54,Male,56485.11,30,2022-04-29,Clothing
8496,31,Female,101902.82,55,2022-12-23,Grocery
8497,36,Male,95797.87,85,2020-11-11,Grocery
8498,48,Female,76906.07,21,2022-07-17,Electronics
8499,24,Other,64369.68,71,2020-05-21,Grocery
8500,38,Female,41338.56,70,2021-02-23,Electronics
8501,31,Female,147375.67,17,2020-05-22,Sports
8502,58,Other,141422.26,9,2020-09-15,Furniture
8503,43,Male,26627.25,89,2020-09-23,Clothing
8504,49,Male,47993.0,57,2021-09-21,Electronics
8505,40,Other,83569.96,56,2022-09-07,Electronics
8506,62,Female,83616.11,49,2021-02-19,Sports
8507,29,Female,141931.82,2,2022-05-10,Sports
8508,21,Female,47955.34,92,2021-02-13,Grocery
8509,50,Female,138329.03,86,2021-10-11,Grocery
8510,37,Other,43589.06,5,2022-05-28,Sports
8511,46,Female,125863.9,92,2023-05-21,Clothing
8512,68,Male,127107.9,6,2021-08-23,Clothing
8513,25,Female,149066.83,80,2021-07-17,Sports
8514,45,Male,144969.3,34,2022-12-23,Clothing
8515,55,Female,66585.5,40,2021-06-13,Sports
8516,43,Female,56840.83,11,2021-07-14,Electronics
8517,35,Male,98718.2,96,2020-03-30,Grocery
8518,18,Male,129927.33,68,2022-03-10,Furniture
8519,50,Other,51358.14,4,2020-12-01,Clothing
8520,43,Other,131140.93,38,2022-01-08,Sports
8521,21,Other,87234.26,53,2023-07-28,Grocery
8522,26,Other,144501.12,55,2021-09-23,Electronics
8523,46,Male,74813.25,59,2021-08-05,Grocery
8524,69,Female,45523.56,83,2021-09-29,Furniture
8525,35,Male,131935.88,1,2021-08-04,Sports
8526,25,Male,90927.84,61,2020-04-06,Furniture
8527,69,Male,89044.98,57,2023-12-25,Electronics
8528,50,Other,76776.16,51,2020-01-18,Furniture
8529,60,Male,112026.12,26,2022-04-05,Furniture
8530,21,Female,63327.05,63,2020-08-30,Clothing
8531,19,Female,129519.26,57,2021-02-16,Grocery
8532,65,Female,140316.83,78,2021-03-07,Grocery
8533,30,Other,95087.05,29,2021-01-20,Sports
8534,43,Male,100477.09,13,2020-09-19,Furniture
8535,35,Male,147519.67,76,2020-11-28,Grocery
8536,51,Male,36377.91,34,2022-08-04,Electronics
8537,68,Other,122697.51,23,2022-02-20,Electronics
8538,20,Other,47253.14,88,2021-11-24,Sports
8539,44,Male,72031.18,17,2023-03-25,Electronics
8540,39,Other,136417.12,56,2023-09-21,Grocery
8541,53,Female,39432.06,7,2022-10-26,Sports
8542,60,Other,23115.43,72,2023-08-20,Clothing
8543,63,Female,66790.72,26,2020-11-04,Grocery
8544,52,Male,42447.49,45,2023-06-06,Sports
8545,24,Other,85005.48,49,2021-07-09,Electronics
8546,35,Other,28443.19,29,2023-07-01,Electronics
8547,28,Male,97681.87,70,2023-08-26,Sports
8548,68,Male,108259.03,53,2021-07-12,Grocery
8549,46,Female,57223.6,59,2021-06-18,Sports
8550,56,Male,66958.47,3,2020-03-26,Furniture
8551,45,Male,85538.34,98,2020-02-24,Electronics
8552,56,Female,105405.71,91,2021-07-20,Electronics
8553,32,Male,128465.88,33,2021-11-07,Furniture
8554,42,Male,115821.21,34,2020-01-08,Sports
8555,64,Other,51885.08,34,2021-07-13,Clothing
8556,41,Other,148902.58,30,2021-02-10,Electronics
8557,42,Male,31779.64,36,2021-04-26,Sports
8558,33,Male,113551.46,24,2022-09-12,Clothing
8559,23,Other,104774.98,67,2020-12-08,Clothing
8560,39,Other,23608.22,63,2021-12-04,Clothing
8561,68,Other,81908.44,14,2021-09-01,Clothing
8562,47,Other,28536.49,64,2023-04-07,Grocery
8563,45,Female,95207.12,98,2023-07-30,Electronics
8564,52,Other,37508.96,66,2021-08-12,Sports
8565,51,Other,36079.33,63,2020-10-04,Furniture
8566,35,Male,83358.62,48,2020-02-26,Electronics
8567,67,Female,129992.38,9,2021-12-18,Furniture
8568,27,Male,37632.52,95,2020-04-24,Electronics
8569,18,Other,135987.8,27,2022-06-27,Clothing
8570,57,Male,53777.67,51,2021-01-26,Grocery
8571,54,Other,40876.75,31,2023-03-19,Furniture
8572,28,Male,93978.62,93,2023-03-31,Sports
8573,64,Other,47366.05,54,2021-10-09,Grocery
8574,48,Other,102268.17,38,2020-02-11,Electronics
8575,65,Male,99252.57,6,2020-02-12,Sports
8576,69,Other,84631.37,95,2023-10-20,Furniture
8577,26,Female,119217.76,49,2022-06-29,Furniture
8578,25,Male,45656.31,55,2023-12-05,Furniture
8579,56,Male,147465.78,28,2020-11-21,Furniture
8580,44,Female,126132.76,85,2020-06-09,Electronics
8581,58,Other,49859.61,76,2023-10-17,Furniture
8582,58,Male,46333.46,22,2021-07-15,Furniture
8583,40,Male,132492.17,37,2023-04-28,Electronics
8584,67,Female,79710.0,37,2023-04-18,Clothing
8585,18,Female,137815.67,42,2022-07-22,Electronics
8586,39,Other,84666.25,63,2022-07-19,Clothing
8587,46,Other,88210.77,33,2022-10-25,Clothing
8588,18,Male,122969.44,17,2022-03-01,Furniture
8589,25,Female,122440.05,45,2022-03-31,Sports
8590,67,Other,36850.54,34,2020-03-12,Electronics
8591,52,Female,38712.4,35,2020-03-30,Electronics
8592,55,Male,72711.03,96,2020-11-15,Furniture
8593,53,Male,70726.51,82,2022-07-21,Sports
8594,56,Female,58303.15,62,2021-08-17,Clothing
8595,33,Female,44626.09,74,2023-12-21,Grocery
8596,28,Male,79220.8,48,2022-12-31,Electronics
8597,64,Male,88751.43,24,2022-08-15,Grocery
8598,64,Female,94691.75,69,2023-02-21,Clothing
8599,43,Other,103388.23,47,2022-07-23,Grocery
8600,50,Male,34206.75,70,2021-07-23,Furniture
8601,48,Other,105541.31,23,2022-07-02,Clothing
8602,45,Male,125805.47,20,2021-07-06,Sports
8603,43,Male,77784.22,79,2022-04-13,Grocery
8604,19,Male,40809.83,35,2022-09-14,Sports
8605,65,Male,126970.66,49,2023-05-01,Grocery
8606,35,Other,99027.06,96,2022-06-29,Furniture
8607,48,Female,135185.71,54,2020-09-14,Sports
8608,24,Other,129494.23,69,2021-08-17,Clothing
8609,26,Other,146110.19,51,2023-12-13,Clothing
8610,66,Male,26690.62,3,2021-12-17,Furniture
8611,27,Female,62728.96,82,2020-01-04,Electronics
8612,52,Female,87430.99,83,2021-09-14,Electronics
8613,44,Male,109326.84,89,2020-05-17,Sports
8614,67,Other,122303.72,35,2023-12-26,Furniture
8615,35,Female,58864.96,83,2022-10-04,Furniture
8616,47,Male,32138.91,60,2021-09-22,Electronics
8617,31,Other,115659.01,62,2023-09-14,Sports
8618,49,Male,64060.97,39,2020-08-13,Furniture
8619,32,Other,60045.18,58,2020-06-04,Sports
8620,33,Male,70488.7,69,2023-09-13,Electronics
8621,31,Other,134182.88,63,2023-05-23,Sports
8622,46,Female,123769.46,63,2021-04-24,Grocery
8623,31,Other,102876.63,13,2023-10-27,Clothing
8624,27,Female,75040.43,91,2021-09-05,Sports
8625,49,Other,128714.68,90,2023-11-30,Sports
8626,64,Other,133510.61,27,2020-02-07,Sports
8627,58,Other,100820.6,62,2022-08-09,Clothing
8628,20,Female,121507.61,96,2023-06-18,Clothing
8629,49,Other,141906.24,11,2023-08-14,Sports
8630,64,Male,88015.15,85,2023-07-22,Clothing
8631,36,Other,146858.58,73,2023-12-28,Furniture
8632,36,Male,40737.43,61,2022-03-06,Sports
8633,68,Male,124685.19,94,2020-11-27,Furniture
8634,23,Other,130697.48,20,2022-10-17,Clothing
8635,35,Female,96316.86,26,2022-07-04,Furniture
8636,59,Female,25472.01,86,2022-03-02,Electronics
8637,31,Male,69327.36,47,2023-05-24,Electronics
8638,61,Female,63584.46,70,2020-06-29,Clothing
8639,58,Other,44768.59,73,2022-11-24,Sports
8640,20,Female,112296.05,82,2022-08-25,Clothing
8641,59,Other,93718.53,50,2020-10-09,Furniture
8642,30,Other,59370.5,29,2021-05-05,Electronics
8643,62,Other,137131.24,33,2020-12-16,Furniture
8644,66,Male,20918.99,82,2022-08-08,Furniture
8645,48,Other,144714.97,92,2023-11-27,Sports
8646,22,Other,103587.66,75,2020-02-28,Furniture
8647,59,Other,113424.41,3,2022-06-15,Grocery
8648,38,Male,51066.88,5,2022-06-21,Electronics
8649,38,Male,40189.46,13,2021-11-16,Grocery
8650,52,Female,94688.75,86,2023-02-20,Grocery
8651,55,Female,125631.04,39,2023-03-24,Electronics
8652,49,Female,76236.78,94,2020-01-10,Furniture
8653,34,Female,92807.26,61,2020-06-08,Grocery
8654,27,Other,79301.34,17,2023-05-01,Grocery
8655,59,Other,63647.86,41,2020-12-11,Sports
8656,23,Other,142503.61,26,2021-04-04,Clothing
8657,47,Female,105379.3,5,2020-07-27,Sports
8658,39,Male,33854.93,71,2021-05-29,Clothing
8659,37,Male,107855.2,72,2022-02-25,Furniture
8660,32,Other,110123.08,92,2022-07-10,Sports
8661,43,Other,56861.75,10,2020-09-27,Sports
8662,20,Female,147086.52,29,2020-05-24,Electronics
8663,59,Other,97923.56,71,2021-05-08,Sports
8664,62,Female,114027.46,84,2023-04-06,Sports
8665,29,Other,54466.97,41,2021-06-25,Electronics
8666,37,Male,33553.52,12,2021-12-17,Electronics
8667,34,Other,123464.23,87,2021-05-30,Sports
8668,38,Female,62012.74,45,2021-10-04,Clothing
8669,45,Female,31183.76,60,2023-09-11,Grocery
8670,42,Male,36696.43,72,2021-03-21,Electronics
8671,67,Female,68648.8,32,2022-02-15,Furniture
8672,32,Other,57208.25,22,2021-10-13,Grocery
8673,32,Other,96523.07,23,2023-06-02,Grocery
8674,31,Female,103789.91,19,2022-05-28,Clothing
8675,36,Other,107901.77,1,2023-07-25,Sports
8676,51,Female,81965.69,95,2021-04-11,Clothing
8677,29,Other,23048.54,43,2020-02-22,Grocery
8678,42,Male,121118.31,59,2020-08-11,Furniture
8679,38,Female,90002.43,50,2023-03-29,Clothing
8680,47,Female,147694.23,10,2022-10-13,Grocery
8681,58,Male,48282.34,82,2021-08-11,Furniture
8682,26,Male,39456.07,55,2022-08-14,Grocery
8683,44,Other,81562.1,13,2022-01-02,Grocery
8684,64,Male,86662.64,52,2023-08-10,Clothing
8685,23,Male,119227.83,56,2022-08-15,Grocery
8686,34,Female,110782.06,48,2022-07-27,Grocery
8687,35,Female,125217.24,11,2023-12-05,Furniture
8688,62,Male,124707.91,56,2022-01-02,Clothing
8689,27,Other,91379.12,61,2021-08-29,Furniture
8690,41,Male,51867.68,90,2020-04-26,Electronics
8691,45,Female,61933.25,68,2022-06-07,Sports
8692,36,Female,70880.66,98,2023-08-03,Clothing
8693,48,Male,93199.38,51,2022-11-21,Sports
8694,61,Female,55115.67,55,2021-02-10,Sports
8695,61,Female,23987.48,16,2023-09-01,Furniture
8696,42,Male,124581.8,91,2020-09-12,Furniture
8697,43,Female,124520.11,96,2020-10-19,Furniture
8698,65,Other,22941.25,85,2021-01-01,Electronics
8699,67,Female,143828.15,93,2022-05-14,Sports
8700,31,Female,97810.69,71,2021-09-12,Furniture
8701,19,Other,54718.61,40,2022-10-26,Furniture
8702,27,Female,120357.53,83,2021-11-14,Clothing
8703,41,Other,31899.94,95,2023-06-21,Clothing
8704,23,Male,124197.86,81,2021-11-24,Electronics
8705,50,Other,78351.45,85,2020-11-12,Electronics
8706,36,Female,82872.76,50,2023-08-12,Furniture
8707,27,Other,47290.89,14,2022-02-15,Sports
8708,52,Other,41306.85,24,2021-08-30,Furniture
8709,54,Female,91689.33,43,2020-10-16,Electronics
8710,37,Male,149611.2,73,2022-07-17,Furniture
8711,33,Female,116078.55,57,2023-02-09,Grocery
8712,59,Male,35671.05,12,2023-12-31,Clothing
8713,33,Male,51047.98,49,2023-03-30,Sports
8714,64,Other,55758.47,100,2023-12-23,Sports
8715,37,Male,54193.34,73,2022-02-25,Furniture
8716,48,Male,58769.29,33,2023-06-27,Electronics
8717,21,Other,83388.93,25,2021-12-29,Clothing
8718,37,Female,21264.05,97,2020-01-14,Furniture
8719,36,Other,102769.71,31,2021-11-25,Clothing
8720,59,Other,109461.46,2,2022-05-07,Electronics
8721,52,Female,146050.71,52,2023-07-15,Furniture
8722,45,Male,118084.8,43,2021-01-06,Furniture
8723,27,Other,84384.53,18,2020-04-15,Electronics
8724,64,Female,93951.49,10,2020-11-23,Sports
8725,41,Other,47400.86,100,2023-05-27,Grocery
8726,18,Female,26723.27,87,2021-07-13,Grocery
8727,46,Other,133571.51,11,2021-07-10,Grocery
8728,49,Other,49558.1,75,2020-09-28,Clothing
8729,54,Male,96893.8,66,2021-06-17,Electronics
8730,39,Other,36821.84,23,2022-10-11,Furniture
8731,18,Other,95469.35,49,2022-05-19,Grocery
8732,60,Male,75795.19,65,2021-12-03,Furniture
8733,32,Male,147538.45,67,2022-02-25,Furniture
8734,30,Male,84762.09,37,2020-08-22,Furniture
8735,57,Other,47668.75,83,2021-12-09,Grocery
8736,38,Female,129249.68,93,2022-01-12,Clothing
8737,58,Other,144232.72,18,2022-07-15,Furniture
8738,61,Male,141281.24,28,2020-02-23,Clothing
8739,57,Female,91113.03,60,2021-02-10,Electronics
8740,49,Female,48230.64,66,2022-10-14,Clothing
8741,64,Female,142775.1,64,2023-10-17,Clothing
8742,49,Other,67330.7,45,2021-09-27,Furniture
8743,25,Female,23788.18,46,2022-02-15,Furniture
8744,50,Other,69251.05,54,2022-02-20,Electronics
8745,32,Male,79476.92,95,2020-07-06,Furniture
8746,63,Other,105575.49,19,2021-08-15,Electronics
8747,59,Other,139768.83,96,2020-08-03,Sports
8748,18,Male,74556.68,23,2021-04-11,Grocery
8749,40,Female,128694.2,45,2020-12-31,Furniture
8750,21,Female,114102.44,25,2020-09-24,Clothing
8751,33,Other,135581.25,27,2023-09-20,Sports
8752,40,Female,93228.93,57,2020-03-24,Grocery
8753,40,Male,95905.21,55,2021-12-23,Grocery
8754,33,Female,122177.01,58,2022-06-18,Clothing
8755,66,Female,142364.86,26,2020-04-19,Clothing
8756,37,Male,114908.4,2,2020-03-03,Clothing
8757,53,Male,32954.79,23,2023-07-14,Electronics
8758,51,Male,97493.31,93,2021-08-16,Electronics
8759,29,Female,103334.07,63,2023-12-21,Grocery
8760,36,Female,128088.5,33,2022-05-02,Furniture
8761,67,Female,23308.75,74,2023-07-18,Electronics
8762,29,Female,131567.58,25,2021-09-24,Sports
8763,38,Male,100378.15,95,2021-12-04,Electronics
8764,34,Female,98710.97,82,2020-07-07,Clothing
8765,68,Other,68287.16,92,2020-06-22,Electronics
8766,45,Female,132477.56,83,2021-02-01,Grocery
8767,35,Other,81542.67,55,2021-03-13,Clothing
8768,45,Other,86617.88,63,2023-05-26,Furniture
8769,63,Other,71450.62,83,2023-04-19,Furniture
8770,64,Other,120164.68,34,2021-05-13,Furniture
8771,49,Male,73809.17,71,2023-03-03,Grocery
8772,64,Other,93936.76,77,2023-10-26,Grocery
8773,55,Other,28528.23,13,2022-12-20,Grocery
8774,50,Other,117970.21,77,2021-02-26,Clothing
8775,60,Other,52629.37,94,2020-11-14,Furniture
8776,32,Female,110242.27,73,2020-04-22,Grocery
8777,52,Other,83515.11,58,2022-05-03,Sports
8778,61,Female,39687.26,6,2020-06-04,Sports
8779,35,Male,136485.89,37,2020-12-11,Electronics
8780,49,Female,106176.82,1,2020-07-25,Sports
8781,22,Female,121237.65,87,2022-04-04,Sports
8782,18,Female,24643.84,68,2023-06-18,Clothing
8783,36,Male,60543.8,76,2021-02-14,Sports
8784,62,Female,36129.06,62,2020-07-15,Furniture
8785,30,Other,74099.03,25,2023-07-03,Sports
8786,32,Other,140930.8,30,2021-12-07,Furniture
8787,23,Male,126590.18,50,2021-08-23,Clothing
8788,68,Other,87599.07,21,2022-12-16,Electronics
8789,31,Male,84750.83,8,2020-09-29,Electronics
8790,61,Other,144104.44,7,2020-01-19,Sports
8791,50,Male,120528.06,94,2021-06-28,Sports
8792,63,Other,71341.55,70,2020-12-29,Furniture
8793,28,Male,89040.12,50,2020-03-18,Grocery
8794,67,Male,58196.28,71,2020-05-12,Sports
8795,64,Male,61148.96,21,2023-07-10,Electronics
8796,42,Male,71314.71,79,2023-09-29,Furniture
8797,56,Female,78606.06,84,2021-10-29,Grocery
8798,65,Female,33229.23,25,2020-04-29,Furniture
8799,18,Other,90246.77,100,2023-11-25,Furniture
8800,45,Female,85631.69,42,2021-02-23,Electronics
8801,31,Other,38342.32,39,2023-06-30,Clothing
8802,27,Female,24969.44,15,2022-03-19,Electronics
8803,45,Male,82445.3,60,2020-01-03,Clothing
8804,32,Male,36666.67,43,2023-10-29,Grocery
8805,23,Female,64667.21,43,2023-05-01,Grocery
8806,63,Other,45182.23,30,2023-02-14,Sports
8807,42,Female,96757.79,46,2020-12-01,Furniture
8808,64,Female,22133.42,98,2021-11-23,Electronics
8809,67,Female,27128.88,38,2023-09-07,Furniture
8810,46,Other,40117.47,62,2022-09-07,Electronics
8811,19,Female,141227.64,27,2020-12-09,Grocery
8812,23,Male,34840.22,25,2021-12-02,Furniture
8813,61,Male,105120.8,99,2020-03-31,Clothing
8814,23,Female,115863.51,87,2022-03-22,Grocery
8815,26,Male,102230.66,75,2021-10-19,Clothing
8816,60,Other,89734.89,97,2023-04-25,Furniture
8817,34,Female,67783.14,94,2021-02-02,Furniture
8818,36,Male,127417.77,89,2022-09-26,Clothing
8819,28,Other,140665.25,28,2020-08-16,Grocery
8820,19,Male,28798.69,5,2022-09-15,Grocery
8821,57,Male,147632.42,20,2021-01-11,Furniture
8822,55,Female,39215.53,82,2022-09-11,Electronics
8823,51,Male,127835.22,92,2022-08-30,Grocery
8824,52,Other,21044.34,26,2020-04-07,Grocery
8825,53,Other,31771.95,31,2022-02-03,Furniture
8826,36,Male,50882.66,82,2020-08-14,Clothing
8827,28,Male,47938.83,62,2021-03-23,Sports
8828,34,Other,30347.2,3,2020-06-01,Electronics
8829,60,Male,115915.8,77,2023-10-13,Electronics
8830,44,Male,44989.33,83,2023-06-13,Sports
8831,25,Male,52195.73,34,2023-10-14,Grocery
8832,51,Other,135777.76,55,2020-01-07,Clothing
8833,58,Male,74134.92,59,2022-03-09,Grocery
8834,20,Male,50440.18,67,2021-01-10,Sports
8835,69,Other,73952.75,95,2022-01-30,Clothing
8836,47,Male,86036.42,79,2020-11-21,Sports
8837,52,Male,72580.39,16,2021-05-28,Clothing
8838,62,Male,21523.72,42,2022-06-23,Furniture
8839,36,Other,79191.36,9,2021-10-27,Sports
8840,20,Other,77931.5,9,2021-06-01,Clothing
8841,27,Female,60708.08,20,2021-10-05,Electronics
8842,47,Other,64281.81,2,2021-12-10,Furniture
8843,54,Male,30954.22,32,2021-10-15,Clothing
8844,19,Female,20427.83,28,2023-02-07,Grocery
8845,52,Female,118868.4,60,2021-01-19,Furniture
8846,64,Other,26792.88,49,2023-08-01,Clothing
8847,56,Male,143097.38,91,2022-08-12,Sports
8848,46,Female,105318.62,98,2023-11-05,Grocery
8849,54,Male,40430.66,47,2022-06-07,Furniture
8850,49,Other,61737.17,66,2020-08-21,Sports
8851,33,Female,120007.52,48,2022-05-30,Furniture
8852,43,Female,79540.73,78,2022-09-11,Furniture
8853,36,Other,96698.67,28,2020-08-10,Grocery
8854,44,Other,23688.7,94,2020-02-20,Grocery
8855,23,Female,49008.77,84,2022-02-23,Grocery
8856,28,Male,140302.15,79,2020-03-14,Sports
8857,47,Other,141045.94,3,2020-01-03,Clothing
8858,63,Female,119297.95,82,2023-06-11,Furniture
8859,55,Female,43298.06,69,2023-03-22,Electronics
8860,18,Male,91521.68,31,2022-11-01,Sports
8861,55,Other,32315.77,41,2021-05-27,Sports
8862,55,Female,74167.12,48,2022-10-25,Sports
8863,35,Other,63668.87,45,2023-07-23,Furniture
8864,60,Female,119379.5,60,2022-06-11,Grocery
8865,27,Male,55044.84,49,2020-08-08,Electronics
8866,50,Male,31434.09,100,2023-02-20,Sports
8867,63,Other,45139.97,1,2020-12-20,Electronics
8868,56,Other,59011.58,19,2021-10-31,Clothing
8869,26,Female,55645.39,54,2022-05-06,Electronics
8870,53,Male,42973.81,51,2020-11-20,Clothing
8871,60,Male,72728.29,84,2020-10-07,Furniture
8872,27,Male,94531.65,13,2020-04-26,Clothing
8873,23,Other,71108.63,4,2022-01-25,Furniture
8874,52,Male,109232.21,16,2022-04-22,Furniture
8875,35,Other,61674.92,52,2020-02-01,Clothing
8876,21,Other,58689.35,51,2020-08-24,Electronics
8877,26,Male,98795.66,71,2021-10-04,Electronics
8878,29,Female,116552.57,31,2021-09-29,Electronics
8879,66,Female,43657.78,40,2021-04-27,Sports
8880,64,Other,48447.95,90,2022-07-26,Electronics
8881,45,Other,96084.17,7,2023-06-14,Electronics
8882,35,Female,20723.17,68,2023-05-11,Sports
8883,69,Male,29016.11,26,2022-07-24,Furniture
8884,57,Other,132127.41,88,2021-01-06,Grocery
8885,19,Female,22442.88,42,2022-04-02,Electronics
8886,63,Other,140376.61,96,2020-05-28,Electronics
8887,62,Other,117805.42,47,2023-04-13,Electronics
8888,42,Other,81641.27,97,2023-08-09,Sports
8889,66,Male,51625.67,5,2022-03-29,Furniture
8890,46,Male,124627.48,18,2021-02-08,Clothing
8891,26,Male,107940.49,3,2022-04-01,Furniture
8892,68,Male,93681.95,100,2021-03-08,Furniture
8893,46,Other,77792.2,91,2022-12-21,Grocery
8894,46,Other,105162.76,15,2023-07-15,Furniture
8895,25,Male,88030.95,52,2022-07-15,Sports
8896,31,Male,127354.46,34,2022-03-16,Electronics
8897,67,Male,72342.82,7,2022-01-19,Furniture
8898,49,Female,56538.35,99,2023-06-07,Electronics
8899,39,Male,141471.57,13,2023-09-16,Sports
8900,25,Male,95088.88,65,2020-10-04,Clothing
8901,56,Other,149138.85,39,2021-07-02,Clothing
8902,30,Male,91914.83,12,2020-09-08,Electronics
8903,39,Other,33292.06,4,2022-03-10,Electronics
8904,55,Male,68076.72,9,2022-10-15,Furniture
8905,34,Female,112203.27,93,2021-04-07,Electronics
8906,57,Female,70748.78,20,2020-11-22,Sports
8907,57,Other,26292.01,55,2022-10-03,Grocery
8908,19,Other,94994.67,2,2020-12-12,Grocery
8909,69,Female,32932.84,50,2021-12-01,Clothing
8910,19,Male,29986.78,86,2023-12-24,Electronics
8911,41,Other,110220.85,76,2023-12-25,Furniture
8912,32,Other,124489.23,65,2020-05-25,Electronics
8913,40,Other,47816.04,76,2022-08-06,Grocery
8914,52,Male,36536.53,5,2020-09-19,Grocery
8915,55,Female,84816.66,61,2022-12-25,Electronics
8916,48,Female,105254.06,63,2021-05-29,Grocery
8917,61,Male,23335.34,17,2022-04-24,Furniture
8918,48,Female,86590.64,49,2021-10-30,Clothing
8919,28,Other,126987.76,75,2022-04-07,Sports
8920,28,Other,107289.92,15,2023-09-02,Grocery
8921,67,Female,114405.32,58,2020-01-16,Grocery
8922,38,Female,29611.6,27,2021-04-19,Electronics
8923,38,Other,66104.1,22,2021-09-08,Sports
8924,42,Other,104566.3,12,2021-07-27,Sports
8925,28,Other,87477.36,85,2020-05-19,Electronics
8926,46,Male,131452.15,40,2022-11-04,Furniture
8927,35,Female,80669.87,72,2020-09-30,Furniture
8928,30,Male,43609.1,96,2020-06-10,Clothing
8929,23,Male,149608.63,51,2022-03-14,Furniture
8930,35,Female,27646.0,47,2020-04-27,Furniture
8931,35,Male,30055.3,97,2022-08-31,Furniture
8932,25,Female,48151.24,29,2022-03-10,Clothing
8933,30,Female,91631.99,28,2020-05-01,Sports
8934,50,Other,94514.93,3,2020-12-15,Clothing
8935,42,Male,86225.29,5,2021-07-28,Sports
8936,38,Other,52618.85,82,2020-07-16,Grocery
8937,57,Female,139442.25,54,2020-05-12,Clothing
8938,24,Male,79138.82,4,2021-01-03,Sports
8939,52,Male,140921.17,26,2022-07-09,Grocery
8940,41,Other,139161.28,99,2021-06-15,Sports
8941,32,Male,26497.73,78,2021-11-27,Clothing
8942,51,Female,36549.49,85,2020-08-17,Sports
8943,24,Other,51040.4,18,2023-10-25,Clothing
8944,46,Male,124262.99,30,2022-08-05,Electronics
8945,36,Other,111110.97,26,2021-09-29,Grocery
8946,56,Female,112416.36,50,2021-08-23,Electronics
8947,65,Other,85398.15,62,2022-02-21,Furniture
8948,67,Male,29027.24,24,2021-03-26,Furniture
8949,43,Female,130482.22,18,2023-07-04,Clothing
8950,34,Male,36341.76,28,2023-04-22,Sports
8951,57,Female,106738.14,46,2022-01-15,Electronics
8952,33,Female,147338.17,75,2023-06-29,Furniture
8953,21,Male,117467.01,43,2020-09-17,Furniture
8954,34,Other,67014.09,5,2022-09-11,Sports
8955,43,Female,86222.56,75,2021-09-24,Furniture
8956,28,Female,146475.5,61,2020-07-22,Clothing
8957,50,Male,59937.79,19,2021-08-21,Furniture
8958,63,Other,59091.46,41,2023-10-18,Sports
8959,27,Other,145603.73,60,2020-06-30,Sports
8960,36,Male,37146.5,100,2022-12-17,Sports
8961,48,Other,62265.98,53,2022-03-23,Sports
8962,37,Female,32996.72,38,2020-03-14,Sports
8963,43,Male,21991.53,58,2021-06-15,Sports
8964,65,Female,143440.1,25,2022-06-18,Clothing
8965,56,Male,77050.0,20,2020-01-26,Furniture
8966,63,Female,106314.8,63,2023-08-07,Sports
8967,46,Male,126466.55,21,2022-09-20,Clothing
8968,19,Other,47532.47,24,2021-03-16,Grocery
8969,23,Male,131926.43,62,2020-06-05,Electronics
8970,53,Female,105105.67,42,2020-11-09,Clothing
8971,33,Female,88988.03,1,2023-10-31,Clothing
8972,56,Male,96090.65,66,2023-04-03,Grocery
8973,31,Other,85124.28,56,2022-10-19,Furniture
8974,68,Female,111171.84,20,2022-09-13,Furniture
8975,26,Other,72162.35,12,2020-10-01,Sports
8976,52,Male,51582.08,83,2022-02-22,Clothing
8977,49,Female,111838.73,61,2021-01-29,Grocery
8978,50,Female,81767.36,6,2020-12-22,Sports
8979,24,Other,79623.02,100,2023-10-23,Sports
8980,64,Female,133648.43,40,2021-01-22,Grocery
8981,48,Male,28733.28,22,2020-07-21,Electronics
8982,63,Male,86687.28,10,2023-07-21,Clothing
8983,45,Other,57016.64,58,2022-04-28,Sports
8984,42,Female,149564.14,44,2020-03-21,Sports
8985,32,Other,58458.88,84,2020-01-10,Electronics
8986,31,Female,21804.41,54,2021-11-30,Clothing
8987,22,Male,44997.56,43,2022-05-04,Clothing
8988,52,Female,71550.99,74,2023-03-04,Electronics
8989,22,Female,138717.16,8,2020-10-12,Furniture
8990,20,Male,37231.45,8,2020-11-30,Electronics
8991,57,Male,36398.8,63,2021-03-26,Grocery
8992,50,Other,32897.97,52,2020-11-16,Clothing
8993,43,Male,144768.18,48,2021-08-03,Grocery
8994,32,Female,92969.55,39,2023-10-30,Furniture
8995,20,Female,136035.47,48,2021-06-24,Grocery
8996,37,Female,59217.52,73,2022-04-24,Sports
8997,36,Other,45051.36,3,2021-05-04,Furniture
8998,37,Female,20583.43,88,2022-01-18,Grocery
8999,35,Male,129008.29,68,2022-01-26,Furniture
9000,53,Male,99623.39,52,2021-09-09,Electronics
9001,18,Female,118881.32,68,2023-11-07,Furniture
9002,30,Male,51815.57,53,2021-11-03,Grocery
9003,41,Other,59690.18,16,2021-01-20,Furniture
9004,60,Other,110209.33,78,2023-12-10,Furniture
9005,50,Male,96348.19,36,2023-04-19,Furniture
9006,45,Other,48418.7,25,2022-12-14,Furniture
9007,33,Male,83169.83,7,2023-12-23,Furniture
9008,27,Other,26842.36,36,2022-11-19,Sports
9009,67,Male,77783.15,27,2021-02-14,Clothing
9010,50,Female,66569.44,56,2020-12-20,Electronics
9011,56,Other,53043.85,91,2020-12-15,Grocery
9012,44,Female,138862.71,81,2022-02-19,Sports
9013,62,Other,39504.61,42,2023-11-23,Grocery
9014,27,Female,50767.16,81,2023-06-21,Grocery
9015,33,Male,85998.4,21,2020-12-29,Grocery
9016,29,Female,71944.76,7,2020-09-18,Furniture
9017,27,Other,64865.36,88,2023-11-24,Sports
9018,39,Other,45881.62,81,2021-10-06,Grocery
9019,59,Female,85735.56,87,2020-08-14,Electronics
9020,24,Female,78203.5,91,2021-10-15,Furniture
9021,53,Other,95031.93,67,2020-03-16,Clothing
9022,33,Male,88720.53,7,2022-04-11,Grocery
9023,32,Female,93648.71,45,2022-12-31,Furniture
9024,48,Female,30251.07,60,2020-12-03,Furniture
9025,37,Other,28259.98,17,2020-12-04,Furniture
9026,46,Male,68633.29,19,2021-07-01,Sports
9027,45,Female,31780.38,78,2023-05-24,Sports
9028,49,Other,37505.76,15,2022-05-29,Electronics
9029,30,Male,132975.8,40,2021-03-27,Grocery
9030,64,Male,95505.23,27,2020-04-21,Electronics
9031,20,Male,40948.16,89,2020-02-07,Sports
9032,65,Other,119394.95,3,2022-12-25,Grocery
9033,30,Female,38444.23,79,2022-12-08,Sports
9034,19,Female,36745.48,65,2023-08-17,Furniture
9035,67,Other,42728.24,21,2022-08-29,Sports
9036,42,Male,106998.25,25,2020-07-29,Electronics
9037,29,Male,61879.52,66,2023-10-17,Electronics
9038,22,Other,131807.63,13,2021-02-18,Electronics
9039,20,Female,89121.6,86,2022-06-19,Furniture
9040,53,Male,53796.17,7,2022-12-18,Sports
9041,25,Male,116046.32,13,2021-07-03,Furniture
9042,42,Female,82666.53,35,2021-03-20,Furniture
9043,48,Male,35359.02,65,2023-10-21,Sports
9044,22,Other,71042.98,68,2020-02-16,Sports
9045,69,Female,126754.4,23,2023-12-30,Grocery
9046,60,Female,83838.23,78,2022-01-02,Clothing
9047,48,Female,40357.12,57,2022-08-05,Furniture
9048,27,Female,129194.15,12,2023-10-01,Sports
9049,26,Other,88512.54,59,2023-04-17,Clothing
9050,22,Male,146337.73,81,2023-02-02,Furniture
9051,33,Other,27977.13,76,2023-03-10,Furniture
9052,48,Female,98242.72,86,2022-10-23,Electronics
9053,18,Other,50824.18,70,2023-05-20,Clothing
9054,58,Female,30527.54,82,2023-09-15,Furniture
9055,19,Other,133610.75,26,2022-02-03,Electronics
9056,60,Female,90875.82,10,2021-10-19,Furniture
9057,53,Female,61853.69,85,2022-08-02,Clothing
9058,20,Male,102477.08,42,2022-09-17,Furniture
9059,69,Other,49772.27,24,2023-01-01,Clothing
9060,48,Other,57901.01,22,2021-09-13,Clothing
9061,36,Other,26092.81,99,2021-02-11,Clothing
9062,65,Other,113581.94,81,2020-11-29,Electronics
9063,42,Male,69418.13,61,2022-01-24,Electronics
9064,27,Other,60831.13,78,2022-06-21,Sports
9065,38,Female,99534.13,20,2021-07-03,Furniture
9066,25,Male,112047.38,82,2023-04-09,Sports
9067,67,Male,49695.5,82,2020-12-08,Sports
9068,51,Female,133421.28,53,2020-10-09,Sports
9069,51,Other,70996.53,64,2022-09-11,Clothing
9070,21,Other,121660.26,88,2023-05-08,Sports
9071,53,Male,133793.79,53,2023-03-07,Sports
9072,57,Male,63986.13,61,2021-01-10,Furniture
9073,58,Male,129900.65,85,2023-11-22,Sports
9074,65,Other,70472.73,65,2023-09-09,Grocery
9075,56,Female,21208.59,88,2023-02-08,Electronics
9076,52,Other,128800.25,56,2023-09-02,Electronics
9077,58,Female,123462.95,22,2021-08-14,Electronics
9078,27,Female,36238.71,44,2020-04-25,Clothing
9079,44,Male,47062.09,8,2021-05-13,Sports
9080,67,Male,75386.23,44,2020-12-30,Clothing
9081,33,Female,123371.1,60,2021-06-27,Electronics
9082,66,Male,28220.77,32,2020-05-26,Furniture
9083,22,Female,22247.32,38,2020-03-22,Electronics
9084,65,Female,66459.53,98,2022-06-10,Electronics
9085,21,Other,57299.9,33,2022-02-04,Sports
9086,38,Male,107729.17,35,2023-12-24,Electronics
9087,25,Other,78788.8,60,2021-01-16,Grocery
9088,43,Other,114163.48,40,2021-02-08,Clothing
9089,48,Other,132547.71,21,2023-11-21,Sports
9090,32,Female,30886.6,14,2020-11-11,Furniture
9091,44,Male,38566.5,1,2020-11-07,Clothing
9092,48,Male,132575.02,66,2020-01-08,Electronics
9093,67,Female,66446.02,52,2023-05-16,Sports
9094,37,Male,46290.12,93,2022-02-17,Clothing
9095,36,Female,46253.96,62,2022-06-04,Furniture
9096,27,Female,88980.92,2,2022-03-16,Clothing
9097,26,Male,116000.61,43,2020-07-20,Grocery
9098,46,Other,137925.62,18,2021-06-07,Grocery
9099,34,Female,124902.62,22,2021-10-31,Sports
9100,32,Other,148030.45,77,2023-04-04,Clothing
9101,22,Male,112729.79,32,2022-05-27,Sports
9102,26,Other,137464.9,8,2023-06-26,Clothing
9103,45,Female,126902.52,96,2020-12-05,Grocery
9104,32,Male,110579.84,21,2020-12-06,Furniture
9105,42,Male,20436.88,38,2020-08-17,Furniture
9106,33,Female,93766.18,58,2023-10-07,Grocery
9107,56,Other,130204.58,11,2022-04-22,Electronics
9108,59,Female,138778.57,83,2022-08-29,Furniture
9109,51,Other,117733.52,44,2020-09-08,Sports
9110,23,Other,67014.12,60,2023-10-22,Sports
9111,60,Other,76044.24,53,2023-05-22,Grocery
9112,44,Other,73374.51,42,2020-04-06,Grocery
9113,20,Other,28135.34,32,2020-06-13,Clothing
9114,48,Other,131587.57,3,2023-10-15,Grocery
9115,68,Other,146318.41,49,2022-10-22,Sports
9116,32,Other,118437.82,21,2022-12-02,Furniture
9117,23,Female,149428.88,3,2021-11-07,Grocery
9118,67,Male,33141.79,95,2022-01-17,Sports
9119,68,Male,43103.48,8,2023-06-18,Sports
9120,49,Other,29735.47,44,2020-08-02,Clothing
9121,50,Male,91653.45,27,2020-03-01,Electronics
9122,56,Other,104547.04,54,2020-10-24,Furniture
9123,39,Male,66999.3,53,2022-04-07,Sports
9124,28,Female,96070.95,72,2022-06-05,Grocery
9125,67,Male,125039.95,91,2020-07-09,Sports
9126,26,Other,83278.44,75,2021-11-02,Clothing
9127,56,Female,104962.23,49,2020-03-20,Sports
9128,67,Female,66524.79,88,2021-03-18,Clothing
9129,30,Female,80411.05,92,2021-10-02,Clothing
9130,20,Male,70105.27,70,2023-11-05,Grocery
9131,54,Female,84989.57,79,2022-03-08,Furniture
9132,22,Female,131767.52,38,2023-07-06,Electronics
9133,25,Male,62121.7,70,2023-11-11,Sports
9134,54,Other,81522.6,10,2021-03-17,Sports
9135,46,Male,41680.34,43,2022-11-18,Clothing
9136,30,Other,84942.13,25,2020-12-16,Clothing
9137,34,Male,37450.1,12,2020-08-01,Furniture
9138,37,Male,143976.76,38,2022-02-05,Furniture
9139,32,Male,125974.49,42,2020-07-01,Clothing
9140,37,Female,114232.86,29,2021-10-26,Sports
9141,46,Female,139682.35,44,2021-12-06,Furniture
9142,65,Male,55555.84,10,2021-06-17,Electronics
9143,33,Male,27159.67,77,2020-07-19,Clothing
9144,48,Female,137146.17,59,2020-10-06,Clothing
9145,24,Male,124430.0,19,2023-02-08,Electronics
9146,30,Female,75098.17,78,2022-06-05,Grocery
9147,63,Other,134454.88,82,2023-07-10,Grocery
9148,21,Other,30580.83,5,2020-07-29,Grocery
9149,40,Male,38287.69,47,2023-05-12,Furniture
9150,29,Male,79405.5,41,2023-08-12,Electronics
9151,31,Other,30979.85,48,2020-07-14,Electronics
9152,38,Female,118945.04,96,2020-03-31,Sports
9153,56,Male,53344.44,41,2021-05-09,Sports
9154,31,Other,59558.38,18,2021-11-18,Furniture
9155,39,Female,127371.16,23,2020-12-30,Grocery
9156,36,Female,72445.63,1,2023-05-19,Sports
9157,36,Other,128608.35,84,2020-09-19,Furniture
9158,41,Male,49214.43,37,2023-12-05,Clothing
9159,56,Other,104334.64,38,2021-12-19,Furniture
9160,48,Other,50481.63,73,2023-05-29,Clothing
9161,54,Female,79604.76,65,2022-08-04,Clothing
9162,38,Other,136470.9,33,2022-03-24,Electronics
9163,39,Other,76347.37,1,2021-12-15,Grocery
9164,18,Female,115049.44,41,2021-06-07,Grocery
9165,46,Male,84442.17,53,2023-03-02,Furniture
9166,42,Male,128383.54,58,2021-06-23,Grocery
9167,27,Other,117347.13,12,2023-07-30,Clothing
9168,67,Other,107290.61,78,2021-03-27,Clothing
9169,20,Female,47085.65,45,2023-01-26,Electronics
9170,44,Female,131784.79,31,2021-05-26,Sports
9171,57,Male,74551.87,16,2022-12-27,Furniture
9172,22,Other,75458.92,88,2023-05-13,Furniture
9173,58,Female,141753.65,31,2022-11-19,Furniture
9174,63,Male,65377.95,50,2021-08-30,Furniture
9175,53,Other,83439.79,34,2021-12-12,Electronics
9176,61,Female,38819.99,60,2023-04-13,Grocery
9177,69,Female,63332.67,77,2020-09-18,Grocery
9178,35,Male,86555.1,61,2023-12-12,Furniture
9179,41,Other,79295.17,85,2023-07-02,Sports
9180,56,Male,120735.48,2,2022-07-05,Grocery
9181,37,Male,121553.61,62,2022-10-12,Electronics
9182,18,Other,110422.87,93,2020-07-06,Electronics
9183,35,Other,42917.85,17,2020-07-10,Grocery
9184,56,Other,21481.84,20,2022-02-01,Sports
9185,28,Female,119112.22,16,2021-01-16,Furniture
9186,46,Male,101198.56,86,2023-03-07,Clothing
9187,50,Male,39802.42,97,2020-03-13,Clothing
9188,47,Female,94956.11,38,2021-02-11,Electronics
9189,60,Male,147224.75,16,2021-02-06,Clothing
9190,58,Female,118158.85,66,2023-06-24,Electronics
9191,65,Other,147453.9,49,2022-05-08,Furniture
9192,39,Other,81929.8,20,2023-08-19,Furniture
9193,67,Male,36902.93,5,2023-02-23,Grocery
9194,55,Female,109859.47,98,2023-04-06,Electronics
9195,49,Other,37809.86,67,2023-10-30,Sports
9196,40,Female,115525.34,51,2020-11-24,Furniture
9197,45,Male,147435.5,93,2022-07-12,Furniture
9198,33,Male,147856.44,48,2023-09-05,Clothing
9199,23,Male,66586.72,46,2023-11-10,Clothing
9200,52,Male,118301.93,34,2022-09-22,Sports
9201,26,Male,141128.42,14,2020-01-19,Electronics
9202,69,Male,98996.62,46,2022-07-17,Grocery
9203,20,Female,141681.73,88,2021-12-02,Sports
9204,39,Other,53896.49,52,2022-05-08,Furniture
9205,25,Male,53331.23,32,2021-04-12,Clothing
9206,66,Male,26650.99,32,2022-08-14,Sports
9207,31,Other,35656.85,90,2020-03-08,Sports
9208,33,Male,134325.75,60,2020-02-25,Furniture
9209,36,Female,116200.04,75,2023-04-16,Sports
9210,20,Other,78204.62,61,2023-07-09,Sports
9211,23,Male,40448.73,29,2021-01-13,Clothing
9212,69,Male,76493.2,59,2021-11-09,Grocery
9213,50,Other,126301.8,24,2020-09-03,Clothing
9214,52,Other,45144.68,52,2023-05-24,Furniture
9215,56,Female,85756.46,34,2021-07-02,Clothing
9216,52,Male,25111.34,55,2020-11-23,Furniture
9217,39,Female,67520.48,96,2023-03-10,Sports
9218,66,Male,91311.48,61,2022-10-29,Furniture
9219,32,Other,128503.69,46,2022-11-04,Grocery
9220,35,Female,141824.04,30,2023-06-16,Electronics
9221,66,Female,104237.04,5,2023-09-19,Clothing
9222,44,Male,106652.09,80,2023-08-06,Electronics
9223,21,Other,33628.77,99,2021-06-11,Electronics
9224,31,Male,129180.73,77,2023-08-28,Grocery
9225,36,Female,88821.15,38,2022-06-03,Furniture
9226,55,Female,139488.41,14,2020-05-23,Sports
9227,38,Male,84913.69,39,2021-07-20,Furniture
9228,63,Other,60131.44,30,2023-08-22,Grocery
9229,60,Female,79274.59,20,2021-01-19,Sports
9230,50,Other,105488.02,90,2020-08-16,Clothing
9231,53,Female,32947.9,93,2023-12-29,Electronics
9232,42,Female,143537.21,64,2021-01-26,Clothing
9233,58,Male,87509.44,71,2022-12-08,Furniture
9234,57,Male,79400.55,9,2022-08-03,Electronics
9235,19,Other,116794.67,55,2023-02-18,Electronics
9236,45,Female,44211.62,71,2022-11-24,Grocery
9237,30,Male,45732.53,18,2023-12-21,Grocery
9238,46,Male,98481.21,83,2022-10-20,Electronics
9239,29,Male,45032.93,82,2022-11-04,Grocery
9240,34,Other,32636.43,98,2021-11-18,Clothing
9241,61,Male,55952.44,27,2023-03-08,Furniture
9242,38,Other,128982.26,23,2021-02-27,Clothing
9243,47,Other,116122.45,9,2023-01-28,Electronics
9244,69,Female,114271.85,73,2020-11-15,Grocery
9245,51,Female,116383.42,97,2021-08-31,Grocery
9246,32,Male,21972.7,64,2021-09-27,Clothing
9247,44,Other,141673.21,18,2022-05-13,Grocery
9248,59,Other,72857.67,47,2021-05-03,Furniture
9249,54,Male,107922.13,3,2020-11-27,Sports
9250,59,Female,125615.53,62,2020-04-02,Electronics
9251,62,Other,50142.09,58,2021-03-15,Clothing
9252,59,Other,29935.04,88,2021-12-22,Sports
9253,53,Other,123985.76,82,2023-12-27,Electronics
9254,67,Male,32070.16,48,2022-06-27,Sports
9255,57,Female,72332.04,54,2020-09-18,Grocery
9256,62,Other,59784.47,54,2020-07-19,Grocery
9257,18,Male,62175.33,16,2022-09-10,Clothing
9258,62,Other,117006.24,84,2023-06-29,Clothing
9259,69,Male,28364.25,83,2022-09-21,Furniture
9260,38,Female,45542.35,23,2021-04-08,Electronics
9261,38,Other,60184.55,70,2022-02-15,Clothing
9262,43,Other,50894.37,68,2021-09-19,Furniture
9263,45,Other,121435.33,42,2023-01-04,Sports
9264,18,Other,82932.51,10,2021-12-02,Grocery
9265,69,Female,32592.79,82,2020-11-10,Furniture
9266,34,Female,76322.62,38,2021-02-27,Electronics
9267,36,Male,25899.28,68,2021-02-04,Sports
9268,27,Male,41808.52,26,2020-02-29,Sports
9269,24,Male,39501.58,35,2021-11-18,Electronics
9270,24,Female,39838.16,13,2022-08-09,Electronics
9271,20,Female,68574.18,64,2023-06-19,Electronics
9272,29,Female,102656.84,81,2023-03-18,Furniture
9273,64,Female,136187.2,77,2022-12-25,Sports
9274,68,Other,121795.7,33,2020-01-02,Furniture
9275,55,Female,71082.75,85,2021-02-18,Clothing
9276,32,Male,27530.44,46,2020-12-31,Grocery
9277,32,Female,57312.11,55,2022-03-17,Grocery
9278,23,Female,60752.01,77,2023-06-18,Grocery
9279,50,Male,87272.82,32,2020-07-07,Sports
9280,25,Male,122842.34,46,2022-02-03,Sports
9281,52,Female,93610.97,2,2022-12-30,Furniture
9282,65,Other,138215.17,12,2023-09-21,Clothing
9283,18,Male,25980.4,83,2020-12-05,Electronics
9284,42,Female,62305.65,27,2020-09-14,Electronics
9285,24,Male,44000.94,92,2020-06-17,Grocery
9286,36,Male,47468.33,23,2020-01-23,Electronics
9287,35,Male,21932.64,63,2023-04-02,Furniture
9288,51,Other,72070.99,36,2023-02-11,Clothing
9289,53,Other,90287.15,86,2023-06-25,Clothing
9290,35,Male,123346.47,95,2022-11-23,Furniture
9291,34,Other,116328.96,73,2021-10-18,Sports
9292,33,Female,43715.2,37,2021-03-12,Sports
9293,64,Other,68504.24,32,2020-04-25,Clothing
9294,37,Female,113330.66,48,2020-12-05,Clothing
9295,46,Female,131201.28,38,2020-01-31,Clothing
9296,55,Female,132895.0,52,2021-09-20,Grocery
9297,55,Female,65912.74,16,2022-11-04,Electronics
9298,18,Other,65250.63,27,2023-01-14,Sports
9299,55,Other,54730.89,47,2023-03-10,Furniture
9300,49,Female,129838.3,18,2021-10-18,Grocery
9301,36,Other,65380.09,17,2020-07-16,Grocery
9302,45,Female,97604.7,84,2023-06-30,Clothing
9303,21,Male,144705.66,65,2021-11-12,Sports
9304,27,Male,133204.35,6,2023-04-26,Electronics
9305,41,Female,82614.81,71,2021-10-07,Sports
9306,65,Other,71978.65,61,2021-06-03,Sports
9307,39,Female,111089.88,51,2020-02-05,Grocery
9308,38,Other,67699.45,31,2023-03-13,Furniture
9309,54,Other,103045.05,29,2020-08-13,Clothing
9310,51,Male,54672.45,93,2020-04-05,Sports
9311,23,Male,29911.57,39,2023-03-20,Sports
9312,61,Female,45797.01,13,2022-11-06,Clothing
9313,35,Male,117410.78,88,2020-11-10,Clothing
9314,57,Female,113685.2,39,2020-12-12,Grocery
9315,51,Female,111736.86,77,2022-07-20,Furniture
9316,59,Male,37196.86,41,2020-10-02,Furniture
9317,40,Female,51804.82,59,2020-09-15,Grocery
9318,33,Female,54674.21,94,2021-09-16,Electronics
9319,38,Female,110512.97,70,2023-10-04,Sports
9320,34,Female,50719.89,69,2023-05-27,Clothing
9321,48,Other,111793.44,67,2021-12-14,Furniture
9322,42,Female,20348.22,41,2020-04-18,Grocery
9323,28,Other,22534.93,25,2023-04-26,Clothing
9324,29,Male,57799.57,99,2020-04-12,Clothing
9325,54,Other,24493.53,5,2023-03-24,Clothing
9326,27,Other,100652.44,32,2021-05-07,Electronics
9327,32,Male,61796.98,53,2023-05-10,Electronics
9328,60,Male,99900.02,51,2020-09-04,Furniture
9329,33,Other,124769.54,12,2022-12-09,Sports
9330,58,Male,109938.12,30,2020-04-18,Furniture
9331,34,Male,146622.27,22,2023-12-29,Clothing
9332,50,Other,51177.85,68,2022-01-07,Sports
9333,25,Female,86954.39,46,2021-06-15,Furniture
9334,35,Female,55258.8,74,2021-12-21,Sports
9335,34,Other,76179.49,94,2020-05-21,Furniture
9336,59,Female,48334.41,79,2021-10-19,Sports
9337,64,Other,39566.66,57,2020-05-01,Furniture
9338,42,Male,114387.51,75,2022-06-11,Sports
9339,63,Other,105860.26,30,2021-12-20,Grocery
9340,56,Female,97587.68,1,2021-12-16,Furniture
9341,57,Female,28396.02,29,2022-02-15,Furniture
9342,57,Female,75073.13,32,2020-05-13,Electronics
9343,28,Female,65678.44,92,2021-08-30,Furniture
9344,39,Other,82497.92,85,2020-07-29,Sports
9345,28,Male,119975.33,44,2021-07-19,Sports
9346,68,Female,60462.51,90,2022-09-17,Electronics
9347,67,Male,37539.54,82,2022-04-25,Grocery
9348,29,Other,112352.33,63,2023-09-06,Electronics
9349,63,Female,71960.97,14,2021-08-28,Furniture
9350,42,Male,95783.3,83,2022-05-10,Sports
9351,48,Other,54439.25,92,2021-08-28,Furniture
9352,51,Female,121020.24,26,2021-08-10,Electronics
9353,69,Female,87072.74,86,2023-12-23,Furniture
9354,53,Female,62292.72,21,2021-01-31,Grocery
9355,31,Male,145102.67,73,2021-10-26,Electronics
9356,50,Female,109039.59,14,2022-09-24,Grocery
9357,24,Female,43943.53,21,2024-01-01,Clothing
9358,38,Other,93301.06,97,2022-05-15,Grocery
9359,19,Other,94100.48,90,2021-06-01,Clothing
9360,37,Male,123648.85,44,2022-11-09,Electronics
9361,27,Male,25258.17,43,2022-02-18,Electronics
9362,65,Other,139512.1,19,2023-05-23,Clothing
9363,46,Male,89633.35,31,2021-03-16,Furniture
9364,67,Other,115656.53,76,2020-02-07,Furniture
9365,26,Male,149157.17,77,2021-02-23,Clothing
9366,49,Other,133450.98,61,2020-07-21,Clothing
9367,62,Male,130137.01,15,2021-01-24,Sports
9368,67,Male,61287.52,54,2020-12-18,Clothing
9369,19,Male,94384.2,99,2020-09-14,Furniture
9370,67,Male,142826.49,2,2021-11-26,Clothing
9371,50,Female,73177.24,79,2023-07-05,Clothing
9372,40,Female,94694.24,23,2021-10-29,Grocery
9373,54,Other,96046.83,79,2021-07-22,Grocery
9374,66,Other,106712.61,13,2021-02-16,Electronics
9375,26,Male,69818.41,80,2023-11-13,Clothing
9376,55,Other,50315.18,22,2021-03-17,Electronics
9377,39,Other,38205.53,37,2022-05-25,Clothing
9378,65,Other,84292.04,96,2023-06-01,Furniture
9379,58,Other,99649.94,18,2024-01-01,Clothing
9380,26,Other,72710.9,65,2022-10-09,Clothing
9381,21,Male,95339.22,62,2022-12-08,Electronics
9382,21,Other,110472.27,18,2020-07-11,Clothing
9383,59,Female,149779.95,98,2021-01-15,Electronics
9384,45,Other,139420.68,61,2021-05-05,Sports
9385,66,Female,84706.5,58,2021-09-22,Sports
9386,18,Female,132997.87,28,2023-11-06,Furniture
9387,43,Female,125191.64,98,2023-05-19,Electronics
9388,54,Other,125168.62,76,2022-04-22,Sports
9389,35,Other,98041.65,25,2022-08-04,Clothing
9390,66,Female,51816.25,28,2023-09-17,Furniture
9391,38,Other,66368.78,31,2021-09-08,Electronics
9392,53,Male,104620.61,96,2023-09-20,Electronics
9393,44,Other,89559.9,22,2021-04-26,Sports
9394,21,Male,61235.67,36,2021-11-25,Electronics
9395,63,Male,109142.4,20,2021-06-09,Grocery
9396,46,Female,38273.31,35,2023-10-21,Electronics
9397,50,Female,88354.08,44,2022-06-05,Electronics
9398,62,Male,30448.86,51,2021-03-09,Clothing
9399,62,Male,28417.22,87,2022-08-27,Clothing
9400,39,Female,128441.94,81,2023-05-10,Sports
9401,19,Other,142380.9,88,2020-01-23,Clothing
9402,31,Female,137133.65,5,2021-10-22,Electronics
9403,37,Female,73961.89,97,2022-06-01,Electronics
9404,50,Other,112847.1,97,2021-09-21,Electronics
9405,40,Female,80824.96,78,2020-04-01,Sports
9406,31,Female,52172.82,59,2022-12-22,Electronics
9407,67,Other,138158.38,38,2021-01-27,Grocery
9408,44,Male,106507.49,48,2020-09-21,Grocery
9409,30,Female,26979.4,36,2021-04-24,Electronics
9410,26,Other,42747.12,40,2020-11-29,Grocery
9411,18,Other,41136.43,100,2023-03-15,Grocery
9412,47,Other,120852.0,48,2023-08-07,Sports
9413,23,Female,64973.83,91,2023-12-09,Clothing
9414,57,Female,96596.04,75,2020-03-19,Furniture
9415,65,Other,48068.03,66,2020-05-23,Clothing
9416,50,Male,80211.47,75,2021-07-30,Sports
9417,28,Male,129020.22,72,2023-05-19,Furniture
9418,67,Male,127174.65,58,2023-02-15,Electronics
9419,39,Female,118251.71,36,2022-05-28,Sports
9420,46,Female,80722.31,66,2023-04-16,Electronics
9421,54,Male,64358.3,38,2021-01-15,Sports
9422,42,Male,41270.83,35,2021-04-05,Clothing
9423,31,Male,76413.28,65,2021-04-30,Grocery
9424,41,Other,75446.23,33,2021-08-19,Electronics
9425,27,Female,106167.72,17,2020-12-24,Furniture
9426,63,Other,45948.85,54,2022-12-15,Grocery
9427,20,Male,75068.84,87,2022-06-10,Electronics
9428,56,Female,94689.66,21,2022-10-28,Furniture
9429,29,Female,146971.89,6,2023-08-30,Electronics
9430,20,Female,146546.2,64,2020-07-16,Clothing
9431,37,Male,21849.04,82,2023-04-15,Electronics
9432,25,Other,22047.09,87,2022-03-15,Furniture
9433,55,Male,68846.81,34,2022-04-02,Grocery
9434,33,Male,108304.61,12,2023-03-19,Furniture
9435,35,Male,128561.74,7,2022-09-19,Grocery
9436,25,Male,37558.3,98,2022-09-19,Sports
9437,40,Other,27487.33,96,2023-12-02,Furniture
9438,49,Female,145567.68,55,2020-03-15,Electronics
9439,67,Female,146244.48,64,2021-04-14,Sports
9440,61,Female,97590.69,65,2020-11-19,Clothing
9441,40,Female,21996.84,54,2020-06-27,Sports
9442,34,Other,25177.14,4,2023-01-06,Sports
9443,24,Female,59203.36,81,2020-06-24,Electronics
9444,22,Female,106408.12,9,2020-06-02,Grocery
9445,61,Female,22495.01,71,2021-08-18,Furniture
9446,21,Female,98952.92,19,2022-05-15,Grocery
9447,32,Other,113104.31,85,2023-06-03,Grocery
9448,39,Female,38672.2,53,2021-09-25,Electronics
9449,50,Male,25373.83,51,2022-12-24,Grocery
9450,46,Male,92884.62,98,2022-06-24,Clothing
9451,30,Female,23379.9,33,2020-04-09,Furniture
9452,29,Female,58811.92,64,2022-05-24,Clothing
9453,22,Other,110337.35,2,2020-11-03,Furniture
9454,27,Female,88161.34,71,2022-08-31,Clothing
9455,24,Female,115462.36,63,2022-07-26,Sports
9456,21,Female,54724.33,95,2020-02-03,Grocery
9457,47,Female,41218.5,59,2022-06-10,Furniture
9458,53,Other,130204.84,67,2023-08-27,Furniture
9459,52,Female,88952.71,100,2021-06-05,Electronics
9460,35,Female,101252.44,63,2023-04-01,Clothing
9461,41,Other,99288.2,22,2022-04-23,Sports
9462,20,Female,38314.33,10,2022-10-07,Clothing
9463,62,Male,77089.85,47,2022-06-23,Sports
9464,50,Female,116726.1,99,2020-03-17,Electronics
9465,32,Male,66544.82,88,2020-10-01,Grocery
9466,36,Female,31199.06,45,2020-12-15,Furniture
9467,18,Other,28230.55,91,2020-04-03,Sports
9468,39,Other,139335.8,21,2023-03-21,Clothing
9469,40,Female,73205.39,72,2022-02-21,Furniture
9470,54,Male,76879.74,74,2023-09-18,Grocery
9471,35,Other,138620.49,90,2022-06-01,Sports
9472,37,Female,126593.51,30,2021-07-30,Electronics
9473,61,Female,108665.17,45,2022-07-16,Grocery
9474,30,Other,71760.54,39,2021-02-25,Furniture
9475,19,Female,100264.71,2,2023-09-18,Furniture
9476,18,Female,115672.35,91,2022-01-16,Clothing
9477,52,Other,111601.27,87,2022-10-27,Grocery
9478,18,Male,84500.61,2,2021-08-21,Furniture
9479,67,Female,96754.12,87,2022-05-02,Clothing
9480,36,Other,78549.57,23,2023-07-27,Electronics
9481,36,Female,137255.92,6,2020-01-05,Electronics
9482,43,Female,89538.01,71,2022-12-01,Sports
9483,61,Male,36914.44,34,2021-09-09,Clothing
9484,23,Other,144033.88,21,2023-10-01,Furniture
9485,33,Male,127974.46,15,2023-10-09,Sports
9486,27,Other,64040.42,16,2021-07-08,Furniture
9487,47,Female,124331.58,90,2021-10-08,Sports
9488,33,Female,22773.81,100,2020-03-23,Sports
9489,57,Male,24181.69,26,2020-07-29,Grocery
9490,66,Female,95734.61,36,2022-04-25,Grocery
9491,43,Male,42220.27,73,2022-06-22,Furniture
9492,53,Female,22221.12,34,2022-03-06,Sports
9493,52,Other,59261.74,59,2021-02-02,Sports
9494,20,Other,22330.85,85,2022-04-06,Grocery
9495,45,Male,65503.09,24,2020-01-19,Sports
9496,51,Female,42980.25,98,2022-08-07,Electronics
9497,26,Male,147005.65,35,2021-02-02,Sports
9498,66,Male,145664.11,86,2021-07-16,Furniture
9499,30,Male,62531.87,63,2020-08-05,Sports
9500,24,Female,23131.63,57,2020-11-01,Clothing
9501,20,Male,76828.71,29,2022-07-11,Sports
9502,20,Male,89729.72,45,2020-12-16,Electronics
9503,22,Female,29570.8,88,2020-12-27,Grocery
9504,65,Other,88372.04,78,2020-01-10,Clothing
9505,19,Female,82307.49,82,2022-11-11,Grocery
9506,31,Female,79849.34,93,2022-02-13,Clothing
9507,58,Male,20733.05,3,2020-05-09,Furniture
9508,60,Other,81201.79,50,2021-03-06,Grocery
9509,42,Female,64320.89,90,2021-11-28,Sports
9510,66,Female,20477.89,53,2023-07-07,Grocery
9511,25,Male,130413.14,13,2022-06-19,Clothing
9512,50,Female,44722.13,29,2022-12-29,Sports
9513,69,Other,131914.75,63,2023-02-04,Furniture
9514,40,Other,64101.2,77,2022-04-25,Clothing
9515,36,Other,113007.39,16,2020-07-30,Furniture
9516,33,Male,95301.9,85,2023-01-26,Furniture
9517,60,Other,103312.49,11,2020-08-12,Sports
9518,67,Other,129007.7,50,2022-02-18,Clothing
9519,48,Female,130449.04,69,2023-06-25,Clothing
9520,24,Female,122548.77,88,2020-11-28,Clothing
9521,60,Male,49381.54,77,2023-08-23,Clothing
9522,69,Other,101538.81,86,2023-05-14,Electronics
9523,49,Other,44717.8,74,2023-07-02,Sports
9524,39,Female,25436.23,73,2021-07-05,Grocery
9525,28,Male,149870.93,41,2021-08-29,Furniture
9526,33,Female,119231.06,80,2020-08-30,Electronics
9527,65,Other,51004.46,59,2021-04-15,Grocery
9528,57,Male,134879.56,38,2022-01-12,Sports
9529,62,Male,39330.33,73,2020-12-27,Sports
9530,54,Male,47453.72,6,2022-06-28,Furniture
9531,39,Male,38776.58,24,2022-08-22,Clothing
9532,36,Other,36084.84,51,2022-01-16,Electronics
9533,56,Male,134065.79,47,2020-01-12,Sports
9534,63,Male,67941.0,86,2020-02-19,Grocery
9535,62,Female,86111.07,30,2020-11-18,Furniture
9536,47,Female,63287.86,71,2021-04-16,Furniture
9537,67,Other,69446.19,14,2022-04-07,Grocery
9538,21,Male,148051.06,10,2022-05-05,Grocery
9539,20,Female,28604.45,81,2021-09-19,Clothing
9540,60,Female,138672.53,48,2023-06-21,Clothing
9541,62,Male,47134.86,80,2020-05-15,Electronics
9542,65,Female,81744.47,74,2021-10-20,Grocery
9543,62,Male,75282.48,9,2023-02-22,Grocery
9544,69,Female,33198.56,60,2023-05-26,Grocery
9545,49,Male,135978.4,63,2021-01-05,Clothing
9546,69,Female,60401.41,13,2022-01-30,Sports
9547,51,Male,59039.36,68,2020-10-03,Grocery
9548,44,Male,55064.83,65,2021-01-05,Electronics
9549,19,Male,67158.99,57,2022-09-08,Clothing
9550,57,Other,149800.82,77,2023-08-15,Furniture
9551,21,Other,34590.89,30,2022-11-14,Electronics
9552,49,Female,40528.18,48,2022-09-17,Furniture
9553,26,Male,60648.37,67,2023-07-15,Electronics
9554,23,Male,83522.77,36,2022-04-21,Clothing
9555,50,Female,114337.25,1,2023-05-22,Clothing
9556,50,Other,34341.34,6,2022-06-10,Sports
9557,68,Other,23854.04,3,2023-03-29,Furniture
9558,33,Other,89355.26,37,2020-04-12,Furniture
9559,60,Male,133697.24,53,2020-06-29,Clothing
9560,23,Male,148211.51,69,2023-04-22,Furniture
9561,31,Male,129950.62,28,2022-05-09,Clothing
9562,28,Other,89413.24,86,2021-05-04,Sports
9563,46,Other,71912.36,75,2022-06-20,Clothing
9564,33,Female,99639.02,21,2023-01-29,Sports
9565,58,Male,146156.27,26,2021-08-27,Grocery
9566,27,Male,94634.84,8,2020-02-12,Sports
9567,20,Male,44278.92,91,2023-10-26,Furniture
9568,64,Male,104537.6,91,2023-02-14,Sports
9569,39,Female,44547.38,39,2023-05-12,Furniture
9570,33,Female,31299.75,51,2021-01-07,Grocery
9571,61,Other,39622.41,47,2020-01-02,Furniture
9572,19,Male,137048.6,76,2021-10-10,Grocery
9573,60,Male,25951.11,23,2023-12-30,Grocery
9574,50,Male,120078.88,65,2020-06-12,Furniture
9575,47,Male,32151.42,81,2022-01-16,Electronics
9576,36,Male,128991.98,66,2022-02-17,Clothing
9577,55,Other,33604.0,61,2022-03-16,Electronics
9578,45,Female,101494.84,41,2021-06-24,Furniture
9579,49,Other,40977.03,5,2023-02-27,Electronics
9580,50,Male,53062.19,88,2022-11-29,Grocery
9581,43,Female,117349.52,45,2021-12-15,Grocery
9582,21,Male,133779.78,47,2021-09-28,Clothing
9583,21,Male,48107.05,99,2020-03-26,Furniture
9584,63,Female,71018.24,42,2022-09-23,Electronics
9585,68,Male,99608.03,44,2021-06-08,Furniture
9586,37,Other,41254.87,44,2022-04-23,Electronics
9587,47,Male,74592.59,89,2022-06-13,Sports
9588,61,Other,108633.04,64,2020-07-14,Clothing
9589,39,Female,73205.03,3,2022-07-16,Electronics
9590,35,Male,81441.12,38,2021-04-05,Sports
9591,42,Male,94378.23,42,2020-09-13,Grocery
9592,61,Male,81634.47,12,2020-11-15,Sports
9593,22,Male,104745.55,55,2023-02-18,Electronics
9594,48,Female,121553.21,4,2022-07-16,Furniture
9595,52,Male,112255.75,22,2020-05-31,Furniture
9596,55,Male,64407.91,36,2022-02-11,Furniture
9597,62,Other,80998.91,23,2022-01-15,Clothing
9598,68,Male,62637.2,19,2022-03-23,Electronics
9599,36,Other,37230.4,83,2021-11-06,Grocery
9600,41,Other,27241.8,14,2020-10-24,Grocery
9601,31,Female,53607.77,30,2020-06-28,Electronics
9602,39,Other,141882.41,15,2020-12-12,Clothing
9603,61,Female,148144.32,26,2020-07-12,Clothing
9604,21,Female,123549.22,84,2023-04-23,Grocery
9605,19,Female,98743.36,70,2020-06-16,Clothing
9606,19,Male,42316.05,42,2021-10-11,Sports
9607,58,Female,134496.26,91,2021-11-16,Sports
9608,42,Other,141841.66,82,2022-12-26,Furniture
9609,68,Female,111788.27,94,2020-03-21,Furniture
9610,64,Male,59633.92,56,2022-04-03,Clothing
9611,65,Male,44281.39,37,2021-03-05,Sports
9612,46,Other,131064.11,88,2023-01-21,Sports
9613,32,Other,144288.05,44,2023-08-18,Clothing
9614,69,Female,147904.03,59,2020-03-03,Grocery
9615,48,Male,39315.87,2,2023-11-06,Furniture
9616,69,Female,96704.36,67,2020-11-28,Grocery
9617,26,Female,108768.09,86,2021-06-19,Electronics
9618,46,Female,137634.24,86,2023-05-24,Clothing
9619,46,Male,112002.1,38,2021-03-23,Furniture
9620,28,Other,50619.46,46,2023-10-14,Clothing
9621,38,Other,131977.41,35,2020-04-05,Clothing
9622,51,Female,144343.74,99,2021-11-02,Grocery
9623,19,Male,27494.87,17,2023-04-19,Clothing
9624,58,Other,32446.63,82,2020-02-25,Electronics
9625,59,Male,57684.63,89,2021-04-13,Furniture
9626,58,Female,140487.07,49,2022-12-23,Sports
9627,18,Female,144840.87,17,2022-09-16,Grocery
9628,31,Male,91608.41,51,2020-01-27,Clothing
9629,43,Male,65923.35,51,2023-07-07,Clothing
9630,34,Male,141027.62,32,2021-04-21,Clothing
9631,51,Male,79468.87,87,2022-05-27,Grocery
9632,58,Male,113657.79,71,2022-01-23,Furniture
9633,19,Other,61198.19,97,2021-08-02,Furniture
9634,35,Female,44152.11,4,2021-02-13,Sports
9635,46,Other,58369.14,3,2022-01-03,Electronics
9636,47,Female,69944.18,30,2023-11-25,Clothing
9637,22,Male,45213.64,14,2020-11-23,Sports
9638,26,Male,130955.35,82,2021-02-28,Clothing
9639,19,Male,74823.95,62,2023-08-17,Electronics
9640,55,Male,60288.75,49,2022-08-07,Furniture
9641,62,Female,122183.65,57,2023-08-29,Clothing
9642,36,Other,134726.81,40,2022-01-25,Clothing
9643,62,Other,34697.43,86,2021-07-13,Sports
9644,39,Male,136422.69,91,2022-11-17,Clothing
9645,57,Female,147326.61,96,2023-04-27,Furniture
9646,54,Other,34094.82,44,2023-05-16,Electronics
9647,66,Male,117792.21,70,2022-02-19,Grocery
9648,31,Male,131422.1,79,2020-08-07,Furniture
9649,57,Male,82846.8,28,2022-09-09,Grocery
9650,69,Male,72324.71,97,2022-05-23,Electronics
9651,64,Male,26852.91,40,2021-06-06,Furniture
9652,31,Female,144075.95,8,2022-06-26,Electronics
9653,58,Male,147038.82,72,2023-08-02,Furniture
9654,37,Female,87136.02,6,2020-10-08,Grocery
9655,69,Other,98539.95,78,2022-08-29,Clothing
9656,42,Female,77521.42,69,2023-10-16,Sports
9657,52,Male,94575.39,35,2023-01-25,Furniture
9658,47,Female,92244.55,49,2021-01-18,Electronics
9659,59,Female,64348.84,99,2020-01-22,Clothing
9660,59,Male,68636.99,66,2020-07-22,Electronics
9661,57,Other,111261.0,22,2021-04-29,Sports
9662,51,Other,107516.86,87,2020-04-11,Grocery
9663,47,Other,101931.84,51,2022-09-21,Grocery
9664,47,Female,65521.36,29,2023-01-22,Grocery
9665,25,Other,140180.25,14,2020-10-05,Furniture
9666,38,Female,102335.97,54,2022-01-15,Electronics
9667,30,Male,113379.96,21,2023-05-09,Sports
9668,31,Female,90255.24,88,2023-04-24,Grocery
9669,66,Male,37560.1,38,2021-07-21,Furniture
9670,59,Female,120218.99,13,2023-12-26,Furniture
9671,25,Female,22144.64,66,2021-09-03,Grocery
9672,49,Male,28511.66,63,2021-02-21,Furniture
9673,27,Other,105468.38,62,2022-10-03,Sports
9674,58,Other,52750.33,77,2021-07-26,Electronics
9675,22,Female,132411.57,48,2021-04-22,Furniture
9676,54,Other,90921.63,71,2022-07-20,Grocery
9677,42,Female,81766.15,81,2022-06-11,Furniture
9678,45,Other,37521.69,92,2022-09-22,Clothing
9679,58,Female,82420.54,19,2022-08-10,Furniture
9680,52,Female,47441.81,2,2022-07-31,Grocery
9681,45,Male,93472.82,40,2023-07-29,Grocery
9682,39,Female,119326.36,77,2023-07-09,Grocery
9683,54,Male,92930.19,86,2023-05-11,Electronics
9684,35,Other,23469.14,27,2023-11-16,Sports
9685,42,Female,87289.46,75,2022-01-25,Sports
9686,49,Other,115486.12,87,2021-09-08,Clothing
9687,48,Female,51673.18,46,2020-02-18,Electronics
9688,26,Female,139041.18,46,2023-05-04,Grocery
9689,48,Other,118606.6,5,2021-10-17,Electronics
9690,23,Female,85299.5,83,2022-12-12,Grocery
9691,36,Other,37168.36,92,2023-07-30,Sports
9692,38,Male,34573.16,81,2021-12-07,Furniture
9693,42,Male,104955.68,31,2022-01-14,Clothing
9694,50,Other,94806.86,95,2020-02-13,Furniture
9695,50,Female,24116.13,87,2023-03-24,Electronics
9696,47,Female,139154.87,47,2020-11-24,Grocery
9697,64,Male,57604.86,62,2021-08-17,Grocery
9698,65,Female,119724.74,18,2021-09-22,Sports
9699,41,Other,148659.18,5,2021-12-27,Furniture
9700,22,Female,35351.06,5,2020-08-20,Grocery
9701,25,Other,92209.13,97,2021-04-18,Furniture
9702,32,Male,95942.7,44,2020-04-16,Furniture
9703,29,Female,27344.95,25,2021-04-29,Furniture
9704,49,Female,74752.01,15,2021-09-19,Furniture
9705,22,Male,88357.85,26,2022-04-21,Grocery
9706,24,Other,121976.58,40,2021-10-12,Sports
9707,67,Female,99086.36,65,2023-06-21,Electronics
9708,58,Other,140528.71,67,2023-11-03,Clothing
9709,59,Female,53407.09,49,2020-12-13,Sports
9710,21,Male,56215.04,40,2022-02-06,Sports
9711,44,Other,81511.94,13,2020-12-06,Furniture
9712,25,Other,32289.62,56,2021-10-16,Furniture
9713,31,Other,115543.08,85,2021-11-02,Grocery
9714,55,Female,114651.58,13,2020-06-13,Furniture
9715,41,Male,115304.34,61,2022-10-07,Furniture
9716,50,Male,29460.75,67,2022-10-26,Sports
9717,29,Female,71644.49,89,2021-10-02,Furniture
9718,26,Other,97822.21,84,2021-05-27,Furniture
9719,69,Male,90859.57,43,2023-08-15,Furniture
9720,53,Female,123495.2,40,2023-08-06,Sports
9721,60,Male,56996.09,53,2021-01-22,Grocery
9722,19,Female,66395.97,57,2020-11-15,Electronics
9723,21,Female,87677.43,17,2021-06-23,Clothing
9724,64,Other,67745.3,42,2022-02-11,Grocery
9725,63,Male,42334.72,41,2023-04-28,Electronics
9726,37,Male,41128.42,29,2021-11-22,Clothing
9727,57,Other,38454.08,3,2021-09-12,Sports
9728,48,Other,89912.22,93,2023-04-05,Clothing
9729,41,Other,73930.63,38,2022-10-31,Electronics
9730,19,Other,24711.95,26,2021-01-16,Electronics
9731,66,Female,56642.48,82,2022-07-02,Sports
9732,66,Other,114438.09,94,2023-05-05,Furniture
9733,31,Male,114082.95,18,2023-07-11,Sports
9734,45,Other,141236.15,32,2022-11-17,Sports
9735,45,Male,98320.19,32,2021-08-22,Sports
9736,18,Other,95110.78,88,2022-02-24,Grocery
9737,33,Other,64898.31,84,2022-03-23,Sports
9738,27,Other,50012.96,70,2020-05-30,Clothing
9739,29,Other,81949.39,1,2022-03-06,Clothing
9740,64,Other,59517.06,97,2020-08-16,Grocery
9741,43,Female,63841.47,26,2021-06-20,Clothing
9742,60,Male,104342.09,57,2020-01-24,Grocery
9743,25,Female,78723.22,43,2020-03-09,Grocery
9744,24,Female,119170.55,76,2023-12-12,Sports
9745,43,Female,136473.13,33,2021-10-18,Electronics
9746,59,Other,147895.15,41,2022-08-21,Furniture
9747,37,Female,77647.25,9,2022-01-18,Furniture
9748,66,Female,90638.75,55,2023-12-05,Clothing
9749,62,Male,129652.92,21,2021-09-06,Sports
9750,30,Other,98093.37,22,2020-10-09,Electronics
9751,59,Male,146242.32,93,2023-03-19,Clothing
9752,48,Male,123171.39,1,2021-07-14,Grocery
9753,26,Other,44863.55,80,2021-01-10,Grocery
9754,42,Other,65873.08,17,2020-03-28,Grocery
9755,48,Male,22665.86,65,2022-03-16,Clothing
9756,37,Male,96857.24,38,2023-01-19,Furniture
9757,59,Other,92841.01,99,2022-01-02,Furniture
9758,59,Other,94663.75,14,2022-07-09,Electronics
9759,24,Other,60097.96,85,2023-09-15,Electronics
9760,48,Other,132007.96,6,2020-04-24,Sports
9761,44,Male,96501.03,56,2022-09-23,Sports
9762,19,Female,88845.94,15,2021-05-08,Grocery
9763,28,Male,49064.06,60,2020-04-10,Sports
9764,53,Female,98687.98,59,2020-05-30,Clothing
9765,19,Female,124372.02,35,2023-10-13,Grocery
9766,46,Female,130007.47,64,2020-01-31,Electronics
9767,29,Male,72169.55,59,2020-12-31,Grocery
9768,53,Male,145457.62,56,2021-12-07,Furniture
9769,29,Other,134807.27,2,2021-10-06,Grocery
9770,53,Male,110298.57,28,2020-11-02,Sports
9771,30,Other,138988.41,77,2023-02-24,Grocery
9772,29,Other,31905.07,74,2021-06-25,Electronics
9773,53,Other,140387.94,68,2022-08-25,Furniture
9774,39,Other,60437.97,6,2021-01-27,Sports
9775,39,Male,41692.54,44,2022-12-02,Electronics
9776,44,Female,63315.56,48,2021-01-24,Electronics
9777,22,Female,79110.34,48,2022-03-23,Clothing
9778,47,Female,36517.53,12,2023-01-23,Furniture
9779,66,Other,133609.33,7,2023-08-15,Sports
9780,69,Male,102911.86,88,2023-12-08,Grocery
9781,43,Other,120286.54,65,2021-04-20,Grocery
9782,35,Female,92787.43,5,2020-09-04,Grocery
9783,67,Male,38255.52,65,2023-01-03,Sports
9784,41,Other,119470.92,16,2020-10-21,Furniture
9785,37,Other,41963.91,69,2022-06-02,Electronics
9786,37,Male,63610.04,36,2020-06-11,Grocery
9787,59,Female,65918.82,95,2021-06-21,Sports
9788,22,Male,97820.94,72,2021-04-26,Grocery
9789,57,Male,148277.05,97,2022-10-03,Grocery
9790,53,Other,98305.75,48,2020-11-10,Sports
9791,55,Female,60683.51,73,2020-10-24,Grocery
9792,61,Female,145820.08,8,2021-12-13,Clothing
9793,30,Female,126487.22,35,2022-09-26,Sports
9794,35,Other,83635.61,6,2022-04-20,Clothing
9795,27,Male,53081.14,88,2022-03-27,Sports
9796,59,Other,138679.65,85,2023-05-21,Grocery
9797,57,Other,59919.57,34,2021-09-03,Clothing
9798,69,Male,60053.86,61,2020-10-18,Clothing
9799,54,Female,27017.5,99,2020-06-22,Furniture
9800,45,Other,138438.52,100,2021-09-06,Sports
9801,38,Female,76267.53,80,2020-06-22,Furniture
9802,65,Other,82542.43,47,2021-10-06,Clothing
9803,30,Male,122698.19,21,2021-01-22,Sports
9804,31,Male,92642.12,91,2020-08-15,Clothing
9805,20,Female,40794.22,80,2022-03-16,Clothing
9806,32,Male,59349.64,30,2020-02-27,Clothing
9807,19,Male,60734.52,91,2022-03-23,Furniture
9808,39,Female,110269.2,23,2023-04-05,Electronics
9809,27,Male,147878.12,54,2022-01-03,Electronics
9810,25,Female,79488.56,40,2022-09-16,Clothing
9811,19,Other,128026.37,4,2023-03-22,Sports
9812,40,Other,50387.67,74,2021-03-17,Electronics
9813,27,Other,102525.26,94,2022-04-16,Grocery
9814,34,Female,82690.89,63,2021-03-22,Furniture
9815,19,Male,129442.29,10,2023-12-15,Electronics
9816,44,Male,59135.24,97,2023-11-13,Sports
9817,27,Other,66481.12,49,2021-03-10,Grocery
9818,36,Male,59158.91,28,2020-06-14,Furniture
9819,37,Male,89089.36,18,2022-08-29,Furniture
9820,29,Female,131040.19,70,2020-05-29,Clothing
9821,68,Male,143661.82,8,2021-07-09,Grocery
9822,50,Other,44469.68,18,2020-01-18,Sports
9823,27,Other,35299.51,21,2020-10-26,Clothing
9824,30,Male,32645.26,18,2022-02-09,Grocery
9825,41,Male,104141.7,4,2020-11-11,Grocery
9826,49,Female,97836.09,82,2021-04-02,Electronics
9827,43,Other,74797.87,95,2022-10-06,Sports
9828,66,Other,113398.47,1,2020-08-17,Sports
9829,69,Male,132205.85,73,2020-03-17,Clothing
9830,51,Male,114697.38,28,2020-06-20,Sports
9831,28,Female,120753.33,100,2023-05-18,Sports
9832,43,Other,33528.14,99,2020-04-16,Sports
9833,45,Other,65667.43,99,2020-10-31,Electronics
9834,25,Other,83890.51,50,2020-02-21,Grocery
9835,28,Other,89417.28,54,2023-07-13,Furniture
9836,20,Other,136885.65,83,2021-12-01,Sports
9837,50,Other,60761.5,36,2023-10-04,Furniture
9838,46,Other,61286.16,27,2023-09-07,Electronics
9839,19,Female,57828.45,43,2022-10-17,Sports
9840,53,Female,137580.4,13,2022-11-04,Grocery
9841,45,Male,122189.15,47,2021-03-31,Grocery
9842,60,Male,118529.82,77,2020-11-19,Electronics
9843,59,Other,109194.82,16,2023-02-22,Sports
9844,56,Female,93146.18,26,2021-05-24,Electronics
9845,34,Female,29372.83,81,2022-11-11,Sports
9846,66,Female,75396.02,73,2021-08-01,Clothing
9847,29,Female,111393.62,17,2020-10-13,Electronics
9848,68,Female,27751.77,66,2020-04-16,Sports
9849,33,Other,112996.62,47,2023-03-23,Grocery
9850,18,Female,33112.44,3,2021-08-30,Electronics
9851,20,Other,103089.05,90,2020-06-16,Clothing
9852,57,Other,23932.29,48,2023-03-17,Furniture
9853,53,Other,96455.63,12,2021-01-09,Electronics
9854,21,Female,49411.08,4,2023-05-24,Sports
9855,63,Other,79557.37,12,2020-03-12,Furniture
9856,59,Male,97852.95,32,2023-09-09,Electronics
9857,20,Male,99500.65,82,2021-05-15,Clothing
9858,21,Other,20905.47,64,2020-04-13,Grocery
9859,54,Male,45278.19,71,2020-02-08,Furniture
9860,39,Male,142365.05,20,2021-09-09,Grocery
9861,64,Female,43308.24,100,2021-01-03,Furniture
9862,60,Female,132348.6,2,2023-07-31,Sports
9863,36,Other,40116.69,34,2021-07-16,Electronics
9864,53,Other,132136.09,24,2023-06-28,Electronics
9865,42,Female,120505.61,76,2023-11-15,Furniture
9866,54,Female,91050.31,56,2023-04-01,Sports
9867,47,Other,61880.66,26,2021-02-28,Sports
9868,29,Male,85044.02,81,2020-08-04,Furniture
9869,67,Male,40937.87,96,2023-07-31,Electronics
9870,55,Female,61360.64,43,2023-08-06,Sports
9871,54,Female,55728.97,54,2021-07-18,Sports
9872,19,Male,135065.41,29,2023-09-19,Sports
9873,20,Other,105820.8,91,2022-11-09,Sports
9874,51,Female,33934.53,87,2023-04-11,Furniture
9875,30,Male,126252.2,43,2022-10-09,Electronics
9876,41,Other,68451.29,29,2021-05-08,Grocery
9877,19,Female,103691.46,67,2023-11-07,Grocery
9878,34,Female,144596.85,89,2023-03-04,Clothing
9879,69,Female,134573.43,37,2021-05-29,Furniture
9880,35,Female,137739.67,95,2021-06-14,Electronics
9881,29,Female,134650.66,56,2023-05-01,Sports
9882,67,Male,137494.39,43,2020-01-08,Clothing
9883,30,Male,51676.85,42,2021-03-28,Clothing
9884,43,Other,115794.3,57,2020-12-28,Furniture
9885,51,Female,135917.74,55,2022-02-18,Sports
9886,68,Other,72151.29,77,2022-02-18,Sports
9887,56,Male,105667.65,49,2021-05-29,Grocery
9888,69,Male,115478.26,54,2021-11-09,Grocery
9889,41,Male,95643.67,92,2023-01-08,Furniture
9890,22,Female,54952.25,12,2021-07-30,Sports
9891,63,Other,123584.62,18,2020-12-15,Grocery
9892,29,Male,122892.37,5,2020-05-31,Electronics
9893,68,Other,60257.46,49,2022-11-26,Furniture
9894,20,Female,105016.43,51,2021-01-11,Sports
9895,58,Other,100237.92,44,2021-11-24,Grocery
9896,45,Female,21593.4,58,2022-08-02,Sports
9897,64,Male,127081.17,32,2023-10-15,Grocery
9898,50,Male,96138.59,90,2020-07-10,Electronics
9899,19,Other,21740.06,88,2022-12-11,Furniture
9900,51,Female,125993.83,92,2020-01-28,Electronics
9901,67,Male,127204.51,50,2021-08-22,Sports
9902,57,Male,111855.94,86,2021-10-20,Grocery
9903,45,Female,24090.28,7,2022-05-04,Grocery
9904,27,Other,81845.56,16,2020-11-20,Electronics
9905,68,Male,50877.33,18,2020-12-13,Sports
9906,23,Male,55011.5,17,2020-12-29,Grocery
9907,63,Male,145309.0,55,2023-01-26,Grocery
9908,40,Other,132828.65,41,2020-02-07,Grocery
9909,51,Female,122197.14,16,2020-05-28,Clothing
9910,33,Other,30612.86,54,2022-06-11,Clothing
9911,28,Male,149238.16,68,2022-08-24,Furniture
9912,50,Other,38229.31,97,2021-09-27,Grocery
9913,36,Female,56532.54,4,2021-02-05,Sports
9914,54,Other,24591.3,47,2020-05-17,Clothing
9915,53,Male,49634.29,18,2021-03-19,Furniture
9916,58,Male,144821.79,52,2020-05-06,Electronics
9917,27,Other,142537.02,6,2022-07-26,Furniture
9918,49,Female,44106.01,30,2022-01-16,Furniture
9919,46,Other,21104.95,16,2023-09-10,Grocery
9920,60,Female,50695.0,98,2021-03-11,Grocery
9921,31,Female,66832.54,54,2021-03-14,Grocery
9922,45,Female,65066.77,29,2023-07-02,Electronics
9923,57,Male,147485.05,71,2022-06-18,Clothing
9924,23,Female,133921.72,96,2020-07-30,Clothing
9925,64,Female,98439.84,32,2022-07-27,Sports
9926,30,Female,23552.7,71,2021-07-24,Furniture
9927,61,Female,61786.67,45,2021-01-22,Sports
9928,22,Female,22338.31,12,2022-03-08,Furniture
9929,52,Female,47410.84,79,2020-04-08,Clothing
9930,22,Other,75811.06,77,2023-06-13,Sports
9931,31,Other,52834.92,45,2021-05-17,Electronics
9932,58,Male,128497.25,33,2022-01-02,Grocery
9933,31,Female,25999.13,46,2023-02-12,Furniture
9934,30,Female,110793.58,59,2022-05-06,Electronics
9935,40,Other,32974.05,28,2022-05-10,Furniture
9936,52,Female,109882.12,89,2021-04-18,Electronics
9937,68,Male,68781.66,81,2020-06-05,Sports
9938,62,Female,123021.59,67,2022-11-27,Grocery
9939,32,Other,131478.47,58,2022-01-14,Sports
9940,69,Male,97283.95,4,2023-11-02,Sports
9941,66,Other,77435.28,24,2021-11-06,Furniture
9942,20,Female,30412.24,5,2020-07-25,Sports
9943,48,Male,54703.87,63,2022-03-22,Electronics
9944,28,Male,60034.72,57,2020-12-22,Sports
9945,24,Male,57042.95,59,2023-08-29,Furniture
9946,22,Female,50470.22,70,2021-02-10,Grocery
9947,55,Other,86177.73,8,2020-11-07,Electronics
9948,18,Male,21336.18,39,2023-01-07,Sports
9949,42,Male,131449.7,73,2023-07-07,Furniture
9950,50,Other,97361.92,88,2021-04-19,Clothing
9951,29,Other,49772.6,72,2021-06-08,Sports
9952,57,Female,68161.46,53,2022-03-18,Furniture
9953,18,Female,28183.46,95,2021-06-10,Grocery
9954,26,Male,103693.38,48,2022-10-02,Grocery
9955,25,Other,144869.94,92,2022-08-04,Clothing
9956,31,Other,97627.01,43,2020-02-03,Electronics
9957,39,Female,144522.04,93,2021-10-30,Electronics
9958,67,Male,127612.49,7,2021-05-22,Clothing
9959,51,Female,29647.02,76,2020-11-19,Electronics
9960,53,Female,22885.31,14,2020-09-30,Electronics
9961,44,Female,42808.71,69,2021-05-10,Grocery
9962,20,Male,51811.5,41,2023-09-24,Grocery
9963,54,Male,136560.64,95,2022-04-05,Clothing
9964,43,Male,144514.97,64,2021-04-17,Grocery
9965,31,Male,71722.1,52,2023-08-17,Sports
9966,55,Female,84868.94,33,2021-03-27,Furniture
9967,23,Male,146845.87,20,2021-09-08,Clothing
9968,64,Other,109738.0,32,2022-10-26,Electronics
9969,33,Male,92013.37,36,2022-12-07,Furniture
9970,54,Other,88927.31,99,2020-10-22,Grocery
9971,25,Other,119835.3,27,2022-05-15,Furniture
9972,20,Other,24097.88,32,2022-11-01,Sports
9973,67,Other,57361.13,29,2023-04-05,Grocery
9974,42,Male,29981.11,15,2020-08-03,Clothing
9975,23,Female,41680.8,13,2021-04-22,Sports
9976,40,Male,76084.04,59,2020-01-28,Furniture
9977,19,Other,95392.5,44,2023-02-12,Grocery
9978,37,Other,75426.98,49,2022-12-29,Sports
9979,37,Female,109096.11,64,2020-02-18,Furniture
9980,24,Female,49193.48,18,2023-12-08,Sports
9981,53,Male,93387.33,76,2021-01-03,Sports
9982,42,Other,49278.58,21,2021-09-14,Sports
9983,31,Other,125979.84,1,2023-08-31,Furniture
9984,22,Other,144177.38,60,2022-12-12,Sports
9985,49,Other,78334.34,54,2020-05-04,Furniture
9986,29,Male,126704.17,9,2022-12-29,Sports
9987,54,Male,39650.5,9,2022-09-24,Furniture
9988,69,Other,134049.94,90,2021-09-20,Clothing
9989,69,Female,31099.9,80,2023-12-03,Grocery
9990,37,Other,118164.07,65,2020-05-18,Grocery
9991,24,Other,108609.03,52,2021-11-26,Furniture
9992,62,Other,36864.64,69,2023-05-27,Furniture
9993,43,Female,103375.44,12,2023-04-05,Furniture
9994,21,Other,98630.05,40,2022-10-04,Grocery
9995,21,Female,24477.87,97,2020-07-03,Clothing
9996,64,Male,34559.71,8,2023-06-09,Grocery
9997,64,Other,62044.52,83,2023-08-14,Sports
9998,61,Female,20361.15,46,2020-04-09,Electronics
9999,52,Male,84083.5,58,2020-08-21,Clothing
10000,36,Female,103652.97,61,2020-05-29,Sports
